# Blender v3.5.1 OBJ File: 'tezgahv2.blend'
# www.blender.org
o Cube.001_Cube.021
v 208.343735 0.322979 -3.126718
v 208.343735 2.322979 -3.126718
v 208.343735 0.322979 3.001734
v 208.343735 2.322979 3.001734
v 17.523544 0.322979 -3.126718
v 17.523544 2.322979 -3.126718
v 17.523548 0.322979 -1.126718
v 17.523548 2.322979 -1.126718
v 113.447044 0.322979 -0.017895
v 113.447037 2.322979 -0.017895
v 113.447037 0.322979 -3.126718
v 113.447044 2.322979 -3.126718
v 116.675522 0.322979 1.189281
v 116.675522 2.322979 -3.126718
v 116.675507 2.322979 1.189281
v 116.675507 0.322979 -3.126718
v 108.347794 2.322979 -0.917910
v 108.347794 0.322979 -3.126718
v 108.347809 0.322979 -0.917910
v 108.347809 2.322979 -3.126718
v 121.316772 0.322979 2.030859
v 121.316788 2.322979 -3.126718
v 121.316772 2.322979 2.030859
v 121.316772 0.322979 -3.126718
v 17.008198 0.322979 -3.036108
v 17.008198 2.322979 -3.036108
v 17.008198 0.322979 -1.217329
v 17.008198 2.322979 -1.217329
v 16.562725 0.322979 -2.836465
v 16.562725 2.322979 -2.836465
v 16.562725 0.322979 -1.416971
v 16.562725 2.322979 -1.416971
v 16.195866 0.322979 -2.615321
v 16.195866 2.322979 -2.615321
v 16.195866 0.322979 -1.638116
v 16.195866 2.322979 -1.638116
vt 0.368571 0.637170
vt 0.366936 0.629167
vt 0.368571 0.629167
vt 0.441482 0.090977
vt 0.449484 0.067390
vt 0.449484 0.090977
vt 0.449484 0.055813
vt 0.441482 0.055952
vt 0.441482 0.055813
vt 0.441482 0.028400
vt 0.449484 0.005416
vt 0.449484 0.028400
vt 0.368038 0.335844
vt 0.368571 0.360071
vt 0.367982 0.360071
vt 0.459489 0.258921
vt 0.460865 0.235707
vt 0.460865 0.258921
vt 0.460276 0.262381
vt 0.460865 0.261020
vt 0.460865 0.262381
vt 0.367742 0.361431
vt 0.368571 0.362292
vt 0.367420 0.362292
vt 0.441482 0.031825
vt 0.449484 0.030479
vt 0.449484 0.031825
vt 0.441482 0.093268
vt 0.449484 0.092356
vt 0.449484 0.093268
vt 0.441482 0.094525
vt 0.449484 0.094525
vt 0.368571 0.363530
vt 0.367195 0.363530
vt 0.460035 0.261020
vt 0.460865 0.260159
vt 0.441482 0.030479
vt 0.449484 0.029626
vt 0.460331 0.286607
vt 0.460865 0.286607
vt 0.368571 0.361431
vt 0.441482 0.092356
vt 0.368571 0.386744
vt 0.366936 0.386744
vt 0.441482 0.117173
vt 0.449484 0.117173
vt 0.459713 0.260159
vt 0.441482 0.029626
vt 0.449484 0.055952
vt 0.441482 0.056077
vt 0.368547 0.335706
vt 0.368571 0.335844
vt 0.460355 0.286745
vt 0.441482 0.067390
vt 0.449484 0.067251
vt 0.368115 0.335588
vt 0.368435 0.335490
vt 0.368494 0.335588
vt 0.460840 0.286745
vt 0.460409 0.286864
vt 0.441482 0.067251
vt 0.449484 0.067123
vt 0.273433 0.694095
vt 0.273172 0.686093
vt 0.273433 0.686093
vt 0.460787 0.286864
vt 0.460468 0.286962
vt 0.441482 0.067123
vt 0.449484 0.067014
vt 0.449484 0.056077
vt 0.441482 0.056182
vt 0.366936 0.637170
vt 0.441482 0.005416
vt 0.459230 0.235707
vt 0.368062 0.335706
vt 0.368174 0.335490
vt 0.273172 0.694095
vt 0.460728 0.286962
vt 0.441482 0.067014
vt 0.449484 0.056182
vn 1.0000 0.0000 0.0000
vn -0.0023 -0.0000 1.0000
vn -0.1732 0.0000 -0.9849
vn 0.0000 0.0000 -1.0000
vn 0.0000 -1.0000 0.0000
vn 0.0000 1.0000 -0.0000
vn -0.3502 0.0000 0.9367
vn -0.1784 0.0000 0.9840
vn -0.1738 -0.0000 0.9848
vn -0.0112 0.0000 0.9999
vn -0.4090 0.0000 -0.9125
vn -0.1732 0.0000 0.9849
vn -0.4090 0.0000 0.9125
vn -1.0000 0.0000 0.0000
vn -0.5163 0.0000 0.8564
vn -0.5163 0.0000 -0.8564
s off
f 2/1/1 3/2/1 1/3/1
f 17/4/2 7/5/2 19/6/2
f 5/7/3 26/8/3 6/9/3
f 22/10/4 1/11/4 24/12/4
f 7/13/5 18/14/5 19/15/5
f 23/16/6 2/17/6 22/18/6
f 17/19/6 12/20/6 20/21/6
f 9/22/5 16/23/5 13/24/5
f 20/25/4 11/26/4 18/27/4
f 15/28/7 9/29/7 13/30/7
f 23/31/8 13/30/8 21/32/8
f 13/24/5 24/33/5 21/34/5
f 10/35/6 14/36/6 12/20/6
f 12/37/4 16/38/4 11/26/4
f 6/9/4 18/27/4 5/7/4
f 8/39/6 20/21/6 6/40/6
f 19/15/5 11/41/5 9/22/5
f 10/42/9 19/6/9 9/29/9
f 21/34/5 1/43/5 3/44/5
f 4/45/10 21/32/10 3/46/10
f 15/47/6 22/18/6 14/36/6
f 14/48/4 24/12/4 16/38/4
f 25/49/11 30/50/11 26/8/11
f 7/13/5 25/51/5 5/52/5
f 6/40/6 28/53/6 8/39/6
f 8/54/12 27/55/12 7/5/12
f 31/56/5 33/57/5 29/58/5
f 25/51/5 31/56/5 29/58/5
f 26/59/6 32/60/6 28/53/6
f 28/61/13 31/62/13 27/55/13
f 36/63/14 33/64/14 35/65/14
f 30/66/6 36/67/6 32/60/6
f 32/68/15 35/69/15 31/62/15
f 29/70/16 34/71/16 30/50/16
f 2/1/1 4/72/1 3/2/1
f 17/4/2 8/54/2 7/5/2
f 5/7/3 25/49/3 26/8/3
f 22/10/4 2/73/4 1/11/4
f 7/13/5 5/52/5 18/14/5
f 23/16/6 4/74/6 2/17/6
f 17/19/6 10/35/6 12/20/6
f 9/22/5 11/41/5 16/23/5
f 20/25/4 12/37/4 11/26/4
f 15/28/7 10/42/7 9/29/7
f 23/31/8 15/28/8 13/30/8
f 13/24/5 16/23/5 24/33/5
f 10/35/6 15/47/6 14/36/6
f 12/37/4 14/48/4 16/38/4
f 6/9/4 20/25/4 18/27/4
f 8/39/6 17/19/6 20/21/6
f 19/15/5 18/14/5 11/41/5
f 10/42/9 17/4/9 19/6/9
f 21/34/5 24/33/5 1/43/5
f 4/45/10 23/31/10 21/32/10
f 15/47/6 23/16/6 22/18/6
f 14/48/4 22/10/4 24/12/4
f 25/49/11 29/70/11 30/50/11
f 7/13/5 27/75/5 25/51/5
f 6/40/6 26/59/6 28/53/6
f 8/54/12 28/61/12 27/55/12
f 31/56/5 35/76/5 33/57/5
f 25/51/5 27/75/5 31/56/5
f 26/59/6 30/66/6 32/60/6
f 28/61/13 32/68/13 31/62/13
f 36/63/14 34/77/14 33/64/14
f 30/66/6 34/78/6 36/67/6
f 32/68/15 36/79/15 35/69/15
f 29/70/16 33/80/16 34/71/16
o Cube.018_Cube.023
v -207.697342 0.322979 3.126670
v -207.697342 2.322979 3.126670
v -207.697342 0.322979 -3.001782
v -207.697342 2.322979 -3.001782
v -16.877148 0.322979 3.126714
v -16.877148 2.322979 3.126714
v -16.877148 0.322979 1.126714
v -16.877148 2.322979 1.126714
v -112.800652 0.322979 0.017869
v -112.800644 2.322979 0.017869
v -112.800644 0.322979 3.126692
v -112.800652 2.322979 3.126692
v -116.029129 0.322979 -1.189308
v -116.029129 2.322979 3.126692
v -116.029114 2.322979 -1.189308
v -116.029114 0.322979 3.126692
v -107.701401 2.322979 0.917885
v -107.701401 0.322979 3.126693
v -107.701416 0.322979 0.917885
v -107.701416 2.322979 3.126693
v -120.670380 0.322979 -2.030887
v -120.670395 2.322979 3.126690
v -120.670380 2.322979 -2.030887
v -120.670380 0.322979 3.126690
v -16.361801 0.322979 3.036104
v -16.361801 2.322979 3.036104
v -16.361801 0.322979 1.217325
v -16.361801 2.322979 1.217325
v -15.916326 0.322979 2.836461
v -15.916326 2.322979 2.836461
v -15.916326 0.322979 1.416968
v -15.916326 2.322979 1.416968
v -15.549468 0.322979 2.615317
v -15.549468 2.322979 2.615317
v -15.549468 0.322979 1.638112
v -15.549468 2.322979 1.638112
vt 0.274807 0.637593
vt 0.273172 0.629591
vt 0.274807 0.629591
vt 0.459230 0.198680
vt 0.467232 0.175093
vt 0.467232 0.198680
vt 0.411817 0.162070
vt 0.403814 0.162209
vt 0.403814 0.162070
vt 0.403814 0.134658
vt 0.411817 0.111673
vt 0.411817 0.134658
vt 0.368038 0.397930
vt 0.368571 0.422156
vt 0.367982 0.422156
vt 0.459489 0.321007
vt 0.460865 0.297793
vt 0.460865 0.321007
vt 0.460276 0.324466
vt 0.460865 0.323106
vt 0.460865 0.324466
vt 0.367742 0.423517
vt 0.368571 0.424378
vt 0.367420 0.424378
vt 0.403814 0.138083
vt 0.411817 0.136736
vt 0.411817 0.138083
vt 0.459230 0.200971
vt 0.467232 0.200059
vt 0.467232 0.200971
vt 0.459230 0.202227
vt 0.467232 0.202227
vt 0.368571 0.425616
vt 0.367195 0.425616
vt 0.460035 0.323106
vt 0.460865 0.322245
vt 0.403814 0.136736
vt 0.411817 0.135883
vt 0.460331 0.348693
vt 0.460865 0.348693
vt 0.368571 0.423517
vt 0.459230 0.200059
vt 0.368571 0.448830
vt 0.366936 0.448830
vt 0.459230 0.224876
vt 0.467232 0.224876
vt 0.459713 0.322245
vt 0.403814 0.135883
vt 0.411817 0.162209
vt 0.403814 0.162335
vt 0.368547 0.397792
vt 0.368571 0.397930
vt 0.460355 0.348831
vt 0.459230 0.175093
vt 0.467232 0.174953
vt 0.368115 0.397673
vt 0.368435 0.397576
vt 0.368494 0.397673
vt 0.460840 0.348831
vt 0.460409 0.348949
vt 0.459230 0.174953
vt 0.467232 0.174825
vt 0.367197 0.693672
vt 0.366936 0.685669
vt 0.367197 0.685669
vt 0.460787 0.348949
vt 0.460468 0.349047
vt 0.459230 0.174825
vt 0.467232 0.174717
vt 0.411817 0.162335
vt 0.403814 0.162440
vt 0.273172 0.637593
vt 0.403814 0.111673
vt 0.459230 0.297793
vt 0.368062 0.397792
vt 0.368174 0.397576
vt 0.366936 0.693672
vt 0.460728 0.349047
vt 0.459230 0.174717
vt 0.411817 0.162440
vn -1.0000 0.0000 0.0000
vn 0.0023 -0.0000 -1.0000
vn 0.1732 0.0000 0.9849
vn -0.0000 0.0000 1.0000
vn 0.0000 -1.0000 -0.0000
vn 0.0000 1.0000 0.0000
vn 0.3502 0.0000 -0.9367
vn 0.1784 0.0000 -0.9840
vn 0.1738 -0.0000 -0.9848
vn 0.0112 0.0000 -0.9999
vn 0.4090 0.0000 0.9126
vn 0.1732 0.0000 -0.9849
vn 0.4090 0.0000 -0.9125
vn 1.0000 0.0000 0.0000
vn 0.5163 0.0000 -0.8564
vn 0.5163 0.0000 0.8564
vn 0.4090 0.0000 0.9125
s off
f 38/81/17 39/82/17 37/83/17
f 53/84/18 43/85/18 55/86/18
f 41/87/19 62/88/19 42/89/19
f 58/90/20 37/91/20 60/92/20
f 43/93/21 54/94/21 55/95/21
f 59/96/22 38/97/22 58/98/22
f 53/99/22 48/100/22 56/101/22
f 45/102/21 52/103/21 49/104/21
f 56/105/20 47/106/20 54/107/20
f 51/108/23 45/109/23 49/110/23
f 59/111/24 49/110/24 57/112/24
f 49/104/21 60/113/21 57/114/21
f 46/115/22 50/116/22 48/100/22
f 48/117/20 52/118/20 47/106/20
f 42/89/20 54/107/20 41/87/20
f 44/119/22 56/101/22 42/120/22
f 55/95/21 47/121/21 45/102/21
f 46/122/25 55/86/25 45/109/25
f 57/114/21 37/123/21 39/124/21
f 40/125/26 57/112/26 39/126/26
f 51/127/22 58/98/22 50/116/22
f 50/128/20 60/92/20 52/118/20
f 61/129/27 66/130/27 62/88/27
f 43/93/21 61/131/21 41/132/21
f 42/120/22 64/133/22 44/119/22
f 44/134/28 63/135/28 43/85/28
f 67/136/21 69/137/21 65/138/21
f 61/131/21 67/136/21 65/138/21
f 62/139/22 68/140/22 64/133/22
f 64/141/29 67/142/29 63/135/29
f 72/143/30 69/144/30 71/145/30
f 66/146/22 72/147/22 68/140/22
f 68/148/31 71/149/31 67/142/31
f 65/150/32 70/151/32 66/130/32
f 38/81/17 40/152/17 39/82/17
f 53/84/18 44/134/18 43/85/18
f 41/87/19 61/129/19 62/88/19
f 58/90/20 38/153/20 37/91/20
f 43/93/21 41/132/21 54/94/21
f 59/96/22 40/154/22 38/97/22
f 53/99/22 46/115/22 48/100/22
f 45/102/21 47/121/21 52/103/21
f 56/105/20 48/117/20 47/106/20
f 51/108/23 46/122/23 45/109/23
f 59/111/24 51/108/24 49/110/24
f 49/104/21 52/103/21 60/113/21
f 46/115/22 51/127/22 50/116/22
f 48/117/20 50/128/20 52/118/20
f 42/89/20 56/105/20 54/107/20
f 44/119/22 53/99/22 56/101/22
f 55/95/21 54/94/21 47/121/21
f 46/122/25 53/84/25 55/86/25
f 57/114/21 60/113/21 37/123/21
f 40/125/26 59/111/26 57/112/26
f 51/127/22 59/96/22 58/98/22
f 50/128/20 58/90/20 60/92/20
f 61/129/33 65/150/33 66/130/33
f 43/93/21 63/155/21 61/131/21
f 42/120/22 62/139/22 64/133/22
f 44/134/28 64/141/28 63/135/28
f 67/136/21 71/156/21 69/137/21
f 61/131/21 63/155/21 67/136/21
f 62/139/22 66/146/22 68/140/22
f 64/141/29 68/148/29 67/142/29
f 72/143/30 70/157/30 69/144/30
f 66/146/22 70/158/22 72/147/22
f 68/148/31 72/159/31 71/149/31
f 65/150/32 69/160/32 70/151/32
o Cube.021_Cube.029
v 1.150696 0.322979 16.733883
v 1.150696 2.322979 16.733883
v -0.849304 0.322979 16.733885
v -0.849304 2.322979 16.733885
v 1.060085 0.322979 16.218533
v 1.060085 2.322979 16.218533
v -0.758694 0.322979 16.218534
v -0.758694 2.322979 16.218534
v 0.860442 0.322979 15.773060
v 0.860442 2.322979 15.773060
v -0.559052 0.322979 15.773060
v -0.559052 2.322979 15.773060
v 0.639298 0.322979 15.406200
v 0.639298 2.322979 15.406200
v -0.337907 0.322979 15.406200
v -0.337907 2.322979 15.406200
v -0.953243 2.322979 33.097172
v 1.150714 0.322979 33.097172
v -0.953243 0.322979 33.097179
v 1.150714 2.322979 33.097176
v 1.150720 0.322979 49.109138
v 1.150720 2.322979 49.109138
v -0.849280 0.322979 49.109138
v -0.849280 2.322979 49.109138
v 1.060110 0.322979 49.624489
v 1.060110 2.322979 49.624489
v -0.758669 0.322979 49.624489
v -0.758669 2.322979 49.624489
v 0.860468 0.322979 50.069962
v 0.860468 2.322979 50.069962
v -0.559026 0.322979 50.069962
v -0.559026 2.322979 50.069962
v 0.639323 0.322979 50.436821
v 0.639323 2.322979 50.436821
v -0.337881 0.322979 50.436821
v -0.337881 2.322979 50.436821
v -0.953244 2.322979 32.745853
v 1.150714 0.322979 32.745850
v -0.953244 0.322979 32.745846
v 1.150714 2.322979 32.745842
vt 0.332160 0.484716
vt 0.327795 0.476714
vt 0.332160 0.476714
vt 0.371301 0.478495
vt 0.371439 0.486498
vt 0.371301 0.486498
vt 0.483635 0.160452
vt 0.483102 0.156088
vt 0.483663 0.156088
vt 0.371439 0.478495
vt 0.371557 0.486498
vt 0.483126 0.160590
vt 0.483102 0.160452
vt 0.494495 0.156442
vt 0.495004 0.156304
vt 0.495028 0.156442
vt 0.327795 0.484716
vt 0.327658 0.476714
vt 0.483558 0.160709
vt 0.483238 0.160807
vt 0.483179 0.160709
vt 0.494519 0.156304
vt 0.494951 0.156185
vt 0.327658 0.484716
vt 0.327539 0.476714
vt 0.273433 0.675261
vt 0.273172 0.667259
vt 0.273433 0.667259
vt 0.494572 0.156185
vt 0.494892 0.156088
vt 0.327539 0.484716
vt 0.327441 0.476714
vt 0.371557 0.478495
vt 0.371655 0.486498
vt 0.366936 0.478495
vt 0.494495 0.160807
vt 0.273733 0.656427
vt 0.273172 0.648425
vt 0.273733 0.648425
vt 0.331806 0.495548
vt 0.327441 0.503550
vt 0.327441 0.495548
vt 0.367153 0.505332
vt 0.367290 0.497329
vt 0.367290 0.505332
vt 0.517842 0.156088
vt 0.517308 0.160452
vt 0.517281 0.156088
vt 0.367034 0.505332
vt 0.367153 0.497329
vt 0.517818 0.160590
vt 0.517842 0.160452
vt 0.505940 0.156304
vt 0.506449 0.156442
vt 0.505915 0.156442
vt 0.331943 0.495548
vt 0.331806 0.503550
vt 0.517706 0.160807
vt 0.517386 0.160709
vt 0.517764 0.160709
vt 0.517333 0.160590
vt 0.505993 0.156185
vt 0.506425 0.156304
vt 0.332062 0.495548
vt 0.331943 0.503550
vt 0.367197 0.704503
vt 0.366936 0.712506
vt 0.366936 0.704503
vt 0.506052 0.156088
vt 0.506371 0.156185
vt 0.332160 0.495548
vt 0.332062 0.503550
vt 0.366936 0.505332
vt 0.367034 0.497329
vt 0.371655 0.497329
vt 0.506449 0.160807
vt 0.505888 0.160807
vt 0.328002 0.646219
vt 0.327441 0.654222
vt 0.327441 0.646219
vt 0.483611 0.160590
vt 0.483499 0.160807
vt 0.273172 0.675261
vt 0.494631 0.156088
vt 0.327441 0.484716
vt 0.371655 0.478495
vt 0.366936 0.486498
vt 0.495056 0.160807
vt 0.273172 0.656427
vt 0.517445 0.160807
vt 0.367197 0.712506
vt 0.506312 0.156088
vt 0.332160 0.503550
vt 0.366936 0.497329
vt 0.371655 0.505332
vt 0.328002 0.654222
vn -1.0000 -0.0000 -0.0064
vn 0.9849 0.0000 -0.1732
vn 0.0000 -1.0000 0.0000
vn 0.9125 0.0000 -0.4090
vn 0.0000 1.0000 -0.0000
vn -0.9849 0.0000 -0.1732
vn -0.9125 0.0000 -0.4090
vn 0.0000 0.0000 -1.0000
vn -0.8564 0.0000 -0.5163
vn 0.8564 0.0000 -0.5163
vn 1.0000 0.0000 -0.0000
vn 0.0000 -0.0000 1.0000
vn -1.0000 -0.0000 0.0064
vn 0.9849 0.0000 0.1732
vn 0.9125 0.0000 0.4090
vn -0.9849 0.0000 0.1732
vn -0.9125 0.0000 0.4090
vn -0.8564 0.0000 0.5163
vn 0.8564 0.0000 0.5163
s off
f 89/161/34 75/162/34 91/163/34
f 73/164/35 78/165/35 74/166/35
f 75/167/36 90/168/36 91/169/36
f 77/170/37 82/171/37 78/165/37
f 75/167/36 77/172/36 73/173/36
f 74/174/38 80/175/38 76/176/38
f 76/177/39 79/178/39 75/162/39
f 83/179/36 85/180/36 81/181/36
f 77/172/36 83/179/36 81/181/36
f 78/182/38 84/183/38 80/175/38
f 80/184/40 83/185/40 79/178/40
f 88/186/41 85/187/41 87/188/41
f 82/189/38 88/190/38 84/183/38
f 84/191/42 87/192/42 83/185/42
f 81/193/43 86/194/43 82/171/43
f 74/166/44 90/195/44 73/164/44
f 76/176/38 92/196/38 74/174/38
f 92/197/45 91/198/45 90/199/45
f 95/200/46 109/201/46 111/202/46
f 98/203/47 93/204/47 94/205/47
f 110/206/36 95/207/36 111/208/36
f 102/209/48 97/210/48 98/203/48
f 97/211/36 95/207/36 93/212/36
f 100/213/38 94/214/38 96/215/38
f 99/216/49 96/217/49 95/200/49
f 105/218/36 103/219/36 101/220/36
f 97/211/36 103/219/36 99/221/36
f 104/222/38 98/223/38 100/213/38
f 103/224/50 100/225/50 99/216/50
f 105/226/45 108/227/45 107/228/45
f 108/229/38 102/230/38 104/222/38
f 107/231/51 104/232/51 103/224/51
f 106/233/52 101/234/52 102/209/52
f 110/235/44 94/205/44 93/204/44
f 96/215/38 112/236/38 109/237/38
f 111/238/41 112/239/41 110/240/41
f 89/161/34 76/177/34 75/162/34
f 73/164/35 77/170/35 78/165/35
f 75/167/36 73/173/36 90/168/36
f 77/170/37 81/193/37 82/171/37
f 75/167/36 79/241/36 77/172/36
f 74/174/38 78/182/38 80/175/38
f 76/177/39 80/184/39 79/178/39
f 83/179/36 87/242/36 85/180/36
f 77/172/36 79/241/36 83/179/36
f 78/182/38 82/189/38 84/183/38
f 80/184/40 84/191/40 83/185/40
f 88/186/41 86/243/41 85/187/41
f 82/189/38 86/244/38 88/190/38
f 84/191/42 88/245/42 87/192/42
f 81/193/43 85/246/43 86/194/43
f 74/166/44 92/247/44 90/195/44
f 76/176/38 89/248/38 92/196/38
f 92/197/45 89/249/45 91/198/45
f 95/200/46 96/217/46 109/201/46
f 98/203/47 97/210/47 93/204/47
f 110/206/36 93/212/36 95/207/36
f 102/209/48 101/234/48 97/210/48
f 97/211/36 99/221/36 95/207/36
f 100/213/38 98/223/38 94/214/38
f 99/216/49 100/225/49 96/217/49
f 105/218/36 107/250/36 103/219/36
f 97/211/36 101/220/36 103/219/36
f 104/222/38 102/230/38 98/223/38
f 103/224/50 104/232/50 100/225/50
f 105/226/45 106/251/45 108/227/45
f 108/229/38 106/252/38 102/230/38
f 107/231/51 108/253/51 104/232/51
f 106/233/52 105/254/52 101/234/52
f 110/235/44 112/255/44 94/205/44
f 96/215/38 94/214/38 112/236/38
f 111/238/41 109/256/41 112/239/41
o Cube.022_Cube.030
v 30.500305 0.332864 14.530168
v 30.500305 2.332864 14.530168
v 7.671641 0.332864 14.530168
v 7.671641 2.332864 14.530168
v 7.671641 0.332864 32.058018
v 7.671641 2.332864 32.058018
v 30.500305 2.332864 15.317829
v 30.500305 0.332864 15.317829
v 8.361967 2.332864 32.058018
v 8.361967 0.332864 32.058018
v 14.206782 0.332864 22.021286
v 12.697358 0.332864 23.686680
v 11.358438 0.332864 25.492004
v 8.484715 0.332864 31.567978
v 10.202916 0.332864 27.419874
v 9.241925 0.332864 29.451721
v 30.402016 0.332864 15.313001
v 25.933762 0.332864 15.753085
v 28.157078 0.332864 15.423287
v 23.753475 0.332864 16.299217
v 15.872176 0.332864 20.511860
v 17.677502 0.332864 19.172939
v 21.637218 0.332864 17.056427
v 19.605371 0.332864 18.017418
v 30.402016 2.332864 15.313001
v 8.484715 2.332864 31.567978
v 25.933762 2.332864 15.753085
v 28.157078 2.332864 15.423287
v 21.637218 2.332864 17.056427
v 17.677502 2.332864 19.172939
v 19.605371 2.332864 18.017418
v 23.753475 2.332864 16.299217
v 12.697358 2.332864 23.686680
v 14.206782 2.332864 22.021286
v 10.202916 2.332864 27.419874
v 9.241925 2.332864 29.451721
v 15.872176 2.332864 20.511860
v 11.358438 2.332864 25.492004
vt 0.369933 0.543000
vt 0.366936 0.534997
vt 0.369933 0.534997
vt 0.273172 0.562257
vt 0.275895 0.554255
vt 0.275895 0.562257
vt 0.422648 0.156510
vt 0.430650 0.086379
vt 0.430650 0.156510
vt 0.329268 0.426831
vt 0.337271 0.335490
vt 0.337271 0.426831
vt 0.075547 0.335490
vt 0.056971 0.375525
vt 0.051614 0.368301
vt 0.248305 0.335490
vt 0.272239 0.368301
vt 0.266882 0.375525
vt 0.448398 0.384821
vt 0.440396 0.382805
vt 0.448398 0.382805
vt 0.448398 0.393810
vt 0.440396 0.384821
vt 0.448398 0.402731
vt 0.440396 0.393810
vt 0.448398 0.411497
vt 0.440396 0.402731
vt 0.448398 0.420024
vt 0.440396 0.411497
vt 0.448398 0.428230
vt 0.440396 0.420024
vt 0.448398 0.436036
vt 0.440396 0.428230
vt 0.448398 0.182734
vt 0.440396 0.174717
vt 0.448398 0.174717
vt 0.448398 0.191113
vt 0.440396 0.182734
vt 0.448398 0.199771
vt 0.440396 0.191113
vt 0.448398 0.208626
vt 0.440396 0.199771
vt 0.448398 0.217592
vt 0.440396 0.208626
vt 0.448398 0.226583
vt 0.440396 0.217592
vt 0.448398 0.235513
vt 0.440396 0.226583
vt 0.440396 0.235513
vt 0.448398 0.235897
vt 0.440396 0.235897
vt 0.366936 0.543000
vt 0.273172 0.554255
vt 0.422648 0.086379
vt 0.329268 0.335490
vt 0.005416 0.338252
vt 0.005416 0.335490
vt 0.007377 0.338743
vt 0.015844 0.341773
vt 0.075547 0.426831
vt 0.072396 0.426831
vt 0.072415 0.426437
vt 0.071974 0.417455
vt 0.070654 0.408559
vt 0.023974 0.345618
vt 0.031687 0.350241
vt 0.068469 0.399836
vt 0.065439 0.391368
vt 0.038911 0.355598
vt 0.045574 0.361638
vt 0.061594 0.383238
vt 0.251437 0.426437
vt 0.251457 0.426831
vt 0.248305 0.426831
vt 0.318437 0.335490
vt 0.308009 0.341773
vt 0.318437 0.338252
vt 0.316476 0.338743
vt 0.251879 0.417455
vt 0.253198 0.408559
vt 0.299879 0.345618
vt 0.255383 0.399836
vt 0.292165 0.350241
vt 0.284942 0.355598
vt 0.258413 0.391368
vt 0.262258 0.383238
vt 0.278278 0.361638
vt 0.440396 0.436036
vn 1.0000 0.0000 0.0000
vn 0.0000 0.0000 1.0000
vn -1.0000 0.0000 0.0000
vn 0.0000 0.0000 -1.0000
vn 0.0000 -1.0000 -0.0000
vn 0.0000 1.0000 -0.0000
vn 0.9700 0.0000 0.2430
vn 0.9415 0.0000 0.3369
vn 0.9040 0.0000 0.4276
vn 0.8577 0.0000 0.5141
vn 0.8032 0.0000 0.5957
vn 0.7410 0.0000 0.6716
vn 0.6716 0.0000 0.7410
vn 0.5957 0.0000 0.8032
vn 0.5141 0.0000 0.8577
vn 0.4276 0.0000 0.9040
vn 0.3369 0.0000 0.9415
vn 0.2430 0.0000 0.9700
vn 0.1467 0.0000 0.9892
vn 0.0491 0.0000 0.9988
vn -0.0491 0.0000 0.9988
s off
f 114/257/53 120/258/53 113/259/53
f 118/260/54 122/261/54 121/262/54
f 118/263/55 115/264/55 117/265/55
f 116/266/56 113/267/56 115/268/56
f 115/269/57 134/270/57 133/271/57
f 116/272/58 149/273/58 142/274/58
f 126/275/59 121/276/59 122/277/59
f 128/278/60 138/279/60 126/275/60
f 127/280/61 148/281/61 128/278/61
f 125/282/62 147/283/62 127/280/62
f 124/284/63 150/285/63 125/282/63
f 123/286/64 145/287/64 124/284/64
f 133/288/65 146/289/65 123/286/65
f 134/290/66 149/291/66 133/292/66
f 136/293/67 142/294/67 134/290/67
f 135/295/68 143/296/68 136/293/68
f 132/297/69 141/298/69 135/295/69
f 130/299/70 144/300/70 132/297/70
f 131/301/71 139/302/71 130/299/71
f 129/303/72 140/304/72 131/301/72
f 137/305/73 120/306/73 119/307/73
f 114/257/53 119/308/53 120/258/53
f 118/260/54 117/309/54 122/261/54
f 118/263/55 116/310/55 115/264/55
f 116/266/56 114/311/56 113/267/56
f 122/312/57 117/313/57 126/314/57
f 117/313/57 115/269/57 128/315/57
f 126/314/57 117/313/57 128/315/57
f 113/316/57 120/317/57 129/318/57
f 113/316/57 129/318/57 131/319/57
f 115/269/57 113/316/57 130/320/57
f 113/316/57 131/319/57 130/320/57
f 127/321/57 128/315/57 115/269/57
f 125/322/57 127/321/57 115/269/57
f 115/269/57 130/320/57 132/323/57
f 115/269/57 132/323/57 135/324/57
f 124/325/57 125/322/57 115/269/57
f 123/326/57 124/325/57 115/269/57
f 115/269/57 135/324/57 136/327/57
f 115/269/57 136/327/57 134/270/57
f 133/271/57 123/326/57 115/269/57
f 137/328/58 119/329/58 114/330/58
f 116/272/58 118/331/58 148/332/58
f 118/331/58 121/333/58 138/334/58
f 118/331/58 138/334/58 148/332/58
f 137/328/58 114/330/58 140/335/58
f 114/330/58 116/272/58 139/336/58
f 140/335/58 114/330/58 139/336/58
f 116/272/58 148/332/58 147/337/58
f 144/338/58 139/336/58 116/272/58
f 116/272/58 147/337/58 150/339/58
f 116/272/58 150/339/58 145/340/58
f 141/341/58 144/338/58 116/272/58
f 143/342/58 141/341/58 116/272/58
f 116/272/58 145/340/58 146/343/58
f 116/272/58 146/343/58 149/273/58
f 142/274/58 143/342/58 116/272/58
f 126/275/59 138/279/59 121/276/59
f 128/278/60 148/281/60 138/279/60
f 127/280/61 147/283/61 148/281/61
f 125/282/62 150/285/62 147/283/62
f 124/284/63 145/287/63 150/285/63
f 123/286/64 146/289/64 145/287/64
f 133/288/65 149/344/65 146/289/65
f 134/290/66 142/294/66 149/291/66
f 136/293/67 143/296/67 142/294/67
f 135/295/68 141/298/68 143/296/68
f 132/297/69 144/300/69 141/298/69
f 130/299/70 139/302/70 144/300/70
f 131/301/71 140/304/71 139/302/71
f 129/303/72 137/305/72 140/304/72
f 137/305/73 129/303/73 120/306/73
o Cube_Cube.034
v 7.934163 -1.000000 -27.391817
v 7.934163 1.000000 -27.391817
v 7.934163 -1.000000 -15.691816
v 7.934163 1.000000 -15.691816
v -109.988266 -1.000000 -19.806734
v -109.988266 1.000000 -19.806734
v -126.116211 -1.000000 -15.691816
v -126.116211 1.000000 -15.691816
v -15.614059 -1.000000 -15.691816
v -15.614059 1.000000 -15.691816
v 7.123466 -1.000000 -96.226112
v 7.123466 1.000000 -96.226112
v -5.074898 1.000000 -96.226112
v -5.074898 -1.000000 -96.226112
v 7.123466 -1.000000 -52.267593
v 7.123466 1.000000 -52.267593
v -7.226797 1.000000 -48.927086
v -7.226797 -1.000000 -48.927086
v 7.123466 -1.000000 -60.891582
v 7.123466 1.000000 -60.891582
v -5.901040 1.000000 -58.706825
v -5.901040 -1.000000 -58.706825
v -40.511765 1.000000 -15.691816
v -34.088345 -1.000000 -19.493731
v -40.511765 -1.000000 -15.691816
v -34.088345 1.000000 -19.493731
v 7.676467 1.000000 -35.299095
v 7.676467 -1.000000 -35.299095
v -10.636422 1.000000 -26.687393
v -10.900412 1.000000 -26.246952
v -11.763587 1.000000 -25.083096
v -16.117535 1.000000 -21.487883
v -13.810330 1.000000 -23.036352
v -14.974188 1.000000 -22.173176
v -12.736684 1.000000 -24.009449
v -16.217049 1.000000 -21.428236
v -17.526939 1.000000 -20.808702
v -21.730164 1.000000 -19.755850
v -20.296835 1.000000 -19.968464
v -18.891249 1.000000 -20.320543
v -27.463614 1.000000 -19.569923
v -28.827925 1.000000 -19.569057
v -26.058027 1.000000 -19.555248
v -24.624699 1.000000 -19.523617
v -23.177431 1.000000 -19.564629
v -31.607742 1.000000 -19.501093
v -30.137815 1.000000 -19.547014
v -14.974188 -1.000000 -22.173176
v -16.117535 -1.000000 -21.487883
v -12.736684 -1.000000 -24.009449
v -13.810330 -1.000000 -23.036352
v -10.636422 -1.000000 -26.687393
v -10.900412 -1.000000 -26.246952
v -11.763587 -1.000000 -25.083096
v -31.607742 -1.000000 -19.501093
v -8.129836 -1.000000 -34.450195
v -7.982449 -1.000000 -35.897461
v -8.299567 -1.000000 -33.002930
v -9.061151 -1.000000 -30.126644
v -9.047780 -1.000000 -30.164013
v -7.839831 -1.000000 -38.517639
v -7.891558 -1.000000 -37.330791
v -8.595598 -1.000000 -31.569599
v -7.839831 1.000000 -38.517639
v -8.595598 1.000000 -31.569599
v -9.047780 1.000000 -30.164013
v -9.061151 1.000000 -30.126644
v -7.982449 1.000000 -35.897461
v -8.129836 1.000000 -34.450195
v -8.299567 1.000000 -33.002930
v -7.891558 1.000000 -37.330791
v -16.217049 -1.000000 -21.428236
v -17.526939 -1.000000 -20.808702
v -21.730164 -1.000000 -19.755850
v -20.296835 -1.000000 -19.968464
v -18.891249 -1.000000 -20.320543
v -28.827925 -1.000000 -19.569057
v -30.137815 -1.000000 -19.547014
v -27.463614 -1.000000 -19.569923
v -26.058027 -1.000000 -19.555248
v -24.624699 -1.000000 -19.523617
v -23.177431 -1.000000 -19.564629
v -9.535937 1.000000 -28.799704
v -10.155470 1.000000 -27.489813
v -9.535937 -1.000000 -28.799704
v -10.155470 -1.000000 -27.489813
v -207.591263 -1.000000 14.999950
v -207.591263 1.000000 14.999950
v -207.591263 -1.000000 -15.000047
v -207.591263 1.000000 -15.000047
v 4.860390 -1.000000 15.000000
v 4.860390 1.000000 15.000000
v 4.860397 -1.000000 -15.000000
v 4.860397 1.000000 -15.000000
v 208.666458 -1.000000 -15.000000
v 208.666458 1.000000 -15.000000
v 208.666458 -1.000000 15.000000
v 208.666458 1.000000 15.000000
v 5.554818 -1.000000 -15.000000
v 5.554818 1.000000 -15.000000
v 5.554818 -1.000000 15.000000
v 5.554818 1.000000 15.000000
v 133.494812 -1.000000 15.000000
v 133.494812 1.000000 15.000000
v 133.494812 -1.000000 -15.000000
v 133.494812 1.000000 -15.000000
v -13.821939 -1.000000 -15.000005
v -13.821939 1.000000 -15.000005
v -13.821944 -1.000000 14.999996
v -13.821944 1.000000 14.999996
v 16.391230 -1.000000 15.558002
v 16.391230 1.000000 15.558002
v 5.914609 -1.000000 79.442604
v 5.914609 1.000000 79.442604
v -13.833755 -1.000000 15.558002
v -13.833755 1.000000 15.558002
v -6.371403 -1.000000 79.442604
v -6.371403 1.000000 79.442604
v -10.665355 -1.000000 39.529316
v -10.665355 1.000000 39.529316
v 132.739639 -1.000000 15.551403
v 133.184998 -1.271461 15.272930
v 133.184998 0.728539 15.272930
v 132.739639 1.000000 15.551403
v 37.825344 1.000000 15.558002
v 37.825344 -1.000000 15.558002
v 37.812454 -1.000000 20.136425
v 37.812454 1.000000 20.136425
v 17.013256 -1.000000 15.558002
v 17.013256 1.000000 15.558002
v 87.799095 1.000000 15.558002
v 87.799095 -1.000000 20.129799
v 87.799095 -1.000000 15.558002
v 87.799095 1.000000 20.129799
v 8.743531 1.000000 44.119408
v 8.743531 -1.000000 44.119408
v 14.697584 -1.000000 32.016598
v 14.725754 -1.000000 31.904125
v 15.586390 -1.000000 30.356766
v 16.252853 -1.000000 29.411392
v 16.252853 1.000000 29.411392
v 14.697584 1.000000 32.016598
v 14.725754 1.000000 31.904125
v 15.586390 1.000000 30.356766
v 9.663924 1.000000 41.626675
v 13.875346 1.000000 33.498306
v 9.098866 1.000000 43.174034
v 12.145759 1.000000 36.765400
v 11.321758 1.000000 38.406853
v 12.947517 1.000000 35.123947
v 10.519458 1.000000 40.032494
v 9.663924 -1.000000 41.626675
v 9.098866 -1.000000 43.174034
v 12.145759 -1.000000 36.765400
v 11.321758 -1.000000 38.406853
v 13.875346 -1.000000 33.498306
v 12.947517 -1.000000 35.123947
v 10.519458 -1.000000 40.032494
v 29.774464 -1.000000 20.099476
v 31.415911 -1.000000 20.018833
v 28.148821 -1.000000 20.340618
v 25.007278 -1.000000 21.293594
v 26.554640 -1.000000 20.739933
v 20.792004 -1.000000 23.820129
v 22.112019 -1.000000 22.841141
v 17.491652 -1.000000 27.461506
v 17.013256 -1.000000 28.259659
v 18.470644 -1.000000 26.141487
v 23.521635 -1.000000 21.996246
v 19.574306 -1.000000 24.923790
v 36.277184 -1.000000 20.077129
v 37.355019 -1.000000 20.081722
v 34.683002 -1.000000 20.042175
v 33.057358 -1.000000 19.966221
v 36.277184 1.000000 20.077129
v 37.355019 1.000000 20.081722
v 34.683002 1.000000 20.042175
v 31.415911 1.000000 20.018833
v 28.148821 1.000000 20.340618
v 29.774464 1.000000 20.099476
v 33.057358 1.000000 19.966221
v 25.007278 1.000000 21.293594
v 22.112019 1.000000 22.841141
v 23.521635 1.000000 21.996246
v 19.574306 1.000000 24.923790
v 17.491652 1.000000 27.461506
v 17.013256 1.000000 28.259659
v 18.470644 1.000000 26.141487
v 20.792004 1.000000 23.820129
v 26.554640 1.000000 20.739933
v 16.508383 1.000000 28.871124
v 16.508383 -1.000000 28.871124
v -8.217973 -1.000000 62.115448
v -8.217973 1.000000 62.115448
v 5.175252 -1.000000 139.644012
v 5.175252 1.000000 139.644012
v -5.448236 -1.000000 139.644012
v -5.448236 1.000000 139.644012
v 7.913157 1.000000 15.000000
v 7.913154 -1.000000 -15.000002
v 7.913157 -1.000000 15.000000
v 7.913154 1.000000 -15.000002
v -126.084694 -1.000000 -15.000029
v -126.084694 1.000000 14.999969
v -126.084694 1.000000 -15.000029
v -126.084694 -1.000000 14.999969
v 7.123466 -1.000000 -146.017975
v 7.123466 1.000000 -146.017975
v -5.074898 -1.000000 -146.017975
v -5.074898 1.000000 -146.017975
vt 0.421562 0.183169
vt 0.429564 0.175190
vt 0.429564 0.183169
vt 0.403814 0.100842
vt 0.411817 0.087163
vt 0.411817 0.100842
vt 0.429564 0.205966
vt 0.421562 0.230064
vt 0.421562 0.205966
vt 0.261034 0.190791
vt 0.232512 0.241273
vt 0.261115 0.184839
vt 0.089929 0.175365
vt 0.076428 0.164579
vt 0.076816 0.163579
vt 0.081114 0.157827
vt 0.076341 0.154520
vt 0.075916 0.153383
vt 0.270353 0.172247
vt 0.266347 0.167550
vt 0.266056 0.166495
vt 0.411817 0.024342
vt 0.403814 0.022287
vt 0.411817 0.022287
vt 0.225083 0.139663
vt 0.199221 0.115285
vt 0.229649 0.130578
vt 0.062003 0.188644
vt 0.035844 0.190411
vt 0.058463 0.178272
vt 0.402728 0.405715
vt 0.410730 0.380097
vt 0.410730 0.405715
vt 0.251243 0.141430
vt 0.267089 0.148878
vt 0.262512 0.161483
vt 0.261691 0.160912
vt 0.410730 0.412477
vt 0.402728 0.419613
vt 0.402728 0.412477
vt 0.077850 0.181195
vt 0.071623 0.169717
vt 0.072452 0.169162
vt 0.429564 0.188546
vt 0.421562 0.200084
vt 0.421562 0.188546
vt 0.256513 0.144079
vt 0.247702 0.151802
vt 0.067274 0.185995
vt 0.063943 0.174281
vt 0.429564 0.200084
vt 0.403814 0.087163
vt 0.071795 0.139283
vt 0.043273 0.088801
vt 0.039751 0.075525
vt 0.265156 0.176691
vt 0.265580 0.175554
vt 0.082779 0.178959
vt 0.074746 0.167141
vt 0.075379 0.166380
vt 0.264618 0.163694
vt 0.263985 0.162933
vt 0.272018 0.151115
vt 0.403814 0.016504
vt 0.411817 0.015302
vt 0.411817 0.016504
vt 0.403814 0.017688
vt 0.411817 0.017688
vt 0.403814 0.018851
vt 0.411817 0.018851
vt 0.403814 0.019980
vt 0.411817 0.019980
vt 0.403814 0.021067
vt 0.411817 0.021067
vt 0.410730 0.420426
vt 0.410730 0.419613
vt 0.402728 0.421409
vt 0.402728 0.420426
vt 0.410730 0.421409
vt 0.402728 0.422406
vt 0.410730 0.422406
vt 0.402728 0.423404
vt 0.410730 0.423404
vt 0.402728 0.424403
vt 0.410730 0.424403
vt 0.402728 0.425395
vt 0.410730 0.425421
vt 0.402728 0.426361
vt 0.402728 0.425421
vt 0.402728 0.427300
vt 0.410730 0.426361
vt 0.410730 0.427300
vt 0.402728 0.427883
vt 0.410730 0.427883
vt 0.402728 0.429061
vt 0.410730 0.428203
vt 0.410730 0.429061
vt 0.403814 0.006306
vt 0.411817 0.005416
vt 0.411817 0.006306
vt 0.403814 0.007272
vt 0.411817 0.007272
vt 0.403814 0.008304
vt 0.411817 0.008304
vt 0.403814 0.009305
vt 0.411817 0.009305
vt 0.403814 0.010525
vt 0.411817 0.009392
vt 0.411817 0.010525
vt 0.403814 0.011693
vt 0.411817 0.011693
vt 0.403814 0.012885
vt 0.411817 0.012885
vt 0.403814 0.014089
vt 0.411817 0.014089
vt 0.403814 0.015302
vt 0.005416 0.458096
vt 0.013418 0.437662
vt 0.013418 0.458096
vt 0.402728 0.242285
vt 0.410730 0.174717
vt 0.410730 0.242285
vt 0.271447 0.171125
vt 0.296773 0.166424
vt 0.289780 0.180339
vt 0.009676 0.014630
vt 0.058519 0.066122
vt 0.040186 0.075336
vt 0.441482 0.148465
vt 0.449484 0.128005
vt 0.449484 0.148465
vt 0.391896 0.278699
vt 0.383894 0.340941
vt 0.383894 0.278699
vt 0.297916 0.164151
vt 0.278700 0.156693
vt 0.279583 0.154937
vt 0.183823 0.315444
vt 0.137352 0.268670
vt 0.155685 0.259456
vt 0.278440 0.157210
vt 0.297033 0.165907
vt 0.107534 0.163650
vt 0.089461 0.173381
vt 0.089201 0.172864
vt 0.108677 0.165923
vt 0.090344 0.175137
vt 0.344924 0.070618
vt 0.354729 0.005416
vt 0.373062 0.014630
vt 0.391896 0.174717
vt 0.383894 0.174717
vt 0.383894 0.163885
vt 0.391896 0.101568
vt 0.391896 0.163885
vt 0.082208 0.158949
vt 0.247758 0.263952
vt 0.229425 0.254738
vt 0.383894 0.392878
vt 0.391896 0.417146
vt 0.383894 0.417146
vt 0.336550 0.185432
vt 0.369086 0.212384
vt 0.331951 0.194582
vt 0.421562 0.291323
vt 0.429564 0.275235
vt 0.429564 0.291323
vt 0.301431 0.158008
vt 0.309845 0.162365
vt 0.310173 0.163152
vt 0.121557 0.165806
vt 0.120934 0.166922
vt 0.112192 0.172066
vt 0.125604 0.159049
vt 0.124950 0.160176
vt 0.116713 0.144552
vt 0.312802 0.167683
vt 0.313496 0.168801
vt 0.305952 0.185522
vt 0.421562 0.306522
vt 0.429564 0.306522
vt 0.384980 0.101291
vt 0.391896 0.100902
vt 0.392983 0.101291
vt 0.391896 0.063319
vt 0.383894 0.100902
vt 0.383894 0.063319
vt 0.138921 0.225251
vt 0.155739 0.258725
vt 0.155741 0.259140
vt 0.328160 0.104823
vt 0.344978 0.071349
vt 0.330954 0.106227
vt 0.301664 0.157544
vt 0.308755 0.150719
vt 0.308402 0.152029
vt 0.112424 0.172530
vt 0.118922 0.176722
vt 0.119163 0.178045
vt 0.383894 0.021880
vt 0.391896 0.021505
vt 0.391896 0.021880
vt 0.120606 0.167709
vt 0.120371 0.168065
vt 0.309610 0.162009
vt 0.309426 0.161445
vt 0.309454 0.142043
vt 0.312247 0.143459
vt 0.120215 0.188030
vt 0.141715 0.223847
vt 0.391896 0.417813
vt 0.383894 0.417813
vt 0.391896 0.418904
vt 0.383894 0.418904
vt 0.391896 0.420045
vt 0.383894 0.420045
vt 0.391896 0.421204
vt 0.383894 0.421204
vt 0.391896 0.422375
vt 0.383894 0.422375
vt 0.391896 0.423545
vt 0.383894 0.423545
vt 0.391896 0.424712
vt 0.383894 0.424712
vt 0.391896 0.425774
vt 0.383894 0.425774
vt 0.391896 0.426962
vt 0.383894 0.425853
vt 0.391896 0.425853
vt 0.391896 0.427649
vt 0.383894 0.428033
vt 0.383894 0.427649
vt 0.391896 0.428482
vt 0.383894 0.428482
vt 0.391896 0.428033
vt 0.391896 0.430018
vt 0.383894 0.429056
vt 0.391896 0.429056
vt 0.391896 0.006418
vt 0.383894 0.005416
vt 0.391896 0.005416
vt 0.391896 0.007506
vt 0.383894 0.006418
vt 0.391896 0.008671
vt 0.383894 0.007506
vt 0.391896 0.009900
vt 0.383894 0.008671
vt 0.391896 0.011182
vt 0.383894 0.009900
vt 0.391896 0.012504
vt 0.383894 0.011182
vt 0.391896 0.013854
vt 0.383894 0.012504
vt 0.391896 0.015219
vt 0.383894 0.013854
vt 0.391896 0.016586
vt 0.383894 0.015219
vt 0.391896 0.017950
vt 0.383894 0.016586
vt 0.391896 0.019292
vt 0.383894 0.017950
vt 0.391896 0.020611
vt 0.383894 0.019292
vt 0.383894 0.021505
vt 0.383894 0.020611
vt 0.421562 0.318184
vt 0.429564 0.318184
vt 0.289773 0.446469
vt 0.297775 0.437662
vt 0.297775 0.446469
vt 0.421562 0.359119
vt 0.147310 0.144642
vt 0.179847 0.117690
vt 0.183823 0.125602
vt 0.391896 0.351773
vt 0.391896 0.392878
vt 0.100878 0.149555
vt 0.429564 0.274854
vt 0.421562 0.275235
vt 0.421562 0.274854
vt 0.383894 0.101568
vt 0.290117 0.180519
vt 0.107794 0.164167
vt 0.326591 0.061404
vt 0.421562 0.437439
vt 0.429564 0.369951
vt 0.429564 0.437439
vt 0.217248 0.324658
vt 0.198915 0.315444
vt 0.100541 0.149735
vt 0.402728 0.335351
vt 0.410730 0.335351
vt 0.421562 0.175190
vt 0.429564 0.174717
vt 0.367405 0.666835
vt 0.366936 0.674838
vt 0.366936 0.666835
vt 0.262340 0.437662
vt 0.254338 0.447763
vt 0.254338 0.437662
vt 0.429564 0.230064
vt 0.421562 0.264023
vt 0.040410 0.199496
vt 0.005416 0.205704
vt 0.402728 0.380097
vt 0.410730 0.346182
vt 0.228990 0.254549
vt 0.077384 0.159232
vt 0.077393 0.160294
vt 0.077301 0.161426
vt 0.076258 0.164911
vt 0.077108 0.162524
vt 0.072800 0.147085
vt 0.071876 0.145235
vt 0.077383 0.159139
vt 0.077271 0.157974
vt 0.073322 0.148193
vt 0.074309 0.150192
vt 0.073799 0.149176
vt 0.074844 0.151235
vt 0.075400 0.152292
vt 0.077059 0.156807
vt 0.076748 0.155652
vt 0.279168 0.154709
vt 0.265497 0.165163
vt 0.265667 0.165495
vt 0.266623 0.170842
vt 0.266632 0.169780
vt 0.266540 0.168648
vt 0.403814 0.024342
vt 0.194655 0.124370
vt 0.260020 0.159850
vt 0.259314 0.159446
vt 0.253183 0.155793
vt 0.263967 0.162912
vt 0.263278 0.162143
vt 0.260862 0.160357
vt 0.074728 0.167162
vt 0.070075 0.170627
vt 0.070781 0.170224
vt 0.074038 0.167931
vt 0.073273 0.168591
vt 0.263548 0.179882
vt 0.262039 0.182989
vt 0.262561 0.181880
vt 0.263038 0.180898
vt 0.266622 0.170935
vt 0.266510 0.172100
vt 0.264083 0.178839
vt 0.264639 0.177782
vt 0.266298 0.173266
vt 0.265987 0.174421
vt 0.075948 0.165516
vt 0.265187 0.164558
vt 0.410730 0.425395
vt 0.402728 0.428203
vt 0.403814 0.005416
vt 0.403814 0.009392
vt 0.005416 0.437662
vt 0.402728 0.174717
vt 0.028009 0.005416
vt 0.441482 0.128005
vt 0.391896 0.340941
vt 0.165490 0.324658
vt 0.373062 0.204472
vt 0.310797 0.164268
vt 0.310855 0.164324
vt 0.121616 0.165750
vt 0.122213 0.164683
vt 0.131432 0.139438
vt 0.142711 0.135492
vt 0.122859 0.163492
vt 0.126783 0.157598
vt 0.123562 0.162391
vt 0.124257 0.161273
vt 0.126338 0.158153
vt 0.316022 0.172476
vt 0.320671 0.190636
vt 0.311452 0.165391
vt 0.312099 0.166582
vt 0.314843 0.171025
vt 0.315577 0.171921
vt 0.314189 0.169898
vt 0.344980 0.070934
vt 0.309117 0.160844
vt 0.309216 0.149435
vt 0.312042 0.143783
vt 0.311636 0.144585
vt 0.311018 0.145761
vt 0.308677 0.159709
vt 0.308346 0.158513
vt 0.310363 0.146949
vt 0.309781 0.148187
vt 0.308127 0.157267
vt 0.308023 0.155984
vt 0.308034 0.154674
vt 0.308161 0.153352
vt 0.122803 0.186291
vt 0.123008 0.186615
vt 0.120187 0.168629
vt 0.119878 0.169230
vt 0.119438 0.170365
vt 0.122397 0.185489
vt 0.119977 0.180639
vt 0.121124 0.183125
vt 0.120542 0.181887
vt 0.121779 0.184313
vt 0.119107 0.171561
vt 0.118888 0.172807
vt 0.118784 0.174090
vt 0.118795 0.175400
vt 0.119515 0.179355
vt 0.383894 0.426962
vt 0.383894 0.430018
vt 0.289773 0.437662
vt 0.429564 0.359119
vt 0.383894 0.351773
vt 0.421562 0.369951
vt 0.421562 0.174717
vt 0.367405 0.674838
vt 0.262340 0.447763
vt 0.429564 0.264023
vt 0.009982 0.214789
vt 0.402728 0.346182
vn 1.0000 0.0000 0.0000
vn -0.2472 0.0000 -0.9690
vn 0.0000 -1.0000 0.0000
vn 0.0000 1.0000 0.0000
vn -0.0030 0.0000 -1.0000
vn -0.9998 0.0000 -0.0220
vn -0.9983 0.0000 -0.0588
vn 0.9995 0.0000 -0.0326
vn -0.9909 0.0000 -0.1343
vn 0.0041 0.0000 -1.0000
vn -0.0283 0.0000 -0.9996
vn 0.0221 0.0000 -0.9998
vn 0.0104 0.0000 -0.9999
vn -0.0006 0.0000 -1.0000
vn -0.0168 0.0000 -0.9999
vn -0.0312 0.0000 -0.9995
vn -0.9991 0.0000 -0.0435
vn -0.9980 0.0000 -0.0633
vn -0.9949 0.0000 -0.1013
vn -0.9932 0.0000 -0.1165
vn -0.9793 0.0000 -0.2023
vn -0.9520 0.0000 -0.3062
vn -0.9415 0.0000 -0.3369
vn -0.9040 0.0000 -0.4276
vn -0.8577 0.0000 -0.5141
vn -0.8032 0.0000 -0.5957
vn -0.7410 0.0000 -0.6716
vn -0.6716 0.0000 -0.7410
vn -0.5957 0.0000 -0.8032
vn -0.5141 0.0000 -0.8577
vn -0.4276 0.0000 -0.9040
vn -0.3369 0.0000 -0.9415
vn -0.2430 0.0000 -0.9700
vn -0.1467 0.0000 -0.9892
vn -0.1310 0.0000 -0.9914
vn -1.0000 0.0000 0.0000
vn -0.0000 0.0000 1.0000
vn 0.0000 0.0000 -1.0000
vn 0.9968 0.0000 0.0798
vn -0.9914 0.0000 0.1310
vn -0.9942 0.0000 0.1077
vn 0.5302 0.0000 0.8479
vn 0.1014 0.0000 0.9949
vn -0.0001 0.7160 -0.6981
vn -0.1187 0.0000 0.9929
vn 0.0001 0.0000 1.0000
vn 0.9361 0.0000 0.3518
vn 0.9393 0.0000 0.3430
vn 0.8811 0.0000 0.4729
vn 0.8967 0.0000 0.4426
vn 0.8937 0.0000 0.4486
vn 0.8985 0.0000 0.4389
vn 0.8685 0.0000 0.4957
vn 0.8744 0.0000 0.4852
vn 0.8739 0.0000 0.4861
vn 0.9040 0.0000 0.4276
vn 0.7711 0.0000 0.6367
vn 0.8032 0.0000 0.5957
vn 0.7409 0.0000 0.6716
vn 0.6716 0.0000 0.7409
vn 0.5957 0.0000 0.8032
vn 0.5141 0.0000 0.8577
vn 0.4276 0.0000 0.9040
vn 0.3369 0.0000 0.9415
vn 0.2430 0.0000 0.9700
vn 0.1467 0.0000 0.9892
vn 0.0491 0.0000 0.9988
vn 0.0320 0.0000 0.9995
vn -0.0467 0.0000 0.9989
vn -0.0219 0.0000 0.9998
vn -0.0043 0.0000 1.0000
vn -0.9944 0.0000 0.1060
vn -0.9999 0.0000 0.0153
vn 0.9999 0.0000 0.0123
vn -0.9998 0.0000 -0.0212
vn 0.6610 0.0000 0.7504
vn 0.9995 0.0000 0.0304
vn -0.9990 0.0000 0.0455
vn 0.0001 -0.7160 0.6981
vn 0.9700 0.0000 0.2430
vn 0.8173 0.0000 0.5762
vn 0.8577 0.0000 0.5141
vn 0.0087 0.7040 0.7101
vn -0.0087 -0.7040 -0.7101
s off
f 152/345/74 153/346/74 151/347/74
f 158/348/75 155/349/75 157/350/75
f 169/351/74 162/352/74 170/353/74
f 175/354/76 155/355/76 174/356/76
f 154/357/77 180/358/77 181/359/77
f 160/360/77 188/361/77 195/362/77
f 159/363/76 200/364/76 204/365/76
f 174/366/78 196/367/78 205/368/78
f 164/369/76 357/370/76 161/371/76
f 170/372/77 163/373/77 171/374/77
f 171/375/79 164/376/79 172/377/79
f 169/378/76 164/369/76 161/371/76
f 178/379/76 208/380/76 206/381/76
f 168/382/80 214/383/80 167/384/80
f 177/385/77 218/386/77 219/387/77
f 178/388/81 166/389/81 177/390/81
f 165/391/76 172/392/76 169/378/76
f 167/384/82 172/377/82 168/382/82
f 166/393/77 171/374/77 167/394/77
f 165/395/74 170/353/74 166/389/74
f 156/396/83 174/366/83 155/349/83
f 173/397/77 156/398/77 158/399/77
f 159/363/76 232/400/76 224/401/76
f 151/347/81 177/390/81 152/345/81
f 152/402/77 217/403/77 233/404/77
f 235/405/76 209/406/76 151/407/76
f 194/408/84 232/409/84 231/410/84
f 193/411/85 231/410/85 230/412/85
f 191/413/86 230/412/86 229/414/86
f 192/415/87 229/414/87 227/416/87
f 197/417/88 227/416/88 228/418/88
f 196/367/89 228/418/89 205/368/89
f 212/419/90 214/383/90 211/420/90
f 212/419/91 218/421/91 221/422/91
f 207/423/92 219/424/92 218/421/92
f 206/425/93 220/426/93 219/424/93
f 208/427/94 215/428/94 220/426/94
f 213/429/95 216/430/95 215/428/95
f 209/431/96 233/432/96 217/433/96
f 234/434/97 235/435/97 236/436/97
f 179/437/98 236/436/98 202/438/98
f 181/439/99 203/440/99 204/441/99
f 185/442/100 204/443/100 200/444/100
f 183/445/101 200/444/101 201/446/101
f 184/447/102 201/446/102 198/448/102
f 182/449/103 198/448/103 199/450/103
f 187/451/104 222/452/104 223/453/104
f 190/454/105 223/453/105 226/455/105
f 189/456/106 226/455/106 225/457/106
f 188/458/107 225/457/107 224/459/107
f 195/460/108 224/459/108 232/409/108
f 238/461/109 239/462/109 237/463/109
f 354/464/110 237/465/110 356/466/110
f 257/467/76 241/468/76 259/469/76
f 240/470/77 354/471/77 355/472/77
f 246/473/74 247/474/74 245/475/74
f 256/476/111 245/477/111 255/478/111
f 351/479/76 249/480/76 350/481/76
f 248/482/77 256/483/77 254/484/77
f 243/485/76 251/486/76 241/468/76
f 242/487/77 250/488/77 244/489/77
f 349/490/77 256/483/77 352/491/77
f 253/492/76 245/493/76 247/494/76
f 352/495/111 255/478/111 350/496/111
f 248/497/110 253/498/110 247/499/110
f 258/500/77 242/487/77 244/489/77
f 257/467/76 356/501/76 353/502/76
f 264/503/112 286/504/112 285/505/112
f 263/506/76 347/507/76 267/508/76
f 270/509/113 265/510/113 269/511/113
f 261/512/76 290/513/76 289/514/76
f 293/515/77 294/516/77 262/517/77
f 295/518/77 301/519/77 270/520/77
f 304/521/76 305/522/76 269/523/76
f 344/524/114 269/511/114 343/525/114
f 273/526/115 271/527/115 272/528/115
f 282/529/116 274/530/116 284/531/116
f 281/532/117 274/533/117 273/534/117
f 283/535/76 271/536/76 282/537/76
f 279/538/76 311/539/76 313/540/76
f 280/541/77 332/542/77 340/543/77
f 278/544/118 322/545/118 277/546/118
f 262/517/77 291/547/77 341/548/77
f 342/549/76 261/512/76 317/550/76
f 276/551/76 282/537/76 277/552/76
f 275/553/77 284/554/77 281/532/77
f 277/546/119 284/531/119 278/544/119
f 303/555/120 285/505/120 286/504/120
f 297/556/121 302/557/121 295/558/121
f 295/558/122 308/559/122 301/560/122
f 301/560/123 305/561/123 299/562/123
f 299/562/124 304/563/124 298/564/124
f 298/564/125 307/565/125 300/566/125
f 300/566/126 306/567/126 296/568/126
f 287/569/127 292/570/127 306/567/127
f 289/571/128 293/572/128 288/573/128
f 290/574/129 341/575/129 291/576/129
f 317/577/130 337/578/130 342/579/130
f 318/580/131 336/581/131 316/582/131
f 320/583/132 338/584/132 318/585/132
f 314/586/133 335/587/133 320/583/133
f 315/588/134 339/589/134 314/586/134
f 319/590/135 333/591/135 315/588/135
f 312/592/136 334/593/136 319/590/136
f 313/594/137 332/595/137 312/592/137
f 311/596/138 340/597/138 313/594/138
f 309/598/139 329/599/139 311/596/139
f 310/600/140 330/601/140 309/598/140
f 324/602/141 328/603/141 310/600/141
f 323/604/142 331/605/142 324/602/142
f 321/606/143 327/607/143 323/604/143
f 321/606/144 326/608/144 325/609/144
f 268/610/145 343/525/145 267/611/145
f 346/612/110 347/613/110 345/614/110
f 267/611/146 348/615/146 268/610/146
f 264/616/77 348/617/77 346/618/77
f 264/503/147 345/619/147 263/620/147
f 242/487/77 266/621/77 262/517/77
f 259/622/148 266/623/148 260/624/148
f 273/526/149 253/498/149 254/625/149
f 261/512/76 265/626/76 241/468/76
f 252/627/77 352/491/77 250/488/77
f 351/479/76 255/628/76 253/492/76
f 240/629/111 353/630/111 239/631/111
f 353/502/76 237/632/76 239/633/76
f 355/472/77 260/634/77 258/500/77
f 260/635/110 356/466/110 259/636/110
f 258/500/77 244/489/77 160/360/77
f 154/637/150 350/638/150 153/346/150
f 353/639/151 158/640/151 157/641/151
f 175/354/76 159/363/76 257/467/76
f 360/642/111 357/643/111 359/644/111
f 161/645/74 358/646/74 162/352/74
f 162/647/77 360/648/77 163/373/77
f 163/649/109 359/650/109 164/376/109
f 152/345/74 154/637/74 153/346/74
f 158/348/75 156/396/75 155/349/75
f 169/351/74 161/645/74 162/352/74
f 175/354/76 157/651/76 155/355/76
f 182/652/77 160/360/77 184/653/77
f 160/360/77 154/357/77 181/359/77
f 184/653/77 160/360/77 183/654/77
f 154/357/77 152/402/77 179/655/77
f 154/357/77 179/655/77 180/358/77
f 183/654/77 160/360/77 185/656/77
f 185/656/77 160/360/77 181/359/77
f 196/657/77 176/658/77 173/397/77
f 160/360/77 182/652/77 186/659/77
f 160/360/77 186/659/77 187/660/77
f 196/657/77 173/397/77 197/661/77
f 173/397/77 160/360/77 191/662/77
f 192/663/77 173/397/77 191/662/77
f 192/663/77 197/661/77 173/397/77
f 193/664/77 191/662/77 160/360/77
f 194/665/77 193/664/77 160/360/77
f 160/360/77 187/660/77 190/666/77
f 160/360/77 190/666/77 189/667/77
f 195/362/77 194/665/77 160/360/77
f 160/360/77 189/667/77 188/361/77
f 151/407/76 153/668/76 202/669/76
f 153/668/76 159/363/76 204/365/76
f 202/669/76 153/668/76 203/670/76
f 159/363/76 199/671/76 198/672/76
f 159/363/76 198/672/76 201/673/76
f 203/670/76 153/668/76 204/365/76
f 159/363/76 201/673/76 200/364/76
f 174/366/78 176/674/78 196/367/78
f 164/369/76 359/675/76 357/370/76
f 170/372/77 162/647/77 163/373/77
f 171/375/79 163/649/79 164/376/79
f 169/378/76 172/392/76 164/369/76
f 212/676/76 211/677/76 178/379/76
f 211/677/76 168/678/76 178/379/76
f 168/678/76 165/391/76 178/379/76
f 178/379/76 209/406/76 210/679/76
f 178/379/76 210/679/76 213/680/76
f 207/681/76 212/676/76 178/379/76
f 178/379/76 213/680/76 208/380/76
f 206/381/76 207/681/76 178/379/76
f 168/382/80 211/420/80 214/383/80
f 216/682/77 217/403/77 177/385/77
f 177/385/77 166/393/77 167/394/77
f 167/394/77 214/683/77 177/385/77
f 214/683/77 221/684/77 177/385/77
f 215/685/77 216/682/77 177/385/77
f 220/686/77 215/685/77 177/385/77
f 177/385/77 221/684/77 218/386/77
f 219/387/77 220/686/77 177/385/77
f 178/388/81 165/395/81 166/389/81
f 165/391/76 168/678/76 172/392/76
f 167/384/82 171/375/82 172/377/82
f 166/393/77 170/372/77 171/374/77
f 165/395/74 169/351/74 170/353/74
f 156/396/83 176/674/83 174/366/83
f 173/397/77 176/658/77 156/398/77
f 159/363/76 175/354/76 229/687/76
f 175/354/76 174/356/76 205/688/76
f 205/688/76 228/689/76 175/354/76
f 228/689/76 227/690/76 175/354/76
f 222/691/76 199/671/76 159/363/76
f 223/692/76 222/691/76 159/363/76
f 175/354/76 227/690/76 229/687/76
f 229/687/76 230/693/76 159/363/76
f 230/693/76 231/694/76 159/363/76
f 226/695/76 223/692/76 159/363/76
f 225/696/76 226/695/76 159/363/76
f 159/363/76 231/694/76 232/400/76
f 224/401/76 225/696/76 159/363/76
f 151/347/81 178/388/81 177/390/81
f 234/697/77 179/655/77 152/402/77
f 152/402/77 177/385/77 217/403/77
f 233/404/77 234/697/77 152/402/77
f 178/379/76 151/407/76 209/406/76
f 151/407/76 202/669/76 236/698/76
f 151/407/76 236/698/76 235/405/76
f 194/408/84 195/460/84 232/409/84
f 193/411/85 194/408/85 231/410/85
f 191/413/86 193/411/86 230/412/86
f 192/415/87 191/413/87 229/414/87
f 197/417/88 192/415/88 227/416/88
f 196/367/89 197/417/89 228/418/89
f 212/419/90 221/422/90 214/383/90
f 212/419/91 207/423/91 218/421/91
f 207/423/92 206/425/92 219/424/92
f 206/425/93 208/427/93 220/426/93
f 208/427/94 213/429/94 215/428/94
f 213/429/95 210/699/95 216/430/95
f 217/433/96 216/430/96 210/699/96
f 209/431/96 235/435/96 233/432/96
f 217/433/96 210/699/96 209/431/96
f 234/434/97 233/432/97 235/435/97
f 202/438/98 203/440/98 180/700/98
f 179/437/98 234/434/98 236/436/98
f 202/438/98 180/700/98 179/437/98
f 181/439/99 180/700/99 203/440/99
f 185/442/100 181/701/100 204/443/100
f 183/445/101 185/442/101 200/444/101
f 184/447/102 183/445/102 201/446/102
f 199/450/103 222/452/103 186/702/103
f 182/449/103 184/447/103 198/448/103
f 199/450/103 186/702/103 182/449/103
f 187/451/104 186/702/104 222/452/104
f 190/454/105 187/451/105 223/453/105
f 189/456/106 190/454/106 226/455/106
f 188/458/107 189/456/107 225/457/107
f 195/460/108 188/458/108 224/459/108
f 238/461/109 240/703/109 239/462/109
f 354/464/110 238/704/110 237/465/110
f 257/467/76 243/485/76 241/468/76
f 240/470/77 238/705/77 354/471/77
f 246/473/74 248/706/74 247/474/74
f 256/476/111 246/707/111 245/477/111
f 351/479/76 251/486/76 249/480/76
f 248/482/77 246/708/77 256/483/77
f 243/485/76 249/480/76 251/486/76
f 242/487/77 252/627/77 250/488/77
f 349/490/77 254/484/77 256/483/77
f 253/492/76 255/628/76 245/493/76
f 352/495/111 256/476/111 255/478/111
f 248/497/110 254/625/110 253/498/110
f 258/500/77 260/634/77 242/487/77
f 257/467/76 259/469/76 356/501/76
f 264/503/112 263/620/112 286/504/112
f 263/506/76 345/709/76 347/507/76
f 270/509/113 266/623/113 265/510/113
f 288/710/76 287/711/76 269/523/76
f 269/523/76 265/626/76 288/710/76
f 265/626/76 261/512/76 288/710/76
f 288/710/76 261/512/76 289/514/76
f 294/516/77 291/547/77 262/517/77
f 262/517/77 266/621/77 293/515/77
f 266/621/77 270/520/77 293/515/77
f 270/520/77 292/712/77 293/515/77
f 296/713/77 292/712/77 270/520/77
f 344/714/77 268/715/77 264/616/77
f 296/713/77 270/520/77 300/716/77
f 270/520/77 344/714/77 285/717/77
f 300/716/77 270/520/77 298/718/77
f 299/719/77 298/718/77 270/520/77
f 299/719/77 270/520/77 301/519/77
f 344/714/77 264/616/77 285/717/77
f 285/717/77 297/720/77 270/520/77
f 297/720/77 295/518/77 270/520/77
f 286/721/76 263/506/76 343/722/76
f 263/506/76 267/508/76 343/722/76
f 343/722/76 269/523/76 286/721/76
f 269/523/76 287/711/76 306/723/76
f 307/724/76 269/523/76 306/723/76
f 302/725/76 303/726/76 269/523/76
f 303/726/76 286/721/76 269/523/76
f 305/522/76 308/727/76 269/523/76
f 308/727/76 302/725/76 269/523/76
f 307/724/76 304/521/76 269/523/76
f 344/524/114 270/509/114 269/511/114
f 273/526/115 274/530/115 271/527/115
f 282/529/116 271/527/116 274/530/116
f 281/532/77 284/554/77 274/533/77
f 283/535/152 272/728/152 271/536/152
f 316/729/76 317/550/76 279/538/76
f 279/538/76 276/551/76 309/730/76
f 276/551/76 277/552/76 322/731/76
f 322/731/76 321/732/76 276/551/76
f 321/732/76 323/733/76 276/551/76
f 318/734/76 316/729/76 279/538/76
f 320/735/76 318/734/76 279/538/76
f 276/551/76 323/733/76 324/736/76
f 276/551/76 324/736/76 310/737/76
f 314/738/76 320/735/76 279/538/76
f 315/739/76 314/738/76 279/538/76
f 276/551/76 310/737/76 309/730/76
f 319/740/76 315/739/76 279/538/76
f 312/741/76 319/740/76 279/538/76
f 279/538/76 309/730/76 311/539/76
f 313/540/76 312/741/76 279/538/76
f 326/742/77 278/743/77 275/553/77
f 280/541/77 337/744/77 336/745/77
f 280/541/77 336/745/77 338/746/77
f 326/742/77 275/553/77 325/747/77
f 275/553/77 280/541/77 330/748/77
f 331/749/77 275/553/77 328/750/77
f 327/751/77 325/747/77 275/553/77
f 331/749/77 327/751/77 275/553/77
f 280/541/77 338/746/77 335/752/77
f 280/541/77 335/752/77 339/753/77
f 328/750/77 275/553/77 330/748/77
f 280/541/77 339/753/77 333/754/77
f 280/541/77 333/754/77 334/755/77
f 329/756/77 330/748/77 280/541/77
f 280/541/77 334/755/77 332/542/77
f 340/543/77 329/756/77 280/541/77
f 278/544/118 326/608/118 322/545/118
f 341/548/77 337/744/77 262/517/77
f 337/744/77 280/541/77 262/517/77
f 290/513/76 261/512/76 342/549/76
f 261/512/76 279/538/76 317/550/76
f 276/551/76 283/535/76 282/537/76
f 275/553/77 278/743/77 284/554/77
f 277/546/119 282/529/119 284/531/119
f 303/555/120 297/556/120 285/505/120
f 297/556/121 303/555/121 302/557/121
f 295/558/122 302/557/122 308/559/122
f 301/560/123 308/559/123 305/561/123
f 299/562/124 305/561/124 304/563/124
f 298/564/125 304/563/125 307/565/125
f 300/566/126 307/565/126 306/567/126
f 287/569/153 288/573/153 293/572/153
f 292/570/127 296/568/127 306/567/127
f 287/569/153 293/572/153 292/570/153
f 289/571/128 294/757/128 293/572/128
f 294/757/154 289/571/154 290/574/154
f 290/574/129 342/579/129 341/575/129
f 291/576/154 294/757/154 290/574/154
f 317/577/155 316/582/155 336/581/155
f 337/578/130 341/575/130 342/579/130
f 317/577/155 336/581/155 337/578/155
f 318/580/131 338/758/131 336/581/131
f 320/583/132 335/587/132 338/584/132
f 314/586/133 339/589/133 335/587/133
f 315/588/134 333/591/134 339/589/134
f 319/590/135 334/593/135 333/591/135
f 312/592/136 332/595/136 334/593/136
f 313/594/137 340/597/137 332/595/137
f 311/596/138 329/599/138 340/597/138
f 309/598/139 330/601/139 329/599/139
f 310/600/140 328/603/140 330/601/140
f 324/602/141 331/605/141 328/603/141
f 323/604/142 327/607/142 331/605/142
f 321/606/143 325/609/143 327/607/143
f 321/606/144 322/545/144 326/608/144
f 268/610/145 344/524/145 343/525/145
f 346/612/110 348/759/110 347/613/110
f 267/611/146 347/760/146 348/615/146
f 264/616/77 268/715/77 348/617/77
f 264/503/147 346/761/147 345/619/147
f 254/484/77 349/490/77 281/532/77
f 349/490/77 252/627/77 262/517/77
f 281/532/77 349/490/77 275/553/77
f 242/487/77 260/634/77 266/621/77
f 252/627/77 242/487/77 262/517/77
f 281/532/156 273/534/156 254/484/156
f 262/517/77 280/541/77 349/490/77
f 280/541/77 275/553/77 349/490/77
f 259/622/148 265/510/148 266/623/148
f 273/526/149 272/528/149 253/498/149
f 241/468/76 251/486/76 261/512/76
f 251/486/76 351/479/76 261/512/76
f 253/492/157 272/728/157 283/535/157
f 276/551/76 279/538/76 351/479/76
f 279/538/76 261/512/76 351/479/76
f 253/492/76 283/535/76 351/479/76
f 283/535/76 276/551/76 351/479/76
f 265/626/76 259/469/76 241/468/76
f 252/627/77 349/490/77 352/491/77
f 351/479/76 350/481/76 255/628/76
f 240/629/111 355/762/111 353/630/111
f 353/502/76 356/501/76 237/632/76
f 355/472/77 354/471/77 260/634/77
f 260/635/110 354/464/110 356/466/110
f 352/491/77 154/357/77 250/488/77
f 154/357/77 160/360/77 244/489/77
f 173/397/77 158/399/77 355/472/77
f 154/357/77 244/489/77 250/488/77
f 160/360/77 173/397/77 258/500/77
f 173/397/77 355/472/77 258/500/77
f 154/637/150 352/763/150 350/638/150
f 353/639/151 355/764/151 158/640/151
f 159/363/76 153/668/76 243/485/76
f 153/668/76 350/481/76 249/480/76
f 243/485/76 153/668/76 249/480/76
f 257/467/76 353/502/76 175/354/76
f 353/502/76 157/651/76 175/354/76
f 243/485/76 257/467/76 159/363/76
f 360/642/111 358/765/111 357/643/111
f 161/645/74 357/766/74 358/646/74
f 162/647/77 358/767/77 360/648/77
f 163/649/109 360/768/109 359/650/109
o Cube.026_Cube.035
v 1.689862 0.322979 -47.822384
v 1.689862 2.322979 -47.822384
v -0.310138 0.322979 -47.822380
v -0.310138 2.322979 -47.822380
v 1.599251 0.322979 -48.337734
v 1.599251 2.322979 -48.337734
v -0.219528 0.322979 -48.337730
v -0.219528 2.322979 -48.337730
v 1.399608 0.322979 -48.783207
v 1.399608 2.322979 -48.783207
v -0.019886 0.322979 -48.783207
v -0.019886 2.322979 -48.783207
v 1.178464 0.322979 -49.150066
v 1.178464 2.322979 -49.150066
v 0.201259 0.322979 -49.150066
v 0.201259 2.322979 -49.150066
v -0.414078 2.322979 -31.459095
v 1.689880 0.322979 -31.459097
v -0.414078 0.322979 -31.459087
v 1.689880 2.322979 -31.459089
v 1.689886 0.322979 -15.447128
v 1.689886 2.322979 -15.447128
v -0.310114 0.322979 -15.447126
v -0.310114 2.322979 -15.447126
v 1.599276 0.322979 -14.931778
v 1.599276 2.322979 -14.931778
v -0.219504 0.322979 -14.931776
v -0.219504 2.322979 -14.931776
v 1.399634 0.322979 -14.486305
v 1.399634 2.322979 -14.486305
v -0.019860 0.322979 -14.486305
v -0.019860 2.322979 -14.486305
v 1.178489 0.322979 -14.119446
v 1.178489 2.322979 -14.119446
v 0.201285 0.322979 -14.119446
v 0.201285 2.322979 -14.119446
v -0.414078 2.322979 -31.810415
v 1.689880 0.322979 -31.810415
v -0.414078 0.322979 -31.810421
v 1.689880 2.322979 -31.810423
vt 0.371655 0.467664
vt 0.367290 0.459661
vt 0.371655 0.459661
vt 0.277537 0.460085
vt 0.277674 0.468087
vt 0.277537 0.468087
vt 0.540600 0.160452
vt 0.540066 0.156088
vt 0.540628 0.156088
vt 0.277674 0.460085
vt 0.277793 0.468087
vt 0.540091 0.160590
vt 0.540066 0.160452
vt 0.528674 0.156442
vt 0.529183 0.156304
vt 0.529207 0.156442
vt 0.367290 0.467664
vt 0.367153 0.459661
vt 0.540523 0.160709
vt 0.540203 0.160807
vt 0.540144 0.160709
vt 0.528698 0.156304
vt 0.529130 0.156185
vt 0.367153 0.467664
vt 0.367034 0.459661
vt 0.327702 0.710724
vt 0.327441 0.702721
vt 0.327702 0.702721
vt 0.528751 0.156185
vt 0.529071 0.156088
vt 0.367034 0.467664
vt 0.366936 0.459661
vt 0.277793 0.460085
vt 0.277891 0.468087
vt 0.273172 0.460085
vt 0.528674 0.160807
vt 0.328002 0.673056
vt 0.327441 0.665053
vt 0.328002 0.665053
vt 0.277537 0.497753
vt 0.273172 0.505755
vt 0.273172 0.497753
vt 0.273389 0.486921
vt 0.273526 0.478919
vt 0.273526 0.486921
vt 0.460877 0.156088
vt 0.460344 0.160452
vt 0.460316 0.156088
vt 0.273270 0.486921
vt 0.273389 0.478919
vt 0.460853 0.160590
vt 0.460877 0.160452
vt 0.471761 0.156304
vt 0.472270 0.156442
vt 0.471737 0.156442
vt 0.277674 0.497753
vt 0.277537 0.505755
vt 0.460741 0.160807
vt 0.460421 0.160709
vt 0.460800 0.160709
vt 0.460368 0.160590
vt 0.471814 0.156185
vt 0.472246 0.156304
vt 0.277793 0.497753
vt 0.277674 0.505755
vt 0.327702 0.683887
vt 0.327441 0.691890
vt 0.327441 0.683887
vt 0.471873 0.156088
vt 0.472193 0.156185
vt 0.277891 0.497753
vt 0.277793 0.505755
vt 0.273172 0.486921
vt 0.273270 0.478919
vt 0.277891 0.478919
vt 0.472270 0.160807
vt 0.471709 0.160807
vt 0.367498 0.648001
vt 0.366936 0.656004
vt 0.366936 0.648001
vt 0.540576 0.160590
vt 0.540464 0.160807
vt 0.327441 0.710724
vt 0.528810 0.156088
vt 0.366936 0.467664
vt 0.277891 0.460085
vt 0.273172 0.468087
vt 0.529235 0.160807
vt 0.327441 0.673056
vt 0.460480 0.160807
vt 0.327702 0.691890
vt 0.472134 0.156088
vt 0.277891 0.505755
vt 0.273172 0.478919
vt 0.277891 0.486921
vt 0.367498 0.656004
vn -1.0000 -0.0000 -0.0064
vn 0.9849 0.0000 -0.1732
vn 0.0000 -1.0000 0.0000
vn 0.9125 0.0000 -0.4090
vn 0.0000 1.0000 -0.0000
vn -0.9849 0.0000 -0.1732
vn -0.9126 0.0000 -0.4090
vn 0.0000 0.0000 -1.0000
vn -0.8564 0.0000 -0.5163
vn 0.8564 0.0000 -0.5163
vn 1.0000 0.0000 -0.0000
vn 0.0000 -0.0000 1.0000
vn -1.0000 -0.0000 0.0064
vn 0.9849 0.0000 0.1732
vn 0.9125 0.0000 0.4090
vn -0.9849 0.0000 0.1732
vn -0.9125 0.0000 0.4090
vn -0.8564 0.0000 0.5163
vn 0.8564 0.0000 0.5163
vn -0.9125 0.0000 -0.4090
s off
f 377/769/158 363/770/158 379/771/158
f 361/772/159 366/773/159 362/774/159
f 363/775/160 378/776/160 379/777/160
f 365/778/161 370/779/161 366/773/161
f 363/775/160 365/780/160 361/781/160
f 362/782/162 368/783/162 364/784/162
f 364/785/163 367/786/163 363/770/163
f 371/787/160 373/788/160 369/789/160
f 365/780/160 371/787/160 369/789/160
f 366/790/162 372/791/162 368/783/162
f 368/792/164 371/793/164 367/786/164
f 376/794/165 373/795/165 375/796/165
f 370/797/162 376/798/162 372/791/162
f 372/799/166 375/800/166 371/793/166
f 369/801/167 374/802/167 370/779/167
f 362/774/168 378/803/168 361/772/168
f 364/784/162 380/804/162 362/782/162
f 380/805/169 379/806/169 378/807/169
f 383/808/170 397/809/170 399/810/170
f 386/811/171 381/812/171 382/813/171
f 398/814/160 383/815/160 399/816/160
f 390/817/172 385/818/172 386/811/172
f 385/819/160 383/815/160 381/820/160
f 388/821/162 382/822/162 384/823/162
f 387/824/173 384/825/173 383/808/173
f 393/826/160 391/827/160 389/828/160
f 385/819/160 391/827/160 387/829/160
f 392/830/162 386/831/162 388/821/162
f 391/832/174 388/833/174 387/824/174
f 393/834/169 396/835/169 395/836/169
f 396/837/162 390/838/162 392/830/162
f 395/839/175 392/840/175 391/832/175
f 394/841/176 389/842/176 390/817/176
f 398/843/168 382/813/168 381/812/168
f 384/823/162 400/844/162 397/845/162
f 399/846/165 400/847/165 398/848/165
f 377/769/158 364/785/158 363/770/158
f 361/772/159 365/778/159 366/773/159
f 363/775/160 361/781/160 378/776/160
f 365/778/161 369/801/161 370/779/161
f 363/775/160 367/849/160 365/780/160
f 362/782/162 366/790/162 368/783/162
f 364/785/163 368/792/163 367/786/163
f 371/787/160 375/850/160 373/788/160
f 365/780/160 367/849/160 371/787/160
f 366/790/162 370/797/162 372/791/162
f 368/792/177 372/799/177 371/793/177
f 376/794/165 374/851/165 373/795/165
f 370/797/162 374/852/162 376/798/162
f 372/799/166 376/853/166 375/800/166
f 369/801/167 373/854/167 374/802/167
f 362/774/168 380/855/168 378/803/168
f 364/784/162 377/856/162 380/804/162
f 380/805/169 377/857/169 379/806/169
f 383/808/170 384/825/170 397/809/170
f 386/811/171 385/818/171 381/812/171
f 398/814/160 381/820/160 383/815/160
f 390/817/172 389/842/172 385/818/172
f 385/819/160 387/829/160 383/815/160
f 388/821/162 386/831/162 382/822/162
f 387/824/173 388/833/173 384/825/173
f 393/826/160 395/858/160 391/827/160
f 385/819/160 389/828/160 391/827/160
f 392/830/162 390/838/162 386/831/162
f 391/832/174 392/840/174 388/833/174
f 393/834/169 394/859/169 396/835/169
f 396/837/162 394/860/162 390/838/162
f 395/839/175 396/861/175 392/840/175
f 394/841/176 393/862/176 389/842/176
f 398/843/168 400/863/168 382/813/168
f 384/823/162 382/822/162 400/844/162
f 399/846/165 397/864/165 400/847/165
o Cube.027_Cube.036
v -16.597605 0.385514 -14.716774
v -16.597605 2.385514 -14.716774
v -5.528184 0.385514 -14.716778
v -5.528184 2.385514 -14.716778
v -5.528187 0.385514 -24.203320
v -5.528187 2.385514 -24.203320
v -16.597605 2.385514 -15.143078
v -16.597605 0.385514 -15.143078
v -5.862920 2.385514 -24.203320
v -5.862920 0.385514 -24.203320
v -8.697019 0.385514 -18.771170
v -7.965112 0.385514 -19.672525
v -7.315881 0.385514 -20.649616
v -5.922440 0.385514 -23.938095
v -6.755579 0.385514 -21.693031
v -6.289604 0.385514 -22.792721
v -16.549946 0.385514 -15.140464
v -14.383327 0.385514 -15.378651
v -15.461395 0.385514 -15.200154
v -13.326126 0.385514 -15.674232
v -9.504553 0.385514 -17.954227
v -10.379940 0.385514 -17.229568
v -12.299972 0.385514 -16.084055
v -11.314747 0.385514 -16.604170
v -16.549946 2.385514 -15.140464
v -5.922440 2.385514 -23.938095
v -14.383327 2.385514 -15.378651
v -15.461395 2.385514 -15.200154
v -12.299972 2.385514 -16.084055
v -10.379940 2.385514 -17.229568
v -11.314747 2.385514 -16.604170
v -13.326126 2.385514 -15.674232
v -7.965112 2.385514 -19.672525
v -8.697019 2.385514 -18.771170
v -6.755579 2.385514 -21.693031
v -6.289604 2.385514 -22.792721
v -9.504553 2.385514 -17.954227
v -7.315881 2.385514 -20.649616
vt 0.330438 0.541218
vt 0.327441 0.533216
vt 0.330438 0.533216
vt 0.327441 0.578886
vt 0.330164 0.570884
vt 0.330164 0.578886
vt 0.422648 0.075547
vt 0.430650 0.005416
vt 0.430650 0.075547
vt 0.348102 0.426831
vt 0.356105 0.335490
vt 0.356105 0.426831
vt 0.156510 0.335490
vt 0.137934 0.375525
vt 0.132577 0.368301
vt 0.167342 0.335490
vt 0.191276 0.368301
vt 0.185919 0.375525
vt 0.448398 0.320758
vt 0.440396 0.318742
vt 0.448398 0.318742
vt 0.448398 0.329748
vt 0.440396 0.320758
vt 0.448398 0.338668
vt 0.440396 0.329748
vt 0.448398 0.347434
vt 0.440396 0.338668
vt 0.448398 0.355961
vt 0.440396 0.347434
vt 0.448398 0.364167
vt 0.440396 0.355961
vt 0.448398 0.371973
vt 0.440396 0.364167
vt 0.448398 0.254747
vt 0.440396 0.246729
vt 0.448398 0.246729
vt 0.448398 0.263125
vt 0.440396 0.254747
vt 0.448398 0.271784
vt 0.440396 0.263125
vt 0.448398 0.280639
vt 0.440396 0.271784
vt 0.448398 0.289605
vt 0.440396 0.280639
vt 0.448398 0.298596
vt 0.440396 0.289605
vt 0.448398 0.307526
vt 0.440396 0.298596
vt 0.440396 0.307526
vt 0.448398 0.307910
vt 0.440396 0.307910
vt 0.327441 0.541218
vt 0.327441 0.570884
vt 0.422648 0.005416
vt 0.348102 0.335490
vt 0.086379 0.338252
vt 0.086379 0.335490
vt 0.088340 0.338743
vt 0.096807 0.341773
vt 0.156510 0.426831
vt 0.153359 0.426831
vt 0.153378 0.426437
vt 0.152937 0.417455
vt 0.151617 0.408559
vt 0.104937 0.345618
vt 0.112651 0.350241
vt 0.149432 0.399836
vt 0.146403 0.391368
vt 0.119874 0.355598
vt 0.126537 0.361638
vt 0.142557 0.383238
vt 0.170474 0.426437
vt 0.170494 0.426831
vt 0.167342 0.426831
vt 0.237474 0.335490
vt 0.227045 0.341773
vt 0.237474 0.338252
vt 0.235513 0.338743
vt 0.170916 0.417455
vt 0.172235 0.408559
vt 0.218916 0.345618
vt 0.174420 0.399836
vt 0.211202 0.350241
vt 0.203979 0.355598
vt 0.177450 0.391368
vt 0.181295 0.383238
vt 0.197315 0.361638
vt 0.440396 0.371973
vn -1.0000 0.0000 0.0000
vn 0.0000 0.0000 -1.0000
vn 1.0000 0.0000 -0.0000
vn 0.0000 0.0000 1.0000
vn 0.0000 -1.0000 -0.0000
vn 0.0000 1.0000 -0.0000
vn -0.9757 0.0000 -0.2190
vn -0.9523 0.0000 -0.3053
vn -0.9208 0.0000 -0.3902
vn -0.8810 0.0000 -0.4731
vn -0.8329 0.0000 -0.5534
vn -0.7763 0.0000 -0.6304
vn -0.7112 0.0000 -0.7030
vn -0.6377 0.0000 -0.7703
vn -0.5560 0.0000 -0.8311
vn -0.4669 0.0000 -0.8843
vn -0.3709 0.0000 -0.9287
vn -0.2693 0.0000 -0.9631
vn -0.1633 0.0000 -0.9866
vn -0.0548 0.0000 -0.9985
vn 0.0547 0.0000 -0.9985
vn -0.5561 0.0000 -0.8311
vn 0.0548 0.0000 -0.9985
s off
f 402/865/178 408/866/178 401/867/178
f 406/868/179 410/869/179 409/870/179
f 406/871/180 403/872/180 405/873/180
f 404/874/181 401/875/181 403/876/181
f 403/877/182 422/878/182 421/879/182
f 404/880/183 437/881/183 430/882/183
f 414/883/184 409/884/184 410/885/184
f 416/886/185 426/887/185 414/883/185
f 415/888/186 436/889/186 416/886/186
f 413/890/187 435/891/187 415/888/187
f 412/892/188 438/893/188 413/890/188
f 411/894/189 433/895/189 412/892/189
f 421/896/190 434/897/190 411/894/190
f 422/898/191 437/899/191 421/900/191
f 424/901/192 430/902/192 422/898/192
f 423/903/193 431/904/193 424/901/193
f 420/905/194 429/906/194 423/903/194
f 418/907/195 432/908/195 420/905/195
f 419/909/196 427/910/196 418/907/196
f 417/911/197 428/912/197 419/909/197
f 425/913/198 408/914/198 407/915/198
f 402/865/178 407/916/178 408/866/178
f 406/868/179 405/917/179 410/869/179
f 406/871/180 404/918/180 403/872/180
f 404/874/181 402/919/181 401/875/181
f 410/920/182 405/921/182 414/922/182
f 405/921/182 403/877/182 416/923/182
f 414/922/182 405/921/182 416/923/182
f 401/924/182 408/925/182 417/926/182
f 401/924/182 417/926/182 419/927/182
f 403/877/182 401/924/182 418/928/182
f 401/924/182 419/927/182 418/928/182
f 415/929/182 416/923/182 403/877/182
f 413/930/182 415/929/182 403/877/182
f 403/877/182 418/928/182 420/931/182
f 403/877/182 420/931/182 423/932/182
f 412/933/182 413/930/182 403/877/182
f 411/934/182 412/933/182 403/877/182
f 403/877/182 423/932/182 424/935/182
f 403/877/182 424/935/182 422/878/182
f 421/879/182 411/934/182 403/877/182
f 425/936/183 407/937/183 402/938/183
f 404/880/183 406/939/183 436/940/183
f 406/939/183 409/941/183 426/942/183
f 406/939/183 426/942/183 436/940/183
f 425/936/183 402/938/183 428/943/183
f 402/938/183 404/880/183 427/944/183
f 428/943/183 402/938/183 427/944/183
f 404/880/183 436/940/183 435/945/183
f 432/946/183 427/944/183 404/880/183
f 404/880/183 435/945/183 438/947/183
f 404/880/183 438/947/183 433/948/183
f 429/949/183 432/946/183 404/880/183
f 431/950/183 429/949/183 404/880/183
f 404/880/183 433/948/183 434/951/183
f 404/880/183 434/951/183 437/881/183
f 430/882/183 431/950/183 404/880/183
f 414/883/184 426/887/184 409/884/184
f 416/886/185 436/889/185 426/887/185
f 415/888/186 435/891/186 436/889/186
f 413/890/187 438/893/187 435/891/187
f 412/892/188 433/895/188 438/893/188
f 411/894/189 434/897/189 433/895/189
f 421/896/190 437/952/190 434/897/190
f 422/898/191 430/902/191 437/899/191
f 424/901/199 431/904/199 430/902/199
f 423/903/193 429/906/193 431/904/193
f 420/905/194 432/908/194 429/906/194
f 418/907/195 427/910/195 432/908/195
f 419/909/196 428/912/196 427/910/196
f 417/911/197 425/913/197 428/912/197
f 425/913/200 417/911/200 408/914/200
o Cube.017_Cube.041
v 208.620255 0.248732 8.578429
v 208.620255 1.148732 8.578429
v 208.620255 0.248732 9.278430
v 208.620255 1.148732 9.278430
v 206.520248 0.248732 8.578429
v 206.520248 1.148732 8.578429
v 206.520248 0.248732 9.278430
v 206.520248 1.148732 9.278430
v 204.420258 0.248732 8.578429
v 204.420258 1.148732 8.578429
v 204.420258 0.248732 9.278430
v 204.420258 1.148732 9.278430
v 202.320251 0.248732 8.578429
v 202.320251 1.148732 8.578429
v 202.320251 0.248732 9.278430
v 202.320251 1.148732 9.278430
v 200.220245 0.248732 8.578429
v 200.220245 1.148732 8.578429
v 200.220245 0.248732 9.278430
v 200.220245 1.148732 9.278430
v 198.120255 0.248732 8.578429
v 198.120255 1.148732 8.578429
v 198.120255 0.248732 9.278430
v 198.120255 1.148732 9.278430
v 196.020248 0.248732 8.578429
v 196.020248 1.148732 8.578429
v 196.020248 0.248732 9.278430
v 196.020248 1.148732 9.278430
v 193.920258 0.248732 8.578429
v 193.920258 1.148732 8.578429
v 193.920258 0.248732 9.278430
v 193.920258 1.148732 9.278430
v 191.820251 0.248732 8.578429
v 191.820251 1.148732 8.578429
v 191.820251 0.248732 9.278430
v 191.820251 1.148732 9.278430
v 189.720245 0.248732 8.578429
v 189.720245 1.148732 8.578429
v 189.720245 0.248732 9.278430
v 189.720245 1.148732 9.278430
v 187.620255 0.248732 8.578429
v 187.620255 1.148732 8.578429
v 187.620255 0.248732 9.278430
v 187.620255 1.148732 9.278430
v 185.520248 0.248732 8.578429
v 185.520248 1.148732 8.578429
v 185.520248 0.248732 9.278430
v 185.520248 1.148732 9.278430
v 183.420258 0.248732 8.578429
v 183.420258 1.148732 8.578429
v 183.420258 0.248732 9.278430
v 183.420258 1.148732 9.278430
v 181.320251 0.248732 8.578429
v 181.320251 1.148732 8.578429
v 181.320251 0.248732 9.278430
v 181.320251 1.148732 9.278430
v 179.220245 0.248732 8.578429
v 179.220245 1.148732 8.578429
v 179.220245 0.248732 9.278430
v 179.220245 1.148732 9.278430
v 177.120255 0.248732 8.578429
v 177.120255 1.148732 8.578429
v 177.120255 0.248732 9.278430
v 177.120255 1.148732 9.278430
v 175.020248 0.248732 8.578429
v 175.020248 1.148732 8.578429
v 175.020248 0.248732 9.278430
v 175.020248 1.148732 9.278430
v 172.920258 0.248732 8.578429
v 172.920258 1.148732 8.578429
v 172.920258 0.248732 9.278430
v 172.920258 1.148732 9.278430
v 170.820251 0.248732 8.578429
v 170.820251 1.148732 8.578429
v 170.820251 0.248732 9.278430
v 170.820251 1.148732 9.278430
v 168.720245 0.248732 8.578429
v 168.720245 1.148732 8.578429
v 168.720245 0.248732 9.278430
v 168.720245 1.148732 9.278430
v 166.620239 0.248732 8.578429
v 166.620239 1.148732 8.578429
v 166.620239 0.248732 9.278430
v 166.620239 1.148732 9.278430
v 164.520248 0.248732 8.578429
v 164.520248 1.148732 8.578429
v 164.520248 0.248732 9.278430
v 164.520248 1.148732 9.278430
v 162.420258 0.248732 8.578429
v 162.420258 1.148732 8.578429
v 162.420258 0.248732 9.278430
v 162.420258 1.148732 9.278430
v 160.320251 0.248732 8.578429
v 160.320251 1.148732 8.578429
v 160.320251 0.248732 9.278430
v 160.320251 1.148732 9.278430
v 158.220245 0.248732 8.578429
v 158.220245 1.148732 8.578429
v 158.220245 0.248732 9.278430
v 158.220245 1.148732 9.278430
v 156.120239 0.248732 8.578429
v 156.120239 1.148732 8.578429
v 156.120239 0.248732 9.278430
v 156.120239 1.148732 9.278430
v 154.020248 0.248732 8.578429
v 154.020248 1.148732 8.578429
v 154.020248 0.248732 9.278430
v 154.020248 1.148732 9.278430
v 151.920242 0.248732 8.578429
v 151.920242 1.148732 8.578429
v 151.920242 0.248732 9.278430
v 151.920242 1.148732 9.278430
v 149.820251 0.248732 8.578429
v 149.820251 1.148732 8.578429
v 149.820251 0.248732 9.278430
v 149.820251 1.148732 9.278430
v 147.720245 0.248732 8.578429
v 147.720245 1.148732 8.578429
v 147.720245 0.248732 9.278430
v 147.720245 1.148732 9.278430
v 145.620239 0.248732 8.578429
v 145.620239 1.148732 8.578429
v 145.620239 0.248732 9.278430
v 145.620239 1.148732 9.278430
v 143.520248 0.248732 8.578429
v 143.520248 1.148732 8.578429
v 143.520248 0.248732 9.278430
v 143.520248 1.148732 9.278430
v 141.420258 0.248732 8.578429
v 141.420258 1.148732 8.578429
v 141.420258 0.248732 9.278430
v 141.420258 1.148732 9.278430
v 139.320251 0.248732 8.578429
v 139.320251 1.148732 8.578429
v 139.320251 0.248732 9.278430
v 139.320251 1.148732 9.278430
v 137.220245 0.248732 8.578429
v 137.220245 1.148732 8.578429
v 137.220245 0.248732 9.278430
v 137.220245 1.148732 9.278430
v 135.120239 0.248732 8.578429
v 135.120239 1.148732 8.578429
v 135.120239 0.248732 9.278430
v 135.120239 1.148732 9.278430
v 133.020248 0.248732 8.578429
v 133.020248 1.148732 8.578429
v 133.020248 0.248732 9.278430
v 133.020248 1.148732 9.278430
v 130.920258 0.248732 8.578429
v 130.920258 1.148732 8.578429
v 130.920258 0.248732 9.278430
v 130.920258 1.148732 9.278430
v 128.820251 0.248732 8.578429
v 128.820251 1.148732 8.578429
v 128.820251 0.248732 9.278430
v 128.820251 1.148732 9.278430
v 126.720245 0.248732 8.578429
v 126.720245 1.148732 8.578429
v 126.720245 0.248732 9.278430
v 126.720245 1.148732 9.278430
v 124.620247 0.248732 8.578429
v 124.620247 1.148732 8.578429
v 124.620247 0.248732 9.278430
v 124.620247 1.148732 9.278430
v 122.520248 0.248732 8.578429
v 122.520248 1.148732 8.578429
v 122.520248 0.248732 9.278430
v 122.520248 1.148732 9.278430
v 120.420242 0.248732 8.578429
v 120.420242 1.148732 8.578429
v 120.420242 0.248732 9.278430
v 120.420242 1.148732 9.278430
v 118.320244 0.248732 8.578429
v 118.320244 1.148732 8.578429
v 118.320244 0.248732 9.278430
v 118.320244 1.148732 9.278430
v 116.220245 0.248732 8.578429
v 116.220245 1.148732 8.578429
v 116.220245 0.248732 9.278430
v 116.220245 1.148732 9.278430
v 114.120247 0.248732 8.578429
v 114.120247 1.148732 8.578429
v 114.120247 0.248732 9.278430
v 114.120247 1.148732 9.278430
v 112.020248 0.248732 8.578429
v 112.020248 1.148732 8.578429
v 112.020248 0.248732 9.278430
v 112.020248 1.148732 9.278430
v 109.920242 0.248732 8.578429
v 109.920242 1.148732 8.578429
v 109.920242 0.248732 9.278430
v 109.920242 1.148732 9.278430
v 107.820244 0.248732 8.578429
v 107.820244 1.148732 8.578429
v 107.820244 0.248732 9.278430
v 107.820244 1.148732 9.278430
v 105.720245 0.248732 8.578429
v 105.720245 1.148732 8.578429
v 105.720245 0.248732 9.278430
v 105.720245 1.148732 9.278430
v 103.620247 0.248732 8.578429
v 103.620247 1.148732 8.578429
v 103.620247 0.248732 9.278430
v 103.620247 1.148732 9.278430
v 101.520241 0.248732 8.578429
v 101.520241 1.148732 8.578429
v 101.520241 0.248732 9.278430
v 101.520241 1.148732 9.278430
v 99.420242 0.248732 8.578429
v 99.420242 1.148732 8.578429
v 99.420242 0.248732 9.278430
v 99.420242 1.148732 9.278430
v 97.320244 0.248732 8.578429
v 97.320244 1.148732 8.578429
v 97.320244 0.248732 9.278430
v 97.320244 1.148732 9.278430
v 95.220245 0.248732 8.578429
v 95.220245 1.148732 8.578429
v 95.220245 0.248732 9.278430
v 95.220245 1.148732 9.278430
v 93.120247 0.248732 8.578429
v 93.120247 1.148732 8.578429
v 93.120247 0.248732 9.278430
v 93.120247 1.148732 9.278430
v 91.020241 0.248732 8.578429
v 91.020241 1.148732 8.578429
v 91.020241 0.248732 9.278430
v 91.020241 1.148732 9.278430
v 88.920242 0.248732 8.578429
v 88.920242 1.148732 8.578429
v 88.920242 0.248732 9.278430
v 88.920242 1.148732 9.278430
v 86.820244 0.248732 8.578429
v 86.820244 1.148732 8.578429
v 86.820244 0.248732 9.278430
v 86.820244 1.148732 9.278430
v 84.720245 0.248732 8.578429
v 84.720245 1.148732 8.578429
v 84.720245 0.248732 9.278430
v 84.720245 1.148732 9.278430
v 82.620239 0.248732 8.578429
v 82.620239 1.148732 8.578429
v 82.620239 0.248732 9.278430
v 82.620239 1.148732 9.278430
v 80.520241 0.248732 8.578429
v 80.520241 1.148732 8.578429
v 80.520241 0.248732 9.278430
v 80.520241 1.148732 9.278430
v 78.420242 0.248732 8.578429
v 78.420242 1.148732 8.578429
v 78.420242 0.248732 9.278430
v 78.420242 1.148732 9.278430
v 76.320236 0.248732 8.578429
v 76.320236 1.148732 8.578429
v 76.320236 0.248732 9.278430
v 76.320236 1.148732 9.278430
v 74.220245 0.248732 8.578429
v 74.220245 1.148732 8.578429
v 74.220245 0.248732 9.278430
v 74.220245 1.148732 9.278430
v 72.120239 0.248732 8.578429
v 72.120239 1.148732 8.578429
v 72.120239 0.248732 9.278430
v 72.120239 1.148732 9.278430
v 70.020248 0.248732 8.578429
v 70.020248 1.148732 8.578429
v 70.020248 0.248732 9.278430
v 70.020248 1.148732 9.278430
v 67.920242 0.248732 8.578429
v 67.920242 1.148732 8.578429
v 67.920242 0.248732 9.278430
v 67.920242 1.148732 9.278430
v 65.820236 0.248732 8.578429
v 65.820236 1.148732 8.578429
v 65.820236 0.248732 9.278430
v 65.820236 1.148732 9.278430
v 63.720245 0.248732 8.578429
v 63.720245 1.148732 8.578429
v 63.720245 0.248732 9.278430
v 63.720245 1.148732 9.278430
v 61.620239 0.248732 8.578429
v 61.620239 1.148732 8.578429
v 61.620239 0.248732 9.278430
v 61.620239 1.148732 9.278430
v 59.520248 0.248732 8.578429
v 59.520248 1.148732 8.578429
v 59.520248 0.248732 9.278430
v 59.520248 1.148732 9.278430
v 57.420242 0.248732 8.578429
v 57.420242 1.148732 8.578429
v 57.420242 0.248732 9.278430
v 57.420242 1.148732 9.278430
v 55.320236 0.248732 8.578429
v 55.320236 1.148732 8.578429
v 55.320236 0.248732 9.278430
v 55.320236 1.148732 9.278430
v 53.220245 0.248732 8.578429
v 53.220245 1.148732 8.578429
v 53.220245 0.248732 9.278430
v 53.220245 1.148732 9.278430
v 51.120239 0.248732 8.578429
v 51.120239 1.148732 8.578429
v 51.120239 0.248732 9.278430
v 51.120239 1.148732 9.278430
v 49.020233 0.248732 8.578429
v 49.020233 1.148732 8.578429
v 49.020233 0.248732 9.278430
v 49.020233 1.148732 9.278430
v 46.920242 0.248732 8.578429
v 46.920242 1.148732 8.578429
v 46.920242 0.248732 9.278430
v 46.920242 1.148732 9.278430
v 44.820236 0.248732 8.578429
v 44.820236 1.148732 8.578429
v 44.820236 0.248732 9.278430
v 44.820236 1.148732 9.278430
v 42.720245 0.248732 8.578429
v 42.720245 1.148732 8.578429
v 42.720245 0.248732 9.278430
v 42.720245 1.148732 9.278430
v 40.620239 0.248732 8.578429
v 40.620239 1.148732 8.578429
v 40.620239 0.248732 9.278430
v 40.620239 1.148732 9.278430
v 38.520233 0.248732 8.578429
v 38.520233 1.148732 8.578429
v 38.520233 0.248732 9.278430
v 38.520233 1.148732 9.278430
v 36.420242 0.248732 8.578429
v 36.420242 1.148732 8.578429
v 36.420242 0.248732 9.278430
v 36.420242 1.148732 9.278430
v 34.320236 0.248732 8.578429
v 34.320236 1.148732 8.578429
v 34.320236 0.248732 9.278430
v 34.320236 1.148732 9.278430
v 32.220245 0.248732 8.578429
v 32.220245 1.148732 8.578429
v 32.220245 0.248732 9.278430
v 32.220245 1.148732 9.278430
v 30.120239 0.248732 8.578429
v 30.120239 1.148732 8.578429
v 30.120239 0.248732 9.278430
v 30.120239 1.148732 9.278430
v 28.020233 0.248732 8.578429
v 28.020233 1.148732 8.578429
v 28.020233 0.248732 9.278430
v 28.020233 1.148732 9.278430
v 25.920242 0.248732 8.578429
v 25.920242 1.148732 8.578429
v 25.920242 0.248732 9.278430
v 25.920242 1.148732 9.278430
v 23.820236 0.248732 8.578429
v 23.820236 1.148732 8.578429
v 23.820236 0.248732 9.278430
v 23.820236 1.148732 9.278430
v 21.720245 0.248732 8.578429
v 21.720245 1.148732 8.578429
v 21.720245 0.248732 9.278430
v 21.720245 1.148732 9.278430
v 19.620239 0.248732 8.578429
v 19.620239 1.148732 8.578429
v 19.620239 0.248732 9.278430
v 19.620239 1.148732 9.278430
v 17.520233 0.248732 8.578429
v 17.520233 1.148732 8.578429
v 17.520233 0.248732 9.278430
v 17.520233 1.148732 9.278430
vt 0.467232 0.462051
vt 0.459230 0.454049
vt 0.467232 0.454049
vt 0.391896 0.467790
vt 0.383894 0.459787
vt 0.391896 0.459787
vt 0.468318 0.013418
vt 0.460316 0.005416
vt 0.468318 0.005416
vt 0.468318 0.032252
vt 0.460316 0.024250
vt 0.468318 0.024250
vt 0.468318 0.043084
vt 0.460316 0.051086
vt 0.460316 0.043084
vt 0.468318 0.061918
vt 0.460316 0.069920
vt 0.460316 0.061918
vt 0.468318 0.088754
vt 0.460316 0.080752
vt 0.468318 0.080752
vt 0.693240 0.914067
vt 0.685238 0.906065
vt 0.693240 0.906065
vt 0.468318 0.126422
vt 0.460316 0.118420
vt 0.468318 0.118420
vt 0.674406 0.914067
vt 0.666404 0.906065
vt 0.674406 0.906065
vt 0.655572 0.906065
vt 0.647570 0.914067
vt 0.647570 0.906065
vt 0.617904 0.906065
vt 0.609902 0.914067
vt 0.609902 0.906065
vt 0.187004 0.469155
vt 0.179002 0.461153
vt 0.187004 0.461153
vt 0.580236 0.914067
vt 0.572234 0.906065
vt 0.580236 0.906065
vt 0.032252 0.474620
vt 0.024250 0.466618
vt 0.032252 0.466618
vt 0.542568 0.914067
vt 0.534566 0.906065
vt 0.542568 0.906065
vt 0.504900 0.906065
vt 0.496898 0.914067
vt 0.496898 0.906065
vt 0.467232 0.906065
vt 0.459230 0.914067
vt 0.459230 0.906065
vt 0.107588 0.474620
vt 0.099586 0.466618
vt 0.107588 0.466618
vt 0.912881 0.337880
vt 0.904878 0.329877
vt 0.912881 0.329877
vt 0.429564 0.475107
vt 0.421562 0.467105
vt 0.429564 0.467105
vt 0.912881 0.319046
vt 0.904878 0.311043
vt 0.912881 0.311043
vt 0.912881 0.235707
vt 0.904878 0.243710
vt 0.904878 0.235707
vt 0.013418 0.902110
vt 0.005416 0.910112
vt 0.005416 0.902110
vt 0.479699 0.281378
vt 0.471696 0.273375
vt 0.479699 0.273375
vt 0.297775 0.992655
vt 0.289773 0.984653
vt 0.297775 0.984653
vt 0.479699 0.319046
vt 0.471696 0.311043
vt 0.479699 0.311043
vt 0.316609 0.992205
vt 0.308607 0.984203
vt 0.316609 0.984203
vt 0.354276 0.983980
vt 0.346274 0.991983
vt 0.346274 0.983980
vt 0.975750 0.981401
vt 0.967748 0.989403
vt 0.967748 0.981401
vt 0.316609 0.483688
vt 0.308607 0.475685
vt 0.316609 0.475685
vt 0.956916 0.989403
vt 0.948914 0.981401
vt 0.956916 0.981401
vt 0.262340 0.485431
vt 0.254338 0.477428
vt 0.262340 0.477428
vt 0.938082 0.989403
vt 0.930080 0.981401
vt 0.938082 0.981401
vt 0.919248 0.981401
vt 0.911246 0.989403
vt 0.911246 0.981401
vt 0.900414 0.981401
vt 0.892412 0.989403
vt 0.892412 0.981401
vt 0.243506 0.485959
vt 0.235504 0.477957
vt 0.243506 0.477957
vt 0.881580 0.989403
vt 0.873578 0.981401
vt 0.881580 0.981401
vt 0.486066 0.201553
vt 0.478064 0.193550
vt 0.486066 0.193550
vt 0.862746 0.989403
vt 0.854744 0.981401
vt 0.862746 0.981401
vt 0.843912 0.981401
vt 0.835910 0.989403
vt 0.835910 0.981401
vt 0.825078 0.981401
vt 0.817076 0.989403
vt 0.817076 0.981401
vt 0.486066 0.405549
vt 0.478064 0.397547
vt 0.486066 0.397547
vt 0.806244 0.989403
vt 0.798242 0.981401
vt 0.806244 0.981401
vt 0.486066 0.443217
vt 0.478064 0.435215
vt 0.486066 0.435215
vt 0.787410 0.989403
vt 0.779408 0.981401
vt 0.787410 0.981401
vt 0.768576 0.981401
vt 0.760574 0.989403
vt 0.760574 0.981401
vt 0.749742 0.981401
vt 0.741740 0.989403
vt 0.741740 0.981401
vt 0.487152 0.013418
vt 0.479150 0.005416
vt 0.487152 0.005416
vt 0.900414 0.838731
vt 0.892412 0.830729
vt 0.900414 0.830729
vt 0.487152 0.051086
vt 0.479150 0.043084
vt 0.487152 0.043084
vt 0.900414 0.819897
vt 0.892412 0.811895
vt 0.900414 0.811895
vt 0.900414 0.736559
vt 0.892412 0.744561
vt 0.892412 0.736559
vt 0.900414 0.698891
vt 0.892412 0.706893
vt 0.892412 0.698891
vt 0.487152 0.126422
vt 0.479150 0.118420
vt 0.487152 0.118420
vt 0.900414 0.631557
vt 0.892412 0.623555
vt 0.900414 0.623555
vt 0.149336 0.487989
vt 0.141334 0.479987
vt 0.149336 0.479987
vt 0.900414 0.593889
vt 0.892412 0.585887
vt 0.900414 0.585887
vt 0.900414 0.548219
vt 0.892412 0.556221
vt 0.892412 0.548219
vt 0.900414 0.510551
vt 0.892412 0.518553
vt 0.892412 0.510551
vt 0.032252 0.493454
vt 0.024250 0.485452
vt 0.032252 0.485452
vt 0.900414 0.480885
vt 0.892412 0.472883
vt 0.900414 0.472883
vt 0.069920 0.493454
vt 0.061918 0.485452
vt 0.069920 0.485452
vt 0.900414 0.443217
vt 0.892412 0.435215
vt 0.900414 0.435215
vt 0.900414 0.397547
vt 0.892412 0.405549
vt 0.892412 0.397547
vt 0.900414 0.378713
vt 0.892412 0.386715
vt 0.892412 0.378713
vt 0.429564 0.493941
vt 0.421562 0.485939
vt 0.429564 0.485939
vt 0.900414 0.367881
vt 0.892412 0.359879
vt 0.900414 0.359879
vt 0.498533 0.243710
vt 0.490530 0.235707
vt 0.498533 0.235707
vt 0.243506 0.900307
vt 0.235504 0.892305
vt 0.243506 0.892305
vt 0.224672 0.892305
vt 0.216670 0.900307
vt 0.216670 0.892305
vt 0.205838 0.892305
vt 0.197836 0.900307
vt 0.197836 0.892305
vt 0.498533 0.319046
vt 0.490530 0.311043
vt 0.498533 0.311043
vt 0.262340 0.899778
vt 0.254338 0.891776
vt 0.262340 0.891776
vt 0.467232 0.499719
vt 0.459230 0.491717
vt 0.467232 0.491717
vt 0.316609 0.898035
vt 0.308607 0.890033
vt 0.316609 0.890033
vt 0.881580 0.887231
vt 0.873578 0.895233
vt 0.873578 0.887231
vt 0.806244 0.887231
vt 0.798242 0.895233
vt 0.798242 0.887231
vt 0.297775 0.502971
vt 0.289773 0.494969
vt 0.297775 0.494969
vt 0.768576 0.895233
vt 0.760574 0.887231
vt 0.768576 0.887231
vt 0.410730 0.504500
vt 0.402728 0.496498
vt 0.410730 0.496498
vt 0.693240 0.895233
vt 0.685238 0.887231
vt 0.693240 0.887231
vt 0.655572 0.887231
vt 0.647570 0.895233
vt 0.647570 0.887231
vt 0.580236 0.887231
vt 0.572234 0.895233
vt 0.572234 0.887231
vt 0.504900 0.182719
vt 0.496898 0.174717
vt 0.504900 0.174717
vt 0.542568 0.895233
vt 0.534566 0.887231
vt 0.542568 0.887231
vt 0.504900 0.220387
vt 0.496898 0.212384
vt 0.504900 0.212384
vt 0.467232 0.895233
vt 0.459230 0.887231
vt 0.467232 0.887231
vt 0.894047 0.311043
vt 0.886044 0.319046
vt 0.886044 0.311043
vt 0.894047 0.235707
vt 0.886044 0.243710
vt 0.886044 0.235707
vt 0.504900 0.424383
vt 0.496898 0.416381
vt 0.504900 0.416381
vt 0.429564 0.889455
vt 0.421562 0.881453
vt 0.429564 0.881453
vt 0.504900 0.462051
vt 0.496898 0.454049
vt 0.504900 0.454049
vt 0.069920 0.888968
vt 0.061918 0.880966
vt 0.069920 0.880966
vt 0.032252 0.880966
vt 0.024250 0.888968
vt 0.024250 0.880966
vt 0.149336 0.875501
vt 0.141334 0.883503
vt 0.141334 0.875501
vt 0.505986 0.013418
vt 0.497984 0.005416
vt 0.505986 0.005416
vt 0.882666 0.126422
vt 0.874664 0.118420
vt 0.882666 0.118420
vt 0.505986 0.051086
vt 0.497984 0.043084
vt 0.505986 0.043084
vt 0.882666 0.051086
vt 0.874664 0.043084
vt 0.882666 0.043084
vt 0.882666 0.005416
vt 0.874664 0.013418
vt 0.874664 0.005416
vt 0.881580 0.830729
vt 0.873578 0.838731
vt 0.873578 0.830729
vt 0.505986 0.126422
vt 0.497984 0.118420
vt 0.505986 0.118420
vt 0.881580 0.801063
vt 0.873578 0.793061
vt 0.881580 0.793061
vt 0.149336 0.506823
vt 0.141334 0.498821
vt 0.149336 0.498821
vt 0.881580 0.725727
vt 0.873578 0.717725
vt 0.881580 0.717725
vt 0.881580 0.680057
vt 0.873578 0.688059
vt 0.873578 0.680057
vt 0.881580 0.604721
vt 0.873578 0.612723
vt 0.873578 0.604721
vt 0.032252 0.512288
vt 0.024250 0.504286
vt 0.032252 0.504286
vt 0.881580 0.575055
vt 0.873578 0.567053
vt 0.881580 0.567053
vt 0.069920 0.512288
vt 0.061918 0.504286
vt 0.069920 0.504286
vt 0.881580 0.537387
vt 0.873578 0.529385
vt 0.881580 0.529385
vt 0.881580 0.491717
vt 0.873578 0.499719
vt 0.873578 0.491717
vt 0.881580 0.472883
vt 0.873578 0.480885
vt 0.873578 0.472883
vt 0.429564 0.512775
vt 0.421562 0.504773
vt 0.429564 0.504773
vt 0.730908 0.989403
vt 0.722906 0.981401
vt 0.730908 0.981401
vt 0.517367 0.243710
vt 0.509364 0.235707
vt 0.517367 0.235707
vt 0.712074 0.989403
vt 0.704072 0.981401
vt 0.712074 0.981401
vt 0.693240 0.981401
vt 0.685238 0.989403
vt 0.685238 0.981401
vt 0.674406 0.981401
vt 0.666404 0.989403
vt 0.666404 0.981401
vt 0.517367 0.319046
vt 0.509364 0.311043
vt 0.517367 0.311043
vt 0.655572 0.989403
vt 0.647570 0.981401
vt 0.655572 0.981401
vt 0.467232 0.518553
vt 0.459230 0.510551
vt 0.467232 0.510551
vt 0.636738 0.989403
vt 0.628736 0.981401
vt 0.636738 0.981401
vt 0.617904 0.981401
vt 0.609902 0.989403
vt 0.609902 0.981401
vt 0.599070 0.981401
vt 0.591068 0.989403
vt 0.591068 0.981401
vt 0.316609 0.521355
vt 0.308607 0.513353
vt 0.316609 0.513353
vt 0.580236 0.989403
vt 0.572234 0.981401
vt 0.580236 0.981401
vt 0.262340 0.523098
vt 0.254338 0.515096
vt 0.262340 0.515096
vt 0.561402 0.989403
vt 0.553400 0.981401
vt 0.561402 0.981401
vt 0.542568 0.981401
vt 0.534566 0.989403
vt 0.534566 0.981401
vt 0.523734 0.981401
vt 0.515732 0.989403
vt 0.515732 0.981401
vt 0.243506 0.523627
vt 0.235504 0.515625
vt 0.243506 0.515625
vt 0.504900 0.989403
vt 0.496898 0.981401
vt 0.504900 0.981401
vt 0.523734 0.201553
vt 0.515732 0.193550
vt 0.523734 0.193550
vt 0.486066 0.989403
vt 0.478064 0.981401
vt 0.486066 0.981401
vt 0.467232 0.981401
vt 0.459230 0.989403
vt 0.459230 0.981401
vt 0.988217 0.329877
vt 0.980214 0.337880
vt 0.980214 0.329877
vt 0.523734 0.405549
vt 0.515732 0.397547
vt 0.523734 0.397547
vt 0.768576 0.876399
vt 0.760574 0.868397
vt 0.768576 0.868397
vt 0.523734 0.443217
vt 0.515732 0.435215
vt 0.523734 0.435215
vt 0.730908 0.876399
vt 0.722906 0.868397
vt 0.730908 0.868397
vt 0.655572 0.868397
vt 0.647570 0.876399
vt 0.647570 0.868397
vt 0.617904 0.868397
vt 0.609902 0.876399
vt 0.609902 0.868397
vt 0.523734 0.518553
vt 0.515732 0.510551
vt 0.523734 0.510551
vt 0.542568 0.876399
vt 0.534566 0.868397
vt 0.542568 0.868397
vt 0.524820 0.013418
vt 0.516818 0.005416
vt 0.524820 0.005416
vt 0.504900 0.876399
vt 0.496898 0.868397
vt 0.504900 0.868397
vt 0.486066 0.868397
vt 0.478064 0.876399
vt 0.478064 0.868397
vt 0.467232 0.868397
vt 0.459230 0.876399
vt 0.459230 0.868397
vt 0.524820 0.088754
vt 0.516818 0.080752
vt 0.524820 0.080752
vt 0.875213 0.337880
vt 0.867210 0.329877
vt 0.875213 0.329877
vt 0.524820 0.126422
vt 0.516818 0.118420
vt 0.524820 0.118420
vt 0.875213 0.319046
vt 0.867210 0.311043
vt 0.875213 0.311043
vt 0.875213 0.292209
vt 0.867210 0.300212
vt 0.867210 0.292209
vt 0.875213 0.273375
vt 0.867210 0.281378
vt 0.867210 0.273375
vt 0.187004 0.525657
vt 0.179002 0.517655
vt 0.187004 0.517655
vt 0.429564 0.870621
vt 0.421562 0.862619
vt 0.429564 0.862619
vt 0.032252 0.531122
vt 0.024250 0.523120
vt 0.032252 0.523120
vt 0.107588 0.870134
vt 0.099586 0.862132
vt 0.107588 0.862132
vt 0.032252 0.862132
vt 0.024250 0.870134
vt 0.024250 0.862132
vt 0.187004 0.856667
vt 0.179002 0.864669
vt 0.179002 0.856667
vt 0.107588 0.531122
vt 0.099586 0.523120
vt 0.107588 0.523120
vt 0.863832 0.126422
vt 0.855830 0.118420
vt 0.863832 0.118420
vt 0.429564 0.531609
vt 0.421562 0.523607
vt 0.429564 0.523607
vt 0.863832 0.107588
vt 0.855830 0.099586
vt 0.863832 0.099586
vt 0.863832 0.080752
vt 0.855830 0.088754
vt 0.855830 0.080752
vt 0.863832 0.061918
vt 0.855830 0.069920
vt 0.855830 0.061918
vt 0.536201 0.281378
vt 0.528198 0.273375
vt 0.536201 0.273375
vt 0.863832 0.051086
vt 0.855830 0.043084
vt 0.863832 0.043084
vt 0.536201 0.319046
vt 0.528198 0.311043
vt 0.536201 0.311043
vt 0.863832 0.032252
vt 0.855830 0.024250
vt 0.863832 0.024250
vt 0.863832 0.005416
vt 0.855830 0.013418
vt 0.855830 0.005416
vt 0.391896 0.855301
vt 0.383894 0.863303
vt 0.383894 0.855301
vt 0.504900 0.537387
vt 0.496898 0.529385
vt 0.504900 0.529385
vt 0.862746 0.857565
vt 0.854744 0.849563
vt 0.862746 0.849563
vt 0.354276 0.539967
vt 0.346274 0.531964
vt 0.354276 0.531964
vt 0.862746 0.838731
vt 0.854744 0.830729
vt 0.862746 0.830729
vt 0.862746 0.811895
vt 0.854744 0.819897
vt 0.854744 0.811895
vt 0.862746 0.793061
vt 0.854744 0.801063
vt 0.854744 0.793061
vt 0.410730 0.542168
vt 0.402728 0.534166
vt 0.410730 0.534166
vt 0.862746 0.782229
vt 0.854744 0.774227
vt 0.862746 0.774227
vt 0.224672 0.542461
vt 0.216670 0.534459
vt 0.224672 0.534459
vt 0.862746 0.763395
vt 0.854744 0.755393
vt 0.862746 0.755393
vt 0.862746 0.736559
vt 0.854744 0.744561
vt 0.854744 0.736559
vt 0.862746 0.698891
vt 0.854744 0.706893
vt 0.854744 0.698891
vt 0.542568 0.220387
vt 0.534566 0.212384
vt 0.542568 0.212384
vt 0.862746 0.669225
vt 0.854744 0.661223
vt 0.862746 0.661223
vt 0.542568 0.386715
vt 0.534566 0.378713
vt 0.542568 0.378713
vt 0.862746 0.631557
vt 0.854744 0.623555
vt 0.862746 0.623555
vt 0.862746 0.548219
vt 0.854744 0.556221
vt 0.854744 0.548219
vt 0.862746 0.510551
vt 0.854744 0.518553
vt 0.854744 0.510551
vt 0.542568 0.462051
vt 0.534566 0.454049
vt 0.542568 0.454049
vt 0.862746 0.443217
vt 0.854744 0.435215
vt 0.862746 0.435215
vt 0.542568 0.499719
vt 0.534566 0.491717
vt 0.542568 0.491717
vt 0.862746 0.405549
vt 0.854744 0.397547
vt 0.862746 0.397547
vt 0.862746 0.193550
vt 0.854744 0.201553
vt 0.854744 0.193550
vt 0.243506 0.854637
vt 0.235504 0.862639
vt 0.235504 0.854637
vt 0.543654 0.013418
vt 0.535652 0.005416
vt 0.543654 0.005416
vt 0.262340 0.862110
vt 0.254338 0.854108
vt 0.262340 0.854108
vt 0.543654 0.051086
vt 0.535652 0.043084
vt 0.543654 0.043084
vt 0.316609 0.860367
vt 0.308607 0.852365
vt 0.316609 0.852365
vt 0.806244 0.849563
vt 0.798242 0.857565
vt 0.798242 0.849563
vt 0.768576 0.849563
vt 0.760574 0.857565
vt 0.760574 0.849563
vt 0.543654 0.126422
vt 0.535652 0.118420
vt 0.543654 0.118420
vt 0.988217 0.319046
vt 0.980214 0.311043
vt 0.988217 0.311043
vt 0.149336 0.544491
vt 0.141334 0.536489
vt 0.149336 0.536489
vt 0.988217 0.300212
vt 0.980214 0.292209
vt 0.988217 0.292209
vt 0.988217 0.273375
vt 0.980214 0.281378
vt 0.980214 0.273375
vt 0.988217 0.254541
vt 0.980214 0.262544
vt 0.980214 0.254541
vt 0.032252 0.549956
vt 0.024250 0.541954
vt 0.032252 0.541954
vt 0.988217 0.243710
vt 0.980214 0.235707
vt 0.988217 0.235707
vt 0.069920 0.549956
vt 0.061918 0.541954
vt 0.069920 0.541954
vt 0.013418 0.985448
vt 0.005416 0.977446
vt 0.013418 0.977446
vt 0.429564 0.975623
vt 0.421562 0.983625
vt 0.421562 0.975623
vt 0.126422 0.975136
vt 0.118420 0.983138
vt 0.118420 0.975136
vt 0.429564 0.550443
vt 0.421562 0.542441
vt 0.429564 0.542441
vt 0.107588 0.983138
vt 0.099586 0.975136
vt 0.107588 0.975136
vt 0.555035 0.243710
vt 0.547032 0.235707
vt 0.555035 0.235707
vt 0.088754 0.983138
vt 0.080752 0.975136
vt 0.088754 0.975136
vt 0.069920 0.975136
vt 0.061918 0.983138
vt 0.061918 0.975136
vt 0.051086 0.975136
vt 0.043084 0.983138
vt 0.043084 0.975136
vt 0.555035 0.319046
vt 0.547032 0.311043
vt 0.555035 0.311043
vt 0.032252 0.983138
vt 0.024250 0.975136
vt 0.032252 0.975136
vt 0.467232 0.556221
vt 0.459230 0.548219
vt 0.467232 0.548219
vt 0.448398 0.982221
vt 0.440396 0.974219
vt 0.448398 0.974219
vt 0.187004 0.969671
vt 0.179002 0.977673
vt 0.179002 0.969671
vt 0.168170 0.969671
vt 0.160168 0.977673
vt 0.160168 0.969671
vt 0.542568 0.556221
vt 0.534566 0.548219
vt 0.542568 0.548219
vt 0.149337 0.845835
vt 0.141334 0.837833
vt 0.149337 0.837833
vt 0.316609 0.559023
vt 0.308607 0.551021
vt 0.316609 0.551021
vt 0.844998 0.126422
vt 0.836996 0.118420
vt 0.844998 0.118420
vt 0.844998 0.080752
vt 0.836996 0.088754
vt 0.836996 0.080752
vt 0.844998 0.043084
vt 0.836996 0.051086
vt 0.836996 0.043084
vt 0.205838 0.561295
vt 0.197836 0.553293
vt 0.205838 0.553293
vt 0.844998 0.032252
vt 0.836996 0.024250
vt 0.844998 0.024250
vt 0.243506 0.561295
vt 0.235504 0.553293
vt 0.243506 0.553293
vt 0.844998 0.013418
vt 0.836996 0.005416
vt 0.844998 0.005416
vt 0.843912 0.793061
vt 0.835910 0.801063
vt 0.835910 0.793061
vt 0.843912 0.774227
vt 0.835910 0.782229
vt 0.835910 0.774227
vt 0.561402 0.367881
vt 0.553400 0.359879
vt 0.561402 0.359879
vt 0.843912 0.763395
vt 0.835910 0.755393
vt 0.843912 0.755393
vt 0.561402 0.405549
vt 0.553400 0.397547
vt 0.561402 0.397547
vt 0.843912 0.744561
vt 0.835910 0.736559
vt 0.843912 0.736559
vt 0.843912 0.717725
vt 0.835910 0.725727
vt 0.835910 0.717725
vt 0.843912 0.698891
vt 0.835910 0.706893
vt 0.835910 0.698891
vt 0.561402 0.480885
vt 0.553400 0.472883
vt 0.561402 0.472883
vt 0.843912 0.688059
vt 0.835910 0.680057
vt 0.843912 0.680057
vt 0.561402 0.518553
vt 0.553400 0.510551
vt 0.561402 0.510551
vt 0.843912 0.669225
vt 0.835910 0.661223
vt 0.843912 0.661223
vt 0.843912 0.642389
vt 0.835910 0.650391
vt 0.835910 0.642389
vt 0.843912 0.623555
vt 0.835910 0.631557
vt 0.835910 0.623555
vt 0.562488 0.013418
vt 0.554486 0.005416
vt 0.562488 0.005416
vt 0.843912 0.612723
vt 0.835910 0.604721
vt 0.843912 0.604721
vt 0.562488 0.051086
vt 0.554486 0.043084
vt 0.562488 0.043084
vt 0.843912 0.575055
vt 0.835910 0.567053
vt 0.843912 0.567053
vt 0.843912 0.548219
vt 0.835910 0.556221
vt 0.835910 0.548219
vt 0.843912 0.529385
vt 0.835910 0.537387
vt 0.835910 0.529385
vt 0.562488 0.126422
vt 0.554486 0.118420
vt 0.562488 0.118420
vt 0.843912 0.462051
vt 0.835910 0.454049
vt 0.843912 0.454049
vt 0.149336 0.563325
vt 0.141334 0.555323
vt 0.149336 0.555323
vt 0.843912 0.424383
vt 0.835910 0.416381
vt 0.843912 0.416381
vt 0.843912 0.212384
vt 0.835910 0.220387
vt 0.835910 0.212384
vt 0.843912 0.174717
vt 0.835910 0.182719
vt 0.835910 0.174717
vt 0.032252 0.568790
vt 0.024250 0.560788
vt 0.032252 0.560788
vt 0.410730 0.843512
vt 0.402728 0.835510
vt 0.410730 0.835510
vt 0.069920 0.568790
vt 0.061918 0.560788
vt 0.069920 0.560788
vt 0.297775 0.841983
vt 0.289773 0.833981
vt 0.297775 0.833981
vt 0.316609 0.833531
vt 0.308607 0.841533
vt 0.308607 0.833531
vt 0.354276 0.833308
vt 0.346274 0.841311
vt 0.346274 0.833308
vt 0.429564 0.569277
vt 0.421562 0.561275
vt 0.429564 0.561275
vt 0.825078 0.838731
vt 0.817076 0.830729
vt 0.825078 0.830729
vt 0.573869 0.243710
vt 0.565866 0.235707
vt 0.573869 0.235707
vt 0.806244 0.838731
vt 0.798242 0.830729
vt 0.806244 0.830729
vt 0.787410 0.830729
vt 0.779408 0.838731
vt 0.779408 0.830729
vt 0.768576 0.830729
vt 0.760574 0.838731
vt 0.760574 0.830729
vt 0.459230 0.462051
vt 0.383894 0.467790
vt 0.460316 0.013418
vt 0.460316 0.032252
vt 0.468318 0.051086
vt 0.468318 0.069920
vt 0.460316 0.088754
vt 0.685238 0.914067
vt 0.460316 0.126422
vt 0.666404 0.914067
vt 0.655572 0.914067
vt 0.617904 0.914067
vt 0.179002 0.469155
vt 0.572234 0.914067
vt 0.024250 0.474620
vt 0.534566 0.914067
vt 0.504900 0.914067
vt 0.467232 0.914067
vt 0.099586 0.474620
vt 0.904878 0.337880
vt 0.421562 0.475107
vt 0.904878 0.319046
vt 0.912881 0.243710
vt 0.013418 0.910112
vt 0.471696 0.281378
vt 0.289773 0.992655
vt 0.471696 0.319046
vt 0.308607 0.992205
vt 0.354276 0.991983
vt 0.975750 0.989403
vt 0.308607 0.483688
vt 0.948914 0.989403
vt 0.254338 0.485431
vt 0.930080 0.989403
vt 0.919248 0.989403
vt 0.900414 0.989403
vt 0.235504 0.485959
vt 0.873578 0.989403
vt 0.478064 0.201553
vt 0.854744 0.989403
vt 0.843912 0.989403
vt 0.825078 0.989403
vt 0.478064 0.405549
vt 0.798242 0.989403
vt 0.478064 0.443217
vt 0.779408 0.989403
vt 0.768576 0.989403
vt 0.749742 0.989403
vt 0.479150 0.013418
vt 0.892412 0.838731
vt 0.479150 0.051086
vt 0.892412 0.819897
vt 0.900414 0.744561
vt 0.900414 0.706893
vt 0.479150 0.126422
vt 0.892412 0.631557
vt 0.141334 0.487989
vt 0.892412 0.593889
vt 0.900414 0.556221
vt 0.900414 0.518553
vt 0.024250 0.493454
vt 0.892412 0.480885
vt 0.061918 0.493454
vt 0.892412 0.443217
vt 0.900414 0.405549
vt 0.900414 0.386715
vt 0.421562 0.493941
vt 0.892412 0.367881
vt 0.490530 0.243710
vt 0.235504 0.900307
vt 0.224672 0.900307
vt 0.205838 0.900307
vt 0.490530 0.319046
vt 0.254338 0.899778
vt 0.459230 0.499719
vt 0.308607 0.898035
vt 0.881580 0.895233
vt 0.806244 0.895233
vt 0.289773 0.502971
vt 0.760574 0.895233
vt 0.402728 0.504500
vt 0.685238 0.895233
vt 0.655572 0.895233
vt 0.580236 0.895233
vt 0.496898 0.182719
vt 0.534566 0.895233
vt 0.496898 0.220387
vt 0.459230 0.895233
vt 0.894047 0.319046
vt 0.894047 0.243710
vt 0.496898 0.424383
vt 0.421562 0.889455
vt 0.496898 0.462051
vt 0.061918 0.888968
vt 0.032252 0.888968
vt 0.149336 0.883503
vt 0.497984 0.013418
vt 0.874664 0.126422
vt 0.497984 0.051086
vt 0.874664 0.051086
vt 0.882666 0.013418
vt 0.881580 0.838731
vt 0.497984 0.126422
vt 0.873578 0.801063
vt 0.141334 0.506823
vt 0.873578 0.725727
vt 0.881580 0.688059
vt 0.881580 0.612723
vt 0.024250 0.512288
vt 0.873578 0.575055
vt 0.061918 0.512288
vt 0.873578 0.537387
vt 0.881580 0.499719
vt 0.881580 0.480885
vt 0.421562 0.512775
vt 0.722906 0.989403
vt 0.509364 0.243710
vt 0.704072 0.989403
vt 0.693240 0.989403
vt 0.674406 0.989403
vt 0.509364 0.319046
vt 0.647570 0.989403
vt 0.459230 0.518553
vt 0.628736 0.989403
vt 0.617904 0.989403
vt 0.599070 0.989403
vt 0.308607 0.521355
vt 0.572234 0.989403
vt 0.254338 0.523098
vt 0.553400 0.989403
vt 0.542568 0.989403
vt 0.523734 0.989403
vt 0.235504 0.523627
vt 0.496898 0.989403
vt 0.515732 0.201553
vt 0.478064 0.989403
vt 0.467232 0.989403
vt 0.988217 0.337880
vt 0.515732 0.405549
vt 0.760574 0.876399
vt 0.515732 0.443217
vt 0.722906 0.876399
vt 0.655572 0.876399
vt 0.617904 0.876399
vt 0.515732 0.518553
vt 0.534566 0.876399
vt 0.516818 0.013418
vt 0.496898 0.876399
vt 0.486066 0.876399
vt 0.467232 0.876399
vt 0.516818 0.088754
vt 0.867210 0.337880
vt 0.516818 0.126422
vt 0.867210 0.319046
vt 0.875213 0.300212
vt 0.875213 0.281378
vt 0.179002 0.525657
vt 0.421562 0.870621
vt 0.024250 0.531122
vt 0.099586 0.870134
vt 0.032252 0.870134
vt 0.187004 0.864669
vt 0.099586 0.531122
vt 0.855830 0.126422
vt 0.421562 0.531609
vt 0.855830 0.107588
vt 0.863832 0.088754
vt 0.863832 0.069920
vt 0.528198 0.281378
vt 0.855830 0.051086
vt 0.528198 0.319046
vt 0.855830 0.032252
vt 0.863832 0.013418
vt 0.391896 0.863303
vt 0.496898 0.537387
vt 0.854744 0.857565
vt 0.346274 0.539967
vt 0.854744 0.838731
vt 0.862746 0.819897
vt 0.862746 0.801063
vt 0.402728 0.542168
vt 0.854744 0.782229
vt 0.216670 0.542461
vt 0.854744 0.763395
vt 0.862746 0.744561
vt 0.862746 0.706893
vt 0.534566 0.220387
vt 0.854744 0.669225
vt 0.534566 0.386715
vt 0.854744 0.631557
vt 0.862746 0.556221
vt 0.862746 0.518553
vt 0.534566 0.462051
vt 0.854744 0.443217
vt 0.534566 0.499719
vt 0.854744 0.405549
vt 0.862746 0.201553
vt 0.243506 0.862639
vt 0.535652 0.013418
vt 0.254338 0.862110
vt 0.535652 0.051086
vt 0.308607 0.860367
vt 0.806244 0.857565
vt 0.768576 0.857565
vt 0.535652 0.126422
vt 0.980214 0.319046
vt 0.141334 0.544491
vt 0.980214 0.300212
vt 0.988217 0.281378
vt 0.988217 0.262544
vt 0.024250 0.549956
vt 0.980214 0.243710
vt 0.061918 0.549956
vt 0.005416 0.985448
vt 0.429564 0.983625
vt 0.126422 0.983138
vt 0.421562 0.550443
vt 0.099586 0.983138
vt 0.547032 0.243710
vt 0.080752 0.983138
vt 0.069920 0.983138
vt 0.051086 0.983138
vt 0.547032 0.319046
vt 0.024250 0.983138
vt 0.459230 0.556221
vt 0.440396 0.982221
vt 0.187004 0.977673
vt 0.168170 0.977673
vt 0.534566 0.556221
vt 0.141334 0.845835
vt 0.308607 0.559023
vt 0.836996 0.126422
vt 0.844998 0.088754
vt 0.844998 0.051086
vt 0.197836 0.561295
vt 0.836996 0.032252
vt 0.235504 0.561295
vt 0.836996 0.013418
vt 0.843912 0.801063
vt 0.843912 0.782229
vt 0.553400 0.367881
vt 0.835910 0.763395
vt 0.553400 0.405549
vt 0.835910 0.744561
vt 0.843912 0.725727
vt 0.843912 0.706893
vt 0.553400 0.480885
vt 0.835910 0.688059
vt 0.553400 0.518553
vt 0.835910 0.669225
vt 0.843912 0.650391
vt 0.843912 0.631557
vt 0.554486 0.013418
vt 0.835910 0.612723
vt 0.554486 0.051086
vt 0.835910 0.575055
vt 0.843912 0.556221
vt 0.843912 0.537387
vt 0.554486 0.126422
vt 0.835910 0.462051
vt 0.141334 0.563325
vt 0.835910 0.424383
vt 0.843912 0.220387
vt 0.843912 0.182719
vt 0.024250 0.568790
vt 0.402728 0.843512
vt 0.061918 0.568790
vt 0.289773 0.841983
vt 0.316609 0.841533
vt 0.354276 0.841311
vt 0.421562 0.569277
vt 0.817076 0.838731
vt 0.565866 0.243710
vt 0.798242 0.838731
vt 0.787410 0.838731
vt 0.768576 0.838731
vn 1.0000 0.0000 0.0000
vn 0.0000 0.0000 1.0000
vn -1.0000 0.0000 0.0000
vn 0.0000 0.0000 -1.0000
vn 0.0000 -1.0000 0.0000
vn 0.0000 1.0000 0.0000
s off
f 440/953/201 441/954/201 439/955/201
f 442/956/202 445/957/202 441/958/202
f 446/959/203 443/960/203 445/961/203
f 444/962/204 439/963/204 443/964/204
f 445/965/205 439/966/205 441/967/205
f 442/968/206 444/969/206 446/970/206
f 448/971/201 449/972/201 447/973/201
f 450/974/202 453/975/202 449/976/202
f 454/977/203 451/978/203 453/979/203
f 452/980/204 447/981/204 451/982/204
f 453/983/205 447/984/205 449/985/205
f 450/986/206 452/987/206 454/988/206
f 456/989/201 457/990/201 455/991/201
f 458/992/202 461/993/202 457/994/202
f 462/995/203 459/996/203 461/997/203
f 460/998/204 455/999/204 459/1000/204
f 461/1001/205 455/1002/205 457/1003/205
f 458/1004/206 460/1005/206 462/1006/206
f 464/1007/201 465/1008/201 463/1009/201
f 466/1010/202 469/1011/202 465/1012/202
f 470/1013/203 467/1014/203 469/1015/203
f 468/1016/204 463/1017/204 467/1018/204
f 469/1019/205 463/1020/205 465/1021/205
f 466/1022/206 468/1023/206 470/1024/206
f 472/1025/201 473/1026/201 471/1027/201
f 474/1028/202 477/1029/202 473/1030/202
f 478/1031/203 475/1032/203 477/1033/203
f 476/1034/204 471/1035/204 475/1036/204
f 477/1037/205 471/1038/205 473/1039/205
f 474/1040/206 476/1041/206 478/1042/206
f 480/1043/201 481/1044/201 479/1045/201
f 482/1046/202 485/1047/202 481/1048/202
f 486/1049/203 483/1050/203 485/1051/203
f 484/1052/204 479/1053/204 483/1054/204
f 485/1055/205 479/1056/205 481/1057/205
f 482/1058/206 484/1059/206 486/1060/206
f 488/1061/201 489/1062/201 487/1063/201
f 490/1064/202 493/1065/202 489/1066/202
f 494/1067/203 491/1068/203 493/1069/203
f 492/1070/204 487/1071/204 491/1072/204
f 493/1073/205 487/1074/205 489/1075/205
f 490/1076/206 492/1077/206 494/1078/206
f 496/1079/201 497/1080/201 495/1081/201
f 498/1082/202 501/1083/202 497/1084/202
f 502/1085/203 499/1086/203 501/1087/203
f 500/1088/204 495/1089/204 499/1090/204
f 501/1091/205 495/1092/205 497/1093/205
f 498/1094/206 500/1095/206 502/1096/206
f 504/1097/201 505/1098/201 503/1099/201
f 506/1100/202 509/1101/202 505/1102/202
f 510/1103/203 507/1104/203 509/1105/203
f 508/1106/204 503/1107/204 507/1108/204
f 509/1109/205 503/1110/205 505/1111/205
f 506/1112/206 508/1113/206 510/1114/206
f 512/1115/201 513/1116/201 511/1117/201
f 514/1118/202 517/1119/202 513/1120/202
f 518/1121/203 515/1122/203 517/1123/203
f 516/1124/204 511/1125/204 515/1126/204
f 517/1127/205 511/1128/205 513/1129/205
f 514/1130/206 516/1131/206 518/1132/206
f 520/1133/201 521/1134/201 519/1135/201
f 522/1136/202 525/1137/202 521/1138/202
f 526/1139/203 523/1140/203 525/1141/203
f 524/1142/204 519/1143/204 523/1144/204
f 525/1145/205 519/1146/205 521/1147/205
f 522/1148/206 524/1149/206 526/1150/206
f 528/1151/201 529/1152/201 527/1153/201
f 530/1154/202 533/1155/202 529/1156/202
f 534/1157/203 531/1158/203 533/1159/203
f 532/1160/204 527/1161/204 531/1162/204
f 533/1163/205 527/1164/205 529/1165/205
f 530/1166/206 532/1167/206 534/1168/206
f 536/1169/201 537/1170/201 535/1171/201
f 538/1172/202 541/1173/202 537/1174/202
f 542/1175/203 539/1176/203 541/1177/203
f 540/1178/204 535/1179/204 539/1180/204
f 541/1181/205 535/1182/205 537/1183/205
f 538/1184/206 540/1185/206 542/1186/206
f 544/1187/201 545/1188/201 543/1189/201
f 546/1190/202 549/1191/202 545/1192/202
f 550/1193/203 547/1194/203 549/1195/203
f 548/1196/204 543/1197/204 547/1198/204
f 549/1199/205 543/1200/205 545/1201/205
f 546/1202/206 548/1203/206 550/1204/206
f 552/1205/201 553/1206/201 551/1207/201
f 554/1208/202 557/1209/202 553/1210/202
f 558/1211/203 555/1212/203 557/1213/203
f 556/1214/204 551/1215/204 555/1216/204
f 557/1217/205 551/1218/205 553/1219/205
f 554/1220/206 556/1221/206 558/1222/206
f 560/1223/201 561/1224/201 559/1225/201
f 562/1226/202 565/1227/202 561/1228/202
f 566/1229/203 563/1230/203 565/1231/203
f 564/1232/204 559/1233/204 563/1234/204
f 565/1235/205 559/1236/205 561/1237/205
f 562/1238/206 564/1239/206 566/1240/206
f 568/1241/201 569/1242/201 567/1243/201
f 570/1244/202 573/1245/202 569/1246/202
f 574/1247/203 571/1248/203 573/1249/203
f 572/1250/204 567/1251/204 571/1252/204
f 573/1253/205 567/1254/205 569/1255/205
f 570/1256/206 572/1257/206 574/1258/206
f 576/1259/201 577/1260/201 575/1261/201
f 578/1262/202 581/1263/202 577/1264/202
f 582/1265/203 579/1266/203 581/1267/203
f 580/1268/204 575/1269/204 579/1270/204
f 581/1271/205 575/1272/205 577/1273/205
f 578/1274/206 580/1275/206 582/1276/206
f 584/1277/201 585/1278/201 583/1279/201
f 586/1280/202 589/1281/202 585/1282/202
f 590/1283/203 587/1284/203 589/1285/203
f 588/1286/204 583/1287/204 587/1288/204
f 589/1289/205 583/1290/205 585/1291/205
f 586/1292/206 588/1293/206 590/1294/206
f 592/1295/201 593/1296/201 591/1297/201
f 594/1298/202 597/1299/202 593/1300/202
f 598/1301/203 595/1302/203 597/1303/203
f 596/1304/204 591/1305/204 595/1306/204
f 597/1307/205 591/1308/205 593/1309/205
f 594/1310/206 596/1311/206 598/1312/206
f 600/1313/201 601/1314/201 599/1315/201
f 602/1316/202 605/1317/202 601/1318/202
f 606/1319/203 603/1320/203 605/1321/203
f 604/1322/204 599/1323/204 603/1324/204
f 605/1325/205 599/1326/205 601/1327/205
f 602/1328/206 604/1329/206 606/1330/206
f 608/1331/201 609/1332/201 607/1333/201
f 610/1334/202 613/1335/202 609/1336/202
f 614/1337/203 611/1338/203 613/1339/203
f 612/1340/204 607/1341/204 611/1342/204
f 613/1343/205 607/1344/205 609/1345/205
f 610/1346/206 612/1347/206 614/1348/206
f 616/1349/201 617/1350/201 615/1351/201
f 618/1352/202 621/1353/202 617/1354/202
f 622/1355/203 619/1356/203 621/1357/203
f 620/1358/204 615/1359/204 619/1360/204
f 621/1361/205 615/1362/205 617/1363/205
f 618/1364/206 620/1365/206 622/1366/206
f 624/1367/201 625/1368/201 623/1369/201
f 626/1370/202 629/1371/202 625/1372/202
f 630/1373/203 627/1374/203 629/1375/203
f 628/1376/204 623/1377/204 627/1378/204
f 629/1379/205 623/1380/205 625/1381/205
f 626/1382/206 628/1383/206 630/1384/206
f 632/1385/201 633/1386/201 631/1387/201
f 634/1388/202 637/1389/202 633/1390/202
f 638/1391/203 635/1392/203 637/1393/203
f 636/1394/204 631/1395/204 635/1396/204
f 637/1397/205 631/1398/205 633/1399/205
f 634/1400/206 636/1401/206 638/1402/206
f 640/1403/201 641/1404/201 639/1405/201
f 642/1406/202 645/1407/202 641/1408/202
f 646/1409/203 643/1410/203 645/1411/203
f 644/1412/204 639/1413/204 643/1414/204
f 645/1415/205 639/1416/205 641/1417/205
f 642/1418/206 644/1419/206 646/1420/206
f 648/1421/201 649/1422/201 647/1423/201
f 650/1424/202 653/1425/202 649/1426/202
f 654/1427/203 651/1428/203 653/1429/203
f 652/1430/204 647/1431/204 651/1432/204
f 653/1433/205 647/1434/205 649/1435/205
f 650/1436/206 652/1437/206 654/1438/206
f 656/1439/201 657/1440/201 655/1441/201
f 658/1442/202 661/1443/202 657/1444/202
f 662/1445/203 659/1446/203 661/1447/203
f 660/1448/204 655/1449/204 659/1450/204
f 661/1451/205 655/1452/205 657/1453/205
f 658/1454/206 660/1455/206 662/1456/206
f 664/1457/201 665/1458/201 663/1459/201
f 666/1460/202 669/1461/202 665/1462/202
f 670/1463/203 667/1464/203 669/1465/203
f 668/1466/204 663/1467/204 667/1468/204
f 669/1469/205 663/1470/205 665/1471/205
f 666/1472/206 668/1473/206 670/1474/206
f 672/1475/201 673/1476/201 671/1477/201
f 674/1478/202 677/1479/202 673/1480/202
f 678/1481/203 675/1482/203 677/1483/203
f 676/1484/204 671/1485/204 675/1486/204
f 677/1487/205 671/1488/205 673/1489/205
f 674/1490/206 676/1491/206 678/1492/206
f 680/1493/201 681/1494/201 679/1495/201
f 682/1496/202 685/1497/202 681/1498/202
f 686/1499/203 683/1500/203 685/1501/203
f 684/1502/204 679/1503/204 683/1504/204
f 685/1505/205 679/1506/205 681/1507/205
f 682/1508/206 684/1509/206 686/1510/206
f 688/1511/201 689/1512/201 687/1513/201
f 690/1514/202 693/1515/202 689/1516/202
f 694/1517/203 691/1518/203 693/1519/203
f 692/1520/204 687/1521/204 691/1522/204
f 693/1523/205 687/1524/205 689/1525/205
f 690/1526/206 692/1527/206 694/1528/206
f 696/1529/201 697/1530/201 695/1531/201
f 698/1532/202 701/1533/202 697/1534/202
f 702/1535/203 699/1536/203 701/1537/203
f 700/1538/204 695/1539/204 699/1540/204
f 701/1541/205 695/1542/205 697/1543/205
f 698/1544/206 700/1545/206 702/1546/206
f 704/1547/201 705/1548/201 703/1549/201
f 706/1550/202 709/1551/202 705/1552/202
f 710/1553/203 707/1554/203 709/1555/203
f 708/1556/204 703/1557/204 707/1558/204
f 709/1559/205 703/1560/205 705/1561/205
f 706/1562/206 708/1563/206 710/1564/206
f 712/1565/201 713/1566/201 711/1567/201
f 714/1568/202 717/1569/202 713/1570/202
f 718/1571/203 715/1572/203 717/1573/203
f 716/1574/204 711/1575/204 715/1576/204
f 717/1577/205 711/1578/205 713/1579/205
f 714/1580/206 716/1581/206 718/1582/206
f 720/1583/201 721/1584/201 719/1585/201
f 722/1586/202 725/1587/202 721/1588/202
f 726/1589/203 723/1590/203 725/1591/203
f 724/1592/204 719/1593/204 723/1594/204
f 725/1595/205 719/1596/205 721/1597/205
f 722/1598/206 724/1599/206 726/1600/206
f 728/1601/201 729/1602/201 727/1603/201
f 730/1604/202 733/1605/202 729/1606/202
f 734/1607/203 731/1608/203 733/1609/203
f 732/1610/204 727/1611/204 731/1612/204
f 733/1613/205 727/1614/205 729/1615/205
f 730/1616/206 732/1617/206 734/1618/206
f 736/1619/201 737/1620/201 735/1621/201
f 738/1622/202 741/1623/202 737/1624/202
f 742/1625/203 739/1626/203 741/1627/203
f 740/1628/204 735/1629/204 739/1630/204
f 741/1631/205 735/1632/205 737/1633/205
f 738/1634/206 740/1635/206 742/1636/206
f 744/1637/201 745/1638/201 743/1639/201
f 746/1640/202 749/1641/202 745/1642/202
f 750/1643/203 747/1644/203 749/1645/203
f 748/1646/204 743/1647/204 747/1648/204
f 749/1649/205 743/1650/205 745/1651/205
f 746/1652/206 748/1653/206 750/1654/206
f 752/1655/201 753/1656/201 751/1657/201
f 754/1658/202 757/1659/202 753/1660/202
f 758/1661/203 755/1662/203 757/1663/203
f 756/1664/204 751/1665/204 755/1666/204
f 757/1667/205 751/1668/205 753/1669/205
f 754/1670/206 756/1671/206 758/1672/206
f 760/1673/201 761/1674/201 759/1675/201
f 762/1676/202 765/1677/202 761/1678/202
f 766/1679/203 763/1680/203 765/1681/203
f 764/1682/204 759/1683/204 763/1684/204
f 765/1685/205 759/1686/205 761/1687/205
f 762/1688/206 764/1689/206 766/1690/206
f 768/1691/201 769/1692/201 767/1693/201
f 770/1694/202 773/1695/202 769/1696/202
f 774/1697/203 771/1698/203 773/1699/203
f 772/1700/204 767/1701/204 771/1702/204
f 773/1703/205 767/1704/205 769/1705/205
f 770/1706/206 772/1707/206 774/1708/206
f 776/1709/201 777/1710/201 775/1711/201
f 778/1712/202 781/1713/202 777/1714/202
f 782/1715/203 779/1716/203 781/1717/203
f 780/1718/204 775/1719/204 779/1720/204
f 781/1721/205 775/1722/205 777/1723/205
f 778/1724/206 780/1725/206 782/1726/206
f 784/1727/201 785/1728/201 783/1729/201
f 786/1730/202 789/1731/202 785/1732/202
f 790/1733/203 787/1734/203 789/1735/203
f 788/1736/204 783/1737/204 787/1738/204
f 789/1739/205 783/1740/205 785/1741/205
f 786/1742/206 788/1743/206 790/1744/206
f 792/1745/201 793/1746/201 791/1747/201
f 794/1748/202 797/1749/202 793/1750/202
f 798/1751/203 795/1752/203 797/1753/203
f 796/1754/204 791/1755/204 795/1756/204
f 797/1757/205 791/1758/205 793/1759/205
f 794/1760/206 796/1761/206 798/1762/206
f 800/1763/201 801/1764/201 799/1765/201
f 802/1766/202 805/1767/202 801/1768/202
f 806/1769/203 803/1770/203 805/1771/203
f 804/1772/204 799/1773/204 803/1774/204
f 805/1775/205 799/1776/205 801/1777/205
f 802/1778/206 804/1779/206 806/1780/206
f 440/953/201 442/1781/201 441/954/201
f 442/956/202 446/1782/202 445/957/202
f 446/959/203 444/1783/203 443/960/203
f 444/962/204 440/1784/204 439/963/204
f 445/965/205 443/1785/205 439/966/205
f 442/968/206 440/1786/206 444/969/206
f 448/971/201 450/1787/201 449/972/201
f 450/974/202 454/1788/202 453/975/202
f 454/977/203 452/1789/203 451/978/203
f 452/980/204 448/1790/204 447/981/204
f 453/983/205 451/1791/205 447/984/205
f 450/986/206 448/1792/206 452/987/206
f 456/989/201 458/1793/201 457/990/201
f 458/992/202 462/1794/202 461/993/202
f 462/995/203 460/1795/203 459/996/203
f 460/998/204 456/1796/204 455/999/204
f 461/1001/205 459/1797/205 455/1002/205
f 458/1004/206 456/1798/206 460/1005/206
f 464/1007/201 466/1799/201 465/1008/201
f 466/1010/202 470/1800/202 469/1011/202
f 470/1013/203 468/1801/203 467/1014/203
f 468/1016/204 464/1802/204 463/1017/204
f 469/1019/205 467/1803/205 463/1020/205
f 466/1022/206 464/1804/206 468/1023/206
f 472/1025/201 474/1805/201 473/1026/201
f 474/1028/202 478/1806/202 477/1029/202
f 478/1031/203 476/1807/203 475/1032/203
f 476/1034/204 472/1808/204 471/1035/204
f 477/1037/205 475/1809/205 471/1038/205
f 474/1040/206 472/1810/206 476/1041/206
f 480/1043/201 482/1811/201 481/1044/201
f 482/1046/202 486/1812/202 485/1047/202
f 486/1049/203 484/1813/203 483/1050/203
f 484/1052/204 480/1814/204 479/1053/204
f 485/1055/205 483/1815/205 479/1056/205
f 482/1058/206 480/1816/206 484/1059/206
f 488/1061/201 490/1817/201 489/1062/201
f 490/1064/202 494/1818/202 493/1065/202
f 494/1067/203 492/1819/203 491/1068/203
f 492/1070/204 488/1820/204 487/1071/204
f 493/1073/205 491/1821/205 487/1074/205
f 490/1076/206 488/1822/206 492/1077/206
f 496/1079/201 498/1823/201 497/1080/201
f 498/1082/202 502/1824/202 501/1083/202
f 502/1085/203 500/1825/203 499/1086/203
f 500/1088/204 496/1826/204 495/1089/204
f 501/1091/205 499/1827/205 495/1092/205
f 498/1094/206 496/1828/206 500/1095/206
f 504/1097/201 506/1829/201 505/1098/201
f 506/1100/202 510/1830/202 509/1101/202
f 510/1103/203 508/1831/203 507/1104/203
f 508/1106/204 504/1832/204 503/1107/204
f 509/1109/205 507/1833/205 503/1110/205
f 506/1112/206 504/1834/206 508/1113/206
f 512/1115/201 514/1835/201 513/1116/201
f 514/1118/202 518/1836/202 517/1119/202
f 518/1121/203 516/1837/203 515/1122/203
f 516/1124/204 512/1838/204 511/1125/204
f 517/1127/205 515/1839/205 511/1128/205
f 514/1130/206 512/1840/206 516/1131/206
f 520/1133/201 522/1841/201 521/1134/201
f 522/1136/202 526/1842/202 525/1137/202
f 526/1139/203 524/1843/203 523/1140/203
f 524/1142/204 520/1844/204 519/1143/204
f 525/1145/205 523/1845/205 519/1146/205
f 522/1148/206 520/1846/206 524/1149/206
f 528/1151/201 530/1847/201 529/1152/201
f 530/1154/202 534/1848/202 533/1155/202
f 534/1157/203 532/1849/203 531/1158/203
f 532/1160/204 528/1850/204 527/1161/204
f 533/1163/205 531/1851/205 527/1164/205
f 530/1166/206 528/1852/206 532/1167/206
f 536/1169/201 538/1853/201 537/1170/201
f 538/1172/202 542/1854/202 541/1173/202
f 542/1175/203 540/1855/203 539/1176/203
f 540/1178/204 536/1856/204 535/1179/204
f 541/1181/205 539/1857/205 535/1182/205
f 538/1184/206 536/1858/206 540/1185/206
f 544/1187/201 546/1859/201 545/1188/201
f 546/1190/202 550/1860/202 549/1191/202
f 550/1193/203 548/1861/203 547/1194/203
f 548/1196/204 544/1862/204 543/1197/204
f 549/1199/205 547/1863/205 543/1200/205
f 546/1202/206 544/1864/206 548/1203/206
f 552/1205/201 554/1865/201 553/1206/201
f 554/1208/202 558/1866/202 557/1209/202
f 558/1211/203 556/1867/203 555/1212/203
f 556/1214/204 552/1868/204 551/1215/204
f 557/1217/205 555/1869/205 551/1218/205
f 554/1220/206 552/1870/206 556/1221/206
f 560/1223/201 562/1871/201 561/1224/201
f 562/1226/202 566/1872/202 565/1227/202
f 566/1229/203 564/1873/203 563/1230/203
f 564/1232/204 560/1874/204 559/1233/204
f 565/1235/205 563/1875/205 559/1236/205
f 562/1238/206 560/1876/206 564/1239/206
f 568/1241/201 570/1877/201 569/1242/201
f 570/1244/202 574/1878/202 573/1245/202
f 574/1247/203 572/1879/203 571/1248/203
f 572/1250/204 568/1880/204 567/1251/204
f 573/1253/205 571/1881/205 567/1254/205
f 570/1256/206 568/1882/206 572/1257/206
f 576/1259/201 578/1883/201 577/1260/201
f 578/1262/202 582/1884/202 581/1263/202
f 582/1265/203 580/1885/203 579/1266/203
f 580/1268/204 576/1886/204 575/1269/204
f 581/1271/205 579/1887/205 575/1272/205
f 578/1274/206 576/1888/206 580/1275/206
f 584/1277/201 586/1889/201 585/1278/201
f 586/1280/202 590/1890/202 589/1281/202
f 590/1283/203 588/1891/203 587/1284/203
f 588/1286/204 584/1892/204 583/1287/204
f 589/1289/205 587/1893/205 583/1290/205
f 586/1292/206 584/1894/206 588/1293/206
f 592/1295/201 594/1895/201 593/1296/201
f 594/1298/202 598/1896/202 597/1299/202
f 598/1301/203 596/1897/203 595/1302/203
f 596/1304/204 592/1898/204 591/1305/204
f 597/1307/205 595/1899/205 591/1308/205
f 594/1310/206 592/1900/206 596/1311/206
f 600/1313/201 602/1901/201 601/1314/201
f 602/1316/202 606/1902/202 605/1317/202
f 606/1319/203 604/1903/203 603/1320/203
f 604/1322/204 600/1904/204 599/1323/204
f 605/1325/205 603/1905/205 599/1326/205
f 602/1328/206 600/1906/206 604/1329/206
f 608/1331/201 610/1907/201 609/1332/201
f 610/1334/202 614/1908/202 613/1335/202
f 614/1337/203 612/1909/203 611/1338/203
f 612/1340/204 608/1910/204 607/1341/204
f 613/1343/205 611/1911/205 607/1344/205
f 610/1346/206 608/1912/206 612/1347/206
f 616/1349/201 618/1913/201 617/1350/201
f 618/1352/202 622/1914/202 621/1353/202
f 622/1355/203 620/1915/203 619/1356/203
f 620/1358/204 616/1916/204 615/1359/204
f 621/1361/205 619/1917/205 615/1362/205
f 618/1364/206 616/1918/206 620/1365/206
f 624/1367/201 626/1919/201 625/1368/201
f 626/1370/202 630/1920/202 629/1371/202
f 630/1373/203 628/1921/203 627/1374/203
f 628/1376/204 624/1922/204 623/1377/204
f 629/1379/205 627/1923/205 623/1380/205
f 626/1382/206 624/1924/206 628/1383/206
f 632/1385/201 634/1925/201 633/1386/201
f 634/1388/202 638/1926/202 637/1389/202
f 638/1391/203 636/1927/203 635/1392/203
f 636/1394/204 632/1928/204 631/1395/204
f 637/1397/205 635/1929/205 631/1398/205
f 634/1400/206 632/1930/206 636/1401/206
f 640/1403/201 642/1931/201 641/1404/201
f 642/1406/202 646/1932/202 645/1407/202
f 646/1409/203 644/1933/203 643/1410/203
f 644/1412/204 640/1934/204 639/1413/204
f 645/1415/205 643/1935/205 639/1416/205
f 642/1418/206 640/1936/206 644/1419/206
f 648/1421/201 650/1937/201 649/1422/201
f 650/1424/202 654/1938/202 653/1425/202
f 654/1427/203 652/1939/203 651/1428/203
f 652/1430/204 648/1940/204 647/1431/204
f 653/1433/205 651/1941/205 647/1434/205
f 650/1436/206 648/1942/206 652/1437/206
f 656/1439/201 658/1943/201 657/1440/201
f 658/1442/202 662/1944/202 661/1443/202
f 662/1445/203 660/1945/203 659/1446/203
f 660/1448/204 656/1946/204 655/1449/204
f 661/1451/205 659/1947/205 655/1452/205
f 658/1454/206 656/1948/206 660/1455/206
f 664/1457/201 666/1949/201 665/1458/201
f 666/1460/202 670/1950/202 669/1461/202
f 670/1463/203 668/1951/203 667/1464/203
f 668/1466/204 664/1952/204 663/1467/204
f 669/1469/205 667/1953/205 663/1470/205
f 666/1472/206 664/1954/206 668/1473/206
f 672/1475/201 674/1955/201 673/1476/201
f 674/1478/202 678/1956/202 677/1479/202
f 678/1481/203 676/1957/203 675/1482/203
f 676/1484/204 672/1958/204 671/1485/204
f 677/1487/205 675/1959/205 671/1488/205
f 674/1490/206 672/1960/206 676/1491/206
f 680/1493/201 682/1961/201 681/1494/201
f 682/1496/202 686/1962/202 685/1497/202
f 686/1499/203 684/1963/203 683/1500/203
f 684/1502/204 680/1964/204 679/1503/204
f 685/1505/205 683/1965/205 679/1506/205
f 682/1508/206 680/1966/206 684/1509/206
f 688/1511/201 690/1967/201 689/1512/201
f 690/1514/202 694/1968/202 693/1515/202
f 694/1517/203 692/1969/203 691/1518/203
f 692/1520/204 688/1970/204 687/1521/204
f 693/1523/205 691/1971/205 687/1524/205
f 690/1526/206 688/1972/206 692/1527/206
f 696/1529/201 698/1973/201 697/1530/201
f 698/1532/202 702/1974/202 701/1533/202
f 702/1535/203 700/1975/203 699/1536/203
f 700/1538/204 696/1976/204 695/1539/204
f 701/1541/205 699/1977/205 695/1542/205
f 698/1544/206 696/1978/206 700/1545/206
f 704/1547/201 706/1979/201 705/1548/201
f 706/1550/202 710/1980/202 709/1551/202
f 710/1553/203 708/1981/203 707/1554/203
f 708/1556/204 704/1982/204 703/1557/204
f 709/1559/205 707/1983/205 703/1560/205
f 706/1562/206 704/1984/206 708/1563/206
f 712/1565/201 714/1985/201 713/1566/201
f 714/1568/202 718/1986/202 717/1569/202
f 718/1571/203 716/1987/203 715/1572/203
f 716/1574/204 712/1988/204 711/1575/204
f 717/1577/205 715/1989/205 711/1578/205
f 714/1580/206 712/1990/206 716/1581/206
f 720/1583/201 722/1991/201 721/1584/201
f 722/1586/202 726/1992/202 725/1587/202
f 726/1589/203 724/1993/203 723/1590/203
f 724/1592/204 720/1994/204 719/1593/204
f 725/1595/205 723/1995/205 719/1596/205
f 722/1598/206 720/1996/206 724/1599/206
f 728/1601/201 730/1997/201 729/1602/201
f 730/1604/202 734/1998/202 733/1605/202
f 734/1607/203 732/1999/203 731/1608/203
f 732/1610/204 728/2000/204 727/1611/204
f 733/1613/205 731/2001/205 727/1614/205
f 730/1616/206 728/2002/206 732/1617/206
f 736/1619/201 738/2003/201 737/1620/201
f 738/1622/202 742/2004/202 741/1623/202
f 742/1625/203 740/2005/203 739/1626/203
f 740/1628/204 736/2006/204 735/1629/204
f 741/1631/205 739/2007/205 735/1632/205
f 738/1634/206 736/2008/206 740/1635/206
f 744/1637/201 746/2009/201 745/1638/201
f 746/1640/202 750/2010/202 749/1641/202
f 750/1643/203 748/2011/203 747/1644/203
f 748/1646/204 744/2012/204 743/1647/204
f 749/1649/205 747/2013/205 743/1650/205
f 746/1652/206 744/2014/206 748/1653/206
f 752/1655/201 754/2015/201 753/1656/201
f 754/1658/202 758/2016/202 757/1659/202
f 758/1661/203 756/2017/203 755/1662/203
f 756/1664/204 752/2018/204 751/1665/204
f 757/1667/205 755/2019/205 751/1668/205
f 754/1670/206 752/2020/206 756/1671/206
f 760/1673/201 762/2021/201 761/1674/201
f 762/1676/202 766/2022/202 765/1677/202
f 766/1679/203 764/2023/203 763/1680/203
f 764/1682/204 760/2024/204 759/1683/204
f 765/1685/205 763/2025/205 759/1686/205
f 762/1688/206 760/2026/206 764/1689/206
f 768/1691/201 770/2027/201 769/1692/201
f 770/1694/202 774/2028/202 773/1695/202
f 774/1697/203 772/2029/203 771/1698/203
f 772/1700/204 768/2030/204 767/1701/204
f 773/1703/205 771/2031/205 767/1704/205
f 770/1706/206 768/2032/206 772/1707/206
f 776/1709/201 778/2033/201 777/1710/201
f 778/1712/202 782/2034/202 781/1713/202
f 782/1715/203 780/2035/203 779/1716/203
f 780/1718/204 776/2036/204 775/1719/204
f 781/1721/205 779/2037/205 775/1722/205
f 778/1724/206 776/2038/206 780/1725/206
f 784/1727/201 786/2039/201 785/1728/201
f 786/1730/202 790/2040/202 789/1731/202
f 790/1733/203 788/2041/203 787/1734/203
f 788/1736/204 784/2042/204 783/1737/204
f 789/1739/205 787/2043/205 783/1740/205
f 786/1742/206 784/2044/206 788/1743/206
f 792/1745/201 794/2045/201 793/1746/201
f 794/1748/202 798/2046/202 797/1749/202
f 798/1751/203 796/2047/203 795/1752/203
f 796/1754/204 792/2048/204 791/1755/204
f 797/1757/205 795/2049/205 791/1758/205
f 794/1760/206 792/2050/206 796/1761/206
f 800/1763/201 802/2051/201 801/1764/201
f 802/1766/202 806/2052/202 805/1767/202
f 806/1769/203 804/2053/203 803/1770/203
f 804/1772/204 800/2054/204 799/1773/204
f 805/1775/205 803/2055/205 799/1776/205
f 802/1778/206 800/2056/206 804/1779/206
o Cube.028_Cube.042
v 208.620255 0.248732 -9.180186
v 208.620255 1.148732 -9.180186
v 208.620255 0.248732 -8.480186
v 208.620255 1.148732 -8.480186
v 206.520248 0.248732 -9.180186
v 206.520248 1.148732 -9.180186
v 206.520248 0.248732 -8.480186
v 206.520248 1.148732 -8.480186
v 204.420258 0.248732 -9.180186
v 204.420258 1.148732 -9.180186
v 204.420258 0.248732 -8.480186
v 204.420258 1.148732 -8.480186
v 202.320251 0.248732 -9.180186
v 202.320251 1.148732 -9.180186
v 202.320251 0.248732 -8.480186
v 202.320251 1.148732 -8.480186
v 200.220245 0.248732 -9.180186
v 200.220245 1.148732 -9.180186
v 200.220245 0.248732 -8.480186
v 200.220245 1.148732 -8.480186
v 198.120255 0.248732 -9.180186
v 198.120255 1.148732 -9.180186
v 198.120255 0.248732 -8.480186
v 198.120255 1.148732 -8.480186
v 196.020248 0.248732 -9.180186
v 196.020248 1.148732 -9.180186
v 196.020248 0.248732 -8.480186
v 196.020248 1.148732 -8.480186
v 193.920258 0.248732 -9.180186
v 193.920258 1.148732 -9.180186
v 193.920258 0.248732 -8.480186
v 193.920258 1.148732 -8.480186
v 191.820251 0.248732 -9.180186
v 191.820251 1.148732 -9.180186
v 191.820251 0.248732 -8.480186
v 191.820251 1.148732 -8.480186
v 189.720245 0.248732 -9.180186
v 189.720245 1.148732 -9.180186
v 189.720245 0.248732 -8.480186
v 189.720245 1.148732 -8.480186
v 187.620255 0.248732 -9.180186
v 187.620255 1.148732 -9.180186
v 187.620255 0.248732 -8.480186
v 187.620255 1.148732 -8.480186
v 185.520248 0.248732 -9.180186
v 185.520248 1.148732 -9.180186
v 185.520248 0.248732 -8.480186
v 185.520248 1.148732 -8.480186
v 183.420258 0.248732 -9.180186
v 183.420258 1.148732 -9.180186
v 183.420258 0.248732 -8.480186
v 183.420258 1.148732 -8.480186
v 181.320251 0.248732 -9.180186
v 181.320251 1.148732 -9.180186
v 181.320251 0.248732 -8.480186
v 181.320251 1.148732 -8.480186
v 179.220245 0.248732 -9.180186
v 179.220245 1.148732 -9.180186
v 179.220245 0.248732 -8.480186
v 179.220245 1.148732 -8.480186
v 177.120255 0.248732 -9.180186
v 177.120255 1.148732 -9.180186
v 177.120255 0.248732 -8.480186
v 177.120255 1.148732 -8.480186
v 175.020248 0.248732 -9.180186
v 175.020248 1.148732 -9.180186
v 175.020248 0.248732 -8.480186
v 175.020248 1.148732 -8.480186
v 172.920258 0.248732 -9.180186
v 172.920258 1.148732 -9.180186
v 172.920258 0.248732 -8.480186
v 172.920258 1.148732 -8.480186
v 170.820251 0.248732 -9.180186
v 170.820251 1.148732 -9.180186
v 170.820251 0.248732 -8.480186
v 170.820251 1.148732 -8.480186
v 168.720245 0.248732 -9.180186
v 168.720245 1.148732 -9.180186
v 168.720245 0.248732 -8.480186
v 168.720245 1.148732 -8.480186
v 166.620239 0.248732 -9.180186
v 166.620239 1.148732 -9.180186
v 166.620239 0.248732 -8.480186
v 166.620239 1.148732 -8.480186
v 164.520248 0.248732 -9.180186
v 164.520248 1.148732 -9.180186
v 164.520248 0.248732 -8.480186
v 164.520248 1.148732 -8.480186
v 162.420258 0.248732 -9.180186
v 162.420258 1.148732 -9.180186
v 162.420258 0.248732 -8.480186
v 162.420258 1.148732 -8.480186
v 160.320251 0.248732 -9.180186
v 160.320251 1.148732 -9.180186
v 160.320251 0.248732 -8.480186
v 160.320251 1.148732 -8.480186
v 158.220245 0.248732 -9.180186
v 158.220245 1.148732 -9.180186
v 158.220245 0.248732 -8.480186
v 158.220245 1.148732 -8.480186
v 156.120239 0.248732 -9.180186
v 156.120239 1.148732 -9.180186
v 156.120239 0.248732 -8.480186
v 156.120239 1.148732 -8.480186
v 154.020248 0.248732 -9.180186
v 154.020248 1.148732 -9.180186
v 154.020248 0.248732 -8.480186
v 154.020248 1.148732 -8.480186
v 151.920242 0.248732 -9.180186
v 151.920242 1.148732 -9.180186
v 151.920242 0.248732 -8.480186
v 151.920242 1.148732 -8.480186
v 149.820251 0.248732 -9.180186
v 149.820251 1.148732 -9.180186
v 149.820251 0.248732 -8.480186
v 149.820251 1.148732 -8.480186
v 147.720245 0.248732 -9.180186
v 147.720245 1.148732 -9.180186
v 147.720245 0.248732 -8.480186
v 147.720245 1.148732 -8.480186
v 145.620239 0.248732 -9.180186
v 145.620239 1.148732 -9.180186
v 145.620239 0.248732 -8.480186
v 145.620239 1.148732 -8.480186
v 143.520248 0.248732 -9.180186
v 143.520248 1.148732 -9.180186
v 143.520248 0.248732 -8.480186
v 143.520248 1.148732 -8.480186
v 141.420258 0.248732 -9.180186
v 141.420258 1.148732 -9.180186
v 141.420258 0.248732 -8.480186
v 141.420258 1.148732 -8.480186
v 139.320251 0.248732 -9.180186
v 139.320251 1.148732 -9.180186
v 139.320251 0.248732 -8.480186
v 139.320251 1.148732 -8.480186
v 137.220245 0.248732 -9.180186
v 137.220245 1.148732 -9.180186
v 137.220245 0.248732 -8.480186
v 137.220245 1.148732 -8.480186
v 135.120239 0.248732 -9.180186
v 135.120239 1.148732 -9.180186
v 135.120239 0.248732 -8.480186
v 135.120239 1.148732 -8.480186
v 133.020248 0.248732 -9.180186
v 133.020248 1.148732 -9.180186
v 133.020248 0.248732 -8.480186
v 133.020248 1.148732 -8.480186
v 130.920258 0.248732 -9.180186
v 130.920258 1.148732 -9.180186
v 130.920258 0.248732 -8.480186
v 130.920258 1.148732 -8.480186
v 128.820251 0.248732 -9.180186
v 128.820251 1.148732 -9.180186
v 128.820251 0.248732 -8.480186
v 128.820251 1.148732 -8.480186
v 126.720245 0.248732 -9.180186
v 126.720245 1.148732 -9.180186
v 126.720245 0.248732 -8.480186
v 126.720245 1.148732 -8.480186
v 124.620247 0.248732 -9.180186
v 124.620247 1.148732 -9.180186
v 124.620247 0.248732 -8.480186
v 124.620247 1.148732 -8.480186
v 122.520248 0.248732 -9.180186
v 122.520248 1.148732 -9.180186
v 122.520248 0.248732 -8.480186
v 122.520248 1.148732 -8.480186
v 120.420242 0.248732 -9.180186
v 120.420242 1.148732 -9.180186
v 120.420242 0.248732 -8.480186
v 120.420242 1.148732 -8.480186
v 118.320244 0.248732 -9.180186
v 118.320244 1.148732 -9.180186
v 118.320244 0.248732 -8.480186
v 118.320244 1.148732 -8.480186
v 116.220245 0.248732 -9.180186
v 116.220245 1.148732 -9.180186
v 116.220245 0.248732 -8.480186
v 116.220245 1.148732 -8.480186
v 114.120247 0.248732 -9.180186
v 114.120247 1.148732 -9.180186
v 114.120247 0.248732 -8.480186
v 114.120247 1.148732 -8.480186
v 112.020248 0.248732 -9.180186
v 112.020248 1.148732 -9.180186
v 112.020248 0.248732 -8.480186
v 112.020248 1.148732 -8.480186
v 109.920242 0.248732 -9.180186
v 109.920242 1.148732 -9.180186
v 109.920242 0.248732 -8.480186
v 109.920242 1.148732 -8.480186
v 107.820244 0.248732 -9.180186
v 107.820244 1.148732 -9.180186
v 107.820244 0.248732 -8.480186
v 107.820244 1.148732 -8.480186
v 105.720245 0.248732 -9.180186
v 105.720245 1.148732 -9.180186
v 105.720245 0.248732 -8.480186
v 105.720245 1.148732 -8.480186
v 103.620247 0.248732 -9.180186
v 103.620247 1.148732 -9.180186
v 103.620247 0.248732 -8.480186
v 103.620247 1.148732 -8.480186
v 101.520241 0.248732 -9.180186
v 101.520241 1.148732 -9.180186
v 101.520241 0.248732 -8.480186
v 101.520241 1.148732 -8.480186
v 99.420242 0.248732 -9.180186
v 99.420242 1.148732 -9.180186
v 99.420242 0.248732 -8.480186
v 99.420242 1.148732 -8.480186
v 97.320244 0.248732 -9.180186
v 97.320244 1.148732 -9.180186
v 97.320244 0.248732 -8.480186
v 97.320244 1.148732 -8.480186
v 95.220245 0.248732 -9.180186
v 95.220245 1.148732 -9.180186
v 95.220245 0.248732 -8.480186
v 95.220245 1.148732 -8.480186
v 93.120247 0.248732 -9.180186
v 93.120247 1.148732 -9.180186
v 93.120247 0.248732 -8.480186
v 93.120247 1.148732 -8.480186
v 91.020241 0.248732 -9.180186
v 91.020241 1.148732 -9.180186
v 91.020241 0.248732 -8.480186
v 91.020241 1.148732 -8.480186
v 88.920242 0.248732 -9.180186
v 88.920242 1.148732 -9.180186
v 88.920242 0.248732 -8.480186
v 88.920242 1.148732 -8.480186
v 86.820244 0.248732 -9.180186
v 86.820244 1.148732 -9.180186
v 86.820244 0.248732 -8.480186
v 86.820244 1.148732 -8.480186
v 84.720245 0.248732 -9.180186
v 84.720245 1.148732 -9.180186
v 84.720245 0.248732 -8.480186
v 84.720245 1.148732 -8.480186
v 82.620239 0.248732 -9.180186
v 82.620239 1.148732 -9.180186
v 82.620239 0.248732 -8.480186
v 82.620239 1.148732 -8.480186
v 80.520241 0.248732 -9.180186
v 80.520241 1.148732 -9.180186
v 80.520241 0.248732 -8.480186
v 80.520241 1.148732 -8.480186
v 78.420242 0.248732 -9.180186
v 78.420242 1.148732 -9.180186
v 78.420242 0.248732 -8.480186
v 78.420242 1.148732 -8.480186
v 76.320236 0.248732 -9.180186
v 76.320236 1.148732 -9.180186
v 76.320236 0.248732 -8.480186
v 76.320236 1.148732 -8.480186
v 74.220245 0.248732 -9.180186
v 74.220245 1.148732 -9.180186
v 74.220245 0.248732 -8.480186
v 74.220245 1.148732 -8.480186
v 72.120239 0.248732 -9.180186
v 72.120239 1.148732 -9.180186
v 72.120239 0.248732 -8.480186
v 72.120239 1.148732 -8.480186
v 70.020248 0.248732 -9.180186
v 70.020248 1.148732 -9.180186
v 70.020248 0.248732 -8.480186
v 70.020248 1.148732 -8.480186
v 67.920242 0.248732 -9.180186
v 67.920242 1.148732 -9.180186
v 67.920242 0.248732 -8.480186
v 67.920242 1.148732 -8.480186
v 65.820236 0.248732 -9.180186
v 65.820236 1.148732 -9.180186
v 65.820236 0.248732 -8.480186
v 65.820236 1.148732 -8.480186
v 63.720245 0.248732 -9.180186
v 63.720245 1.148732 -9.180186
v 63.720245 0.248732 -8.480186
v 63.720245 1.148732 -8.480186
v 61.620239 0.248732 -9.180186
v 61.620239 1.148732 -9.180186
v 61.620239 0.248732 -8.480186
v 61.620239 1.148732 -8.480186
v 59.520248 0.248732 -9.180186
v 59.520248 1.148732 -9.180186
v 59.520248 0.248732 -8.480186
v 59.520248 1.148732 -8.480186
v 57.420242 0.248732 -9.180186
v 57.420242 1.148732 -9.180186
v 57.420242 0.248732 -8.480186
v 57.420242 1.148732 -8.480186
v 55.320236 0.248732 -9.180186
v 55.320236 1.148732 -9.180186
v 55.320236 0.248732 -8.480186
v 55.320236 1.148732 -8.480186
v 53.220245 0.248732 -9.180186
v 53.220245 1.148732 -9.180186
v 53.220245 0.248732 -8.480186
v 53.220245 1.148732 -8.480186
v 51.120239 0.248732 -9.180186
v 51.120239 1.148732 -9.180186
v 51.120239 0.248732 -8.480186
v 51.120239 1.148732 -8.480186
v 49.020233 0.248732 -9.180186
v 49.020233 1.148732 -9.180186
v 49.020233 0.248732 -8.480186
v 49.020233 1.148732 -8.480186
v 46.920242 0.248732 -9.180186
v 46.920242 1.148732 -9.180186
v 46.920242 0.248732 -8.480186
v 46.920242 1.148732 -8.480186
v 44.820236 0.248732 -9.180186
v 44.820236 1.148732 -9.180186
v 44.820236 0.248732 -8.480186
v 44.820236 1.148732 -8.480186
v 42.720245 0.248732 -9.180186
v 42.720245 1.148732 -9.180186
v 42.720245 0.248732 -8.480186
v 42.720245 1.148732 -8.480186
v 40.620239 0.248732 -9.180186
v 40.620239 1.148732 -9.180186
v 40.620239 0.248732 -8.480186
v 40.620239 1.148732 -8.480186
v 38.520233 0.248732 -9.180186
v 38.520233 1.148732 -9.180186
v 38.520233 0.248732 -8.480186
v 38.520233 1.148732 -8.480186
v 36.420242 0.248732 -9.180186
v 36.420242 1.148732 -9.180186
v 36.420242 0.248732 -8.480186
v 36.420242 1.148732 -8.480186
v 34.320236 0.248732 -9.180186
v 34.320236 1.148732 -9.180186
v 34.320236 0.248732 -8.480186
v 34.320236 1.148732 -8.480186
v 32.220245 0.248732 -9.180186
v 32.220245 1.148732 -9.180186
v 32.220245 0.248732 -8.480186
v 32.220245 1.148732 -8.480186
v 30.120239 0.248732 -9.180186
v 30.120239 1.148732 -9.180186
v 30.120239 0.248732 -8.480186
v 30.120239 1.148732 -8.480186
v 28.020233 0.248732 -9.180186
v 28.020233 1.148732 -9.180186
v 28.020233 0.248732 -8.480186
v 28.020233 1.148732 -8.480186
v 25.920242 0.248732 -9.180186
v 25.920242 1.148732 -9.180186
v 25.920242 0.248732 -8.480186
v 25.920242 1.148732 -8.480186
v 23.820236 0.248732 -9.180186
v 23.820236 1.148732 -9.180186
v 23.820236 0.248732 -8.480186
v 23.820236 1.148732 -8.480186
v 21.720245 0.248732 -9.180186
v 21.720245 1.148732 -9.180186
v 21.720245 0.248732 -8.480186
v 21.720245 1.148732 -8.480186
v 19.620239 0.248732 -9.180186
v 19.620239 1.148732 -9.180186
v 19.620239 0.248732 -8.480186
v 19.620239 1.148732 -8.480186
v 17.520233 0.248732 -9.180186
v 17.520233 1.148732 -9.180186
v 17.520233 0.248732 -8.480186
v 17.520233 1.148732 -8.480186
vt 0.573869 0.319046
vt 0.565866 0.311043
vt 0.573869 0.311043
vt 0.573869 0.337880
vt 0.565866 0.329877
vt 0.573869 0.329877
vt 0.467232 0.575055
vt 0.459230 0.567053
vt 0.467232 0.567053
vt 0.486066 0.575055
vt 0.478064 0.567053
vt 0.486066 0.567053
vt 0.504900 0.567053
vt 0.496898 0.575055
vt 0.496898 0.567053
vt 0.523734 0.567053
vt 0.515732 0.575055
vt 0.515732 0.567053
vt 0.542568 0.575055
vt 0.534566 0.567053
vt 0.542568 0.567053
vt 0.693240 0.838731
vt 0.685238 0.830729
vt 0.693240 0.830729
vt 0.354276 0.577635
vt 0.346274 0.569632
vt 0.354276 0.569632
vt 0.655572 0.838731
vt 0.647570 0.830729
vt 0.655572 0.830729
vt 0.580236 0.830729
vt 0.572234 0.838731
vt 0.572234 0.830729
vt 0.542568 0.830729
vt 0.534566 0.838731
vt 0.534566 0.830729
vt 0.410730 0.579836
vt 0.402728 0.571834
vt 0.410730 0.571834
vt 0.467232 0.838731
vt 0.459230 0.830729
vt 0.467232 0.830729
vt 0.224672 0.580129
vt 0.216670 0.572127
vt 0.224672 0.572127
vt 0.837545 0.319046
vt 0.829542 0.311043
vt 0.837545 0.311043
vt 0.837545 0.235707
vt 0.829542 0.243710
vt 0.829542 0.235707
vt 0.013418 0.826774
vt 0.005416 0.834776
vt 0.005416 0.826774
vt 0.580236 0.220387
vt 0.572234 0.212384
vt 0.580236 0.212384
vt 0.429564 0.832953
vt 0.421562 0.824951
vt 0.429564 0.824951
vt 0.580236 0.386715
vt 0.572234 0.378713
vt 0.580236 0.378713
vt 0.107588 0.832466
vt 0.099586 0.824464
vt 0.107588 0.824464
vt 0.069920 0.824464
vt 0.061918 0.832466
vt 0.061918 0.824464
vt 0.032252 0.824464
vt 0.024250 0.832466
vt 0.024250 0.824464
vt 0.580236 0.462051
vt 0.572234 0.454049
vt 0.580236 0.454049
vt 0.149336 0.977673
vt 0.141334 0.969671
vt 0.149336 0.969671
vt 0.580236 0.499719
vt 0.572234 0.491717
vt 0.580236 0.491717
vt 0.976836 0.145256
vt 0.968834 0.137254
vt 0.976836 0.137254
vt 0.976836 0.118420
vt 0.968834 0.126422
vt 0.968834 0.118420
vt 0.976836 0.099586
vt 0.968834 0.107588
vt 0.968834 0.099586
vt 0.580236 0.575055
vt 0.572234 0.567053
vt 0.580236 0.567053
vt 0.976836 0.088754
vt 0.968834 0.080752
vt 0.976836 0.080752
vt 0.581322 0.013418
vt 0.573320 0.005416
vt 0.581322 0.005416
vt 0.976836 0.069920
vt 0.968834 0.061918
vt 0.976836 0.061918
vt 0.976836 0.043084
vt 0.968834 0.051086
vt 0.968834 0.043084
vt 0.976836 0.024250
vt 0.968834 0.032252
vt 0.968834 0.024250
vt 0.581322 0.088754
vt 0.573320 0.080752
vt 0.581322 0.080752
vt 0.976836 0.013418
vt 0.968834 0.005416
vt 0.976836 0.005416
vt 0.581322 0.126422
vt 0.573320 0.118420
vt 0.581322 0.118420
vt 0.391896 0.976307
vt 0.383894 0.968305
vt 0.391896 0.968305
vt 0.975750 0.962567
vt 0.967748 0.970569
vt 0.967748 0.962567
vt 0.975750 0.887231
vt 0.967748 0.895233
vt 0.967748 0.887231
vt 0.187004 0.582159
vt 0.179002 0.574157
vt 0.187004 0.574157
vt 0.975750 0.857565
vt 0.967748 0.849563
vt 0.975750 0.849563
vt 0.032252 0.587624
vt 0.024250 0.579622
vt 0.032252 0.579622
vt 0.975750 0.782229
vt 0.967748 0.774227
vt 0.975750 0.774227
vt 0.975750 0.736559
vt 0.967748 0.744561
vt 0.967748 0.736559
vt 0.975750 0.661223
vt 0.967748 0.669225
vt 0.967748 0.661223
vt 0.107588 0.587624
vt 0.099586 0.579622
vt 0.107588 0.579622
vt 0.825078 0.782229
vt 0.817076 0.774227
vt 0.825078 0.774227
vt 0.429564 0.588111
vt 0.421562 0.580109
vt 0.429564 0.580109
vt 0.825078 0.744561
vt 0.817076 0.736559
vt 0.825078 0.736559
vt 0.825078 0.661223
vt 0.817076 0.669225
vt 0.817076 0.661223
vt 0.825078 0.623555
vt 0.817076 0.631557
vt 0.817076 0.623555
vt 0.592703 0.281378
vt 0.584700 0.273375
vt 0.592703 0.273375
vt 0.825078 0.556221
vt 0.817076 0.548219
vt 0.825078 0.548219
vt 0.592703 0.319046
vt 0.584700 0.311043
vt 0.592703 0.311043
vt 0.825078 0.518553
vt 0.817076 0.510551
vt 0.825078 0.510551
vt 0.825078 0.435215
vt 0.817076 0.443217
vt 0.817076 0.435215
vt 0.825078 0.397547
vt 0.817076 0.405549
vt 0.817076 0.397547
vt 0.504900 0.593889
vt 0.496898 0.585887
vt 0.504900 0.585887
vt 0.825078 0.201553
vt 0.817076 0.193550
vt 0.825078 0.193550
vt 0.542568 0.593889
vt 0.534566 0.585887
vt 0.542568 0.585887
vt 0.243506 0.824971
vt 0.235504 0.816969
vt 0.243506 0.816969
vt 0.262340 0.816440
vt 0.254338 0.824442
vt 0.254338 0.816440
vt 0.316609 0.814697
vt 0.308607 0.822699
vt 0.308607 0.814697
vt 0.316609 0.596691
vt 0.308607 0.588689
vt 0.316609 0.588689
vt 0.768576 0.819897
vt 0.760574 0.811895
vt 0.768576 0.811895
vt 0.262340 0.598434
vt 0.254338 0.590432
vt 0.262340 0.590432
vt 0.730908 0.819897
vt 0.722906 0.811895
vt 0.730908 0.811895
vt 0.655572 0.811895
vt 0.647570 0.819897
vt 0.647570 0.811895
vt 0.617904 0.811895
vt 0.609902 0.819897
vt 0.609902 0.811895
vt 0.243506 0.598963
vt 0.235504 0.590961
vt 0.243506 0.590961
vt 0.542568 0.819897
vt 0.534566 0.811895
vt 0.542568 0.811895
vt 0.599070 0.201553
vt 0.591068 0.193550
vt 0.599070 0.193550
vt 0.504900 0.819897
vt 0.496898 0.811895
vt 0.504900 0.811895
vt 0.818711 0.311043
vt 0.810708 0.319046
vt 0.810708 0.311043
vt 0.818711 0.273375
vt 0.810708 0.281378
vt 0.810708 0.273375
vt 0.599070 0.405549
vt 0.591068 0.397547
vt 0.599070 0.397547
vt 0.429564 0.814119
vt 0.421562 0.806117
vt 0.429564 0.806117
vt 0.599070 0.443217
vt 0.591068 0.435215
vt 0.599070 0.435215
vt 0.107588 0.813632
vt 0.099586 0.805630
vt 0.107588 0.805630
vt 0.088754 0.805630
vt 0.080752 0.813632
vt 0.080752 0.805630
vt 0.069920 0.805630
vt 0.061918 0.813632
vt 0.061918 0.805630
vt 0.599070 0.518553
vt 0.591068 0.510551
vt 0.599070 0.510551
vt 0.051086 0.813632
vt 0.043084 0.805630
vt 0.051086 0.805630
vt 0.599070 0.556221
vt 0.591068 0.548219
vt 0.599070 0.548219
vt 0.032252 0.813632
vt 0.024250 0.805630
vt 0.032252 0.805630
vt 0.448398 0.804713
vt 0.440396 0.812715
vt 0.440396 0.804713
vt 0.187004 0.800165
vt 0.179002 0.808167
vt 0.179002 0.800165
vt 0.600156 0.013418
vt 0.592154 0.005416
vt 0.600156 0.005416
vt 0.168170 0.808167
vt 0.160168 0.800165
vt 0.168170 0.800165
vt 0.600156 0.051086
vt 0.592154 0.043084
vt 0.600156 0.043084
vt 0.149336 0.808167
vt 0.141334 0.800165
vt 0.149336 0.800165
vt 0.807330 0.137254
vt 0.799328 0.145256
vt 0.799328 0.137254
vt 0.807330 0.118420
vt 0.799328 0.126422
vt 0.799328 0.118420
vt 0.600156 0.126422
vt 0.592154 0.118420
vt 0.600156 0.118420
vt 0.807330 0.107588
vt 0.799328 0.099586
vt 0.807330 0.099586
vt 0.149336 0.600993
vt 0.141334 0.592991
vt 0.149336 0.592991
vt 0.807330 0.088754
vt 0.799328 0.080752
vt 0.807330 0.080752
vt 0.807330 0.043084
vt 0.799328 0.051086
vt 0.799328 0.043084
vt 0.807330 0.005416
vt 0.799328 0.013418
vt 0.799328 0.005416
vt 0.032252 0.606458
vt 0.024250 0.598456
vt 0.032252 0.598456
vt 0.806244 0.801063
vt 0.798242 0.793061
vt 0.806244 0.793061
vt 0.069920 0.606458
vt 0.061918 0.598456
vt 0.069920 0.598456
vt 0.806244 0.763395
vt 0.798242 0.755393
vt 0.806244 0.755393
vt 0.806244 0.717725
vt 0.798242 0.725727
vt 0.798242 0.717725
vt 0.806244 0.698891
vt 0.798242 0.706893
vt 0.798242 0.698891
vt 0.429564 0.606945
vt 0.421562 0.598943
vt 0.429564 0.598943
vt 0.806244 0.688059
vt 0.798242 0.680057
vt 0.806244 0.680057
vt 0.611537 0.243710
vt 0.603534 0.235707
vt 0.611537 0.235707
vt 0.806244 0.612723
vt 0.798242 0.604721
vt 0.806244 0.604721
vt 0.806244 0.567053
vt 0.798242 0.575055
vt 0.798242 0.567053
vt 0.806244 0.491717
vt 0.798242 0.499719
vt 0.798242 0.491717
vt 0.611537 0.319046
vt 0.603534 0.311043
vt 0.611537 0.311043
vt 0.975750 0.631557
vt 0.967748 0.623555
vt 0.975750 0.623555
vt 0.467232 0.612723
vt 0.459230 0.604721
vt 0.467232 0.604721
vt 0.975750 0.556221
vt 0.967748 0.548219
vt 0.975750 0.548219
vt 0.975750 0.510551
vt 0.967748 0.518553
vt 0.967748 0.510551
vt 0.975750 0.491717
vt 0.967748 0.499719
vt 0.967748 0.491717
vt 0.542568 0.612723
vt 0.534566 0.604721
vt 0.542568 0.604721
vt 0.975750 0.480885
vt 0.967748 0.472883
vt 0.975750 0.472883
vt 0.580236 0.612723
vt 0.572234 0.604721
vt 0.580236 0.604721
vt 0.975750 0.462051
vt 0.967748 0.454049
vt 0.975750 0.454049
vt 0.975750 0.435215
vt 0.967748 0.443217
vt 0.967748 0.435215
vt 0.975750 0.416381
vt 0.967748 0.424383
vt 0.967748 0.416381
vt 0.297775 0.615975
vt 0.289773 0.607973
vt 0.297775 0.607973
vt 0.975750 0.405549
vt 0.967748 0.397547
vt 0.975750 0.397547
vt 0.410730 0.617504
vt 0.402728 0.609502
vt 0.410730 0.609502
vt 0.975750 0.386715
vt 0.967748 0.378713
vt 0.975750 0.378713
vt 0.975750 0.359879
vt 0.967748 0.367881
vt 0.967748 0.359879
vt 0.975750 0.212384
vt 0.967748 0.220387
vt 0.967748 0.212384
vt 0.617904 0.182719
vt 0.609902 0.174717
vt 0.617904 0.174717
vt 0.975750 0.201553
vt 0.967748 0.193550
vt 0.975750 0.193550
vt 0.617904 0.220387
vt 0.609902 0.212384
vt 0.617904 0.212384
vt 0.975750 0.182719
vt 0.967748 0.174717
vt 0.975750 0.174717
vt 0.243506 0.967641
vt 0.235504 0.975643
vt 0.235504 0.967641
vt 0.224672 0.967641
vt 0.216670 0.975643
vt 0.216670 0.967641
vt 0.617904 0.424383
vt 0.609902 0.416381
vt 0.617904 0.416381
vt 0.354276 0.803643
vt 0.346274 0.795640
vt 0.354276 0.795640
vt 0.617904 0.462051
vt 0.609902 0.454049
vt 0.617904 0.454049
vt 0.768576 0.801063
vt 0.760574 0.793061
vt 0.768576 0.793061
vt 0.693240 0.793061
vt 0.685238 0.801063
vt 0.685238 0.793061
vt 0.655572 0.793061
vt 0.647570 0.801063
vt 0.647570 0.793061
vt 0.617904 0.537387
vt 0.609902 0.529385
vt 0.617904 0.529385
vt 0.580236 0.801063
vt 0.572234 0.793061
vt 0.580236 0.793061
vt 0.617904 0.575055
vt 0.609902 0.567053
vt 0.617904 0.567053
vt 0.542568 0.801063
vt 0.534566 0.793061
vt 0.542568 0.793061
vt 0.467232 0.793061
vt 0.459230 0.801063
vt 0.459230 0.793061
vt 0.799877 0.311043
vt 0.791874 0.319046
vt 0.791874 0.311043
vt 0.618990 0.013418
vt 0.610988 0.005416
vt 0.618990 0.005416
vt 0.799877 0.243710
vt 0.791874 0.235707
vt 0.799877 0.235707
vt 0.618990 0.051086
vt 0.610988 0.043084
vt 0.618990 0.043084
vt 0.429564 0.795285
vt 0.421562 0.787283
vt 0.429564 0.787283
vt 0.069920 0.786796
vt 0.061918 0.794798
vt 0.061918 0.786796
vt 0.032252 0.786796
vt 0.024250 0.794798
vt 0.024250 0.786796
vt 0.618990 0.126422
vt 0.610988 0.118420
vt 0.618990 0.118420
vt 0.149337 0.789333
vt 0.141334 0.781331
vt 0.149337 0.781331
vt 0.149336 0.619827
vt 0.141334 0.611825
vt 0.149336 0.611825
vt 0.788496 0.126422
vt 0.780494 0.118420
vt 0.788496 0.118420
vt 0.788496 0.043084
vt 0.780494 0.051086
vt 0.780494 0.043084
vt 0.788496 0.005416
vt 0.780494 0.013418
vt 0.780494 0.005416
vt 0.032252 0.625292
vt 0.024250 0.617290
vt 0.032252 0.617290
vt 0.787410 0.744561
vt 0.779408 0.736559
vt 0.787410 0.736559
vt 0.069920 0.625292
vt 0.061918 0.617290
vt 0.069920 0.617290
vt 0.787410 0.725727
vt 0.779408 0.717725
vt 0.787410 0.717725
vt 0.787410 0.698891
vt 0.779408 0.706893
vt 0.779408 0.698891
vt 0.787410 0.661223
vt 0.779408 0.669225
vt 0.779408 0.661223
vt 0.429564 0.625779
vt 0.421562 0.617777
vt 0.429564 0.617777
vt 0.787410 0.631557
vt 0.779408 0.623555
vt 0.787410 0.623555
vt 0.630371 0.243710
vt 0.622368 0.235707
vt 0.630371 0.235707
vt 0.787410 0.593889
vt 0.779408 0.585887
vt 0.787410 0.585887
vt 0.787410 0.548219
vt 0.779408 0.556221
vt 0.779408 0.548219
vt 0.787410 0.510551
vt 0.779408 0.518553
vt 0.779408 0.510551
vt 0.630371 0.319046
vt 0.622368 0.311043
vt 0.630371 0.311043
vt 0.787410 0.499719
vt 0.779408 0.491717
vt 0.787410 0.491717
vt 0.467232 0.631557
vt 0.459230 0.623555
vt 0.467232 0.623555
vt 0.787410 0.480885
vt 0.779408 0.472883
vt 0.787410 0.472883
vt 0.787410 0.397547
vt 0.779408 0.405549
vt 0.779408 0.397547
vt 0.787410 0.378713
vt 0.779408 0.386715
vt 0.779408 0.378713
vt 0.542568 0.631557
vt 0.534566 0.623555
vt 0.542568 0.623555
vt 0.787410 0.367881
vt 0.779408 0.359879
vt 0.787410 0.359879
vt 0.580236 0.631557
vt 0.572234 0.623555
vt 0.580236 0.623555
vt 0.243506 0.787303
vt 0.235504 0.779301
vt 0.243506 0.779301
vt 0.205838 0.779301
vt 0.197836 0.787303
vt 0.197836 0.779301
vt 0.316609 0.777029
vt 0.308607 0.785031
vt 0.308607 0.777029
vt 0.316609 0.634359
vt 0.308607 0.626357
vt 0.316609 0.626357
vt 0.768576 0.782229
vt 0.760574 0.774227
vt 0.768576 0.774227
vt 0.262340 0.636102
vt 0.254338 0.628100
vt 0.262340 0.628100
vt 0.693240 0.782229
vt 0.685238 0.774227
vt 0.693240 0.774227
vt 0.655572 0.774227
vt 0.647570 0.782229
vt 0.647570 0.774227
vt 0.580236 0.774227
vt 0.572234 0.782229
vt 0.572234 0.774227
vt 0.243506 0.636631
vt 0.235504 0.628629
vt 0.243506 0.628629
vt 0.542568 0.782229
vt 0.534566 0.774227
vt 0.542568 0.774227
vt 0.636738 0.201553
vt 0.628736 0.193550
vt 0.636738 0.193550
vt 0.467232 0.782229
vt 0.459230 0.774227
vt 0.467232 0.774227
vt 0.781043 0.311043
vt 0.773040 0.319046
vt 0.773040 0.311043
vt 0.781043 0.235707
vt 0.773040 0.243710
vt 0.773040 0.235707
vt 0.636738 0.405549
vt 0.628736 0.397547
vt 0.636738 0.397547
vt 0.429564 0.776451
vt 0.421562 0.768449
vt 0.429564 0.768449
vt 0.636738 0.443217
vt 0.628736 0.435215
vt 0.636738 0.435215
vt 0.069920 0.775964
vt 0.061918 0.767962
vt 0.069920 0.767962
vt 0.032252 0.767962
vt 0.024250 0.775964
vt 0.024250 0.767962
vt 0.149337 0.762497
vt 0.141334 0.770499
vt 0.141334 0.762497
vt 0.636738 0.518553
vt 0.628736 0.510551
vt 0.636738 0.510551
vt 0.205838 0.975643
vt 0.197836 0.967641
vt 0.205838 0.967641
vt 0.636738 0.556221
vt 0.628736 0.548219
vt 0.636738 0.548219
vt 0.410730 0.975350
vt 0.402728 0.967348
vt 0.410730 0.967348
vt 0.262340 0.967112
vt 0.254338 0.975114
vt 0.254338 0.967112
vt 0.297775 0.965819
vt 0.289773 0.973821
vt 0.289773 0.965819
vt 0.636738 0.631557
vt 0.628736 0.623555
vt 0.636738 0.623555
vt 0.316609 0.973371
vt 0.308607 0.965369
vt 0.316609 0.965369
vt 0.637824 0.013418
vt 0.629822 0.005416
vt 0.637824 0.005416
vt 0.354276 0.973149
vt 0.346274 0.965146
vt 0.354276 0.965146
vt 0.956916 0.962567
vt 0.948914 0.970569
vt 0.948914 0.962567
vt 0.938082 0.962567
vt 0.930080 0.970569
vt 0.930080 0.962567
vt 0.637824 0.088754
vt 0.629822 0.080752
vt 0.637824 0.080752
vt 0.919248 0.970569
vt 0.911246 0.962567
vt 0.919248 0.962567
vt 0.637824 0.126422
vt 0.629822 0.118420
vt 0.637824 0.118420
vt 0.900414 0.970569
vt 0.892412 0.962567
vt 0.900414 0.962567
vt 0.881580 0.962567
vt 0.873578 0.970569
vt 0.873578 0.962567
vt 0.862746 0.962567
vt 0.854744 0.970569
vt 0.854744 0.962567
vt 0.187004 0.638661
vt 0.179002 0.630659
vt 0.187004 0.630659
vt 0.843912 0.970569
vt 0.835910 0.962567
vt 0.843912 0.962567
vt 0.032252 0.644126
vt 0.024250 0.636124
vt 0.032252 0.636124
vt 0.825078 0.970569
vt 0.817076 0.962567
vt 0.825078 0.962567
vt 0.806244 0.962567
vt 0.798242 0.970569
vt 0.798242 0.962567
vt 0.787410 0.962567
vt 0.779408 0.970569
vt 0.779408 0.962567
vt 0.107588 0.644126
vt 0.099586 0.636124
vt 0.107588 0.636124
vt 0.768576 0.537387
vt 0.760574 0.529385
vt 0.768576 0.529385
vt 0.429564 0.644613
vt 0.421562 0.636611
vt 0.429564 0.636611
vt 0.768576 0.499719
vt 0.760574 0.491717
vt 0.768576 0.491717
vt 0.768576 0.454049
vt 0.760574 0.462051
vt 0.760574 0.454049
vt 0.768576 0.416381
vt 0.760574 0.424383
vt 0.760574 0.416381
vt 0.649205 0.281378
vt 0.641202 0.273375
vt 0.649205 0.273375
vt 0.768576 0.386715
vt 0.760574 0.378713
vt 0.768576 0.378713
vt 0.649205 0.319046
vt 0.641202 0.311043
vt 0.649205 0.311043
vt 0.768576 0.367881
vt 0.760574 0.359879
vt 0.768576 0.359879
vt 0.768576 0.212384
vt 0.760574 0.220387
vt 0.760574 0.212384
vt 0.224672 0.760467
vt 0.216670 0.768469
vt 0.216670 0.760467
vt 0.504900 0.650391
vt 0.496898 0.642389
vt 0.504900 0.642389
vt 0.205838 0.768469
vt 0.197836 0.760467
vt 0.205838 0.760467
vt 0.542568 0.650391
vt 0.534566 0.642389
vt 0.542568 0.642389
vt 0.410730 0.768176
vt 0.402728 0.760174
vt 0.410730 0.760174
vt 0.297775 0.758645
vt 0.289773 0.766647
vt 0.289773 0.758645
vt 0.354276 0.757972
vt 0.346274 0.765975
vt 0.346274 0.757972
vt 0.617904 0.650391
vt 0.609902 0.642389
vt 0.617904 0.642389
vt 0.730908 0.763395
vt 0.722906 0.755393
vt 0.730908 0.755393
vt 0.354276 0.652971
vt 0.346274 0.644968
vt 0.354276 0.644968
vt 0.655572 0.763395
vt 0.647570 0.755393
vt 0.655572 0.755393
vt 0.617904 0.755393
vt 0.609902 0.763395
vt 0.609902 0.755393
vt 0.542568 0.755393
vt 0.534566 0.763395
vt 0.534566 0.755393
vt 0.410730 0.655172
vt 0.402728 0.647170
vt 0.410730 0.647170
vt 0.504900 0.763395
vt 0.496898 0.755393
vt 0.504900 0.755393
vt 0.224672 0.655465
vt 0.216670 0.647463
vt 0.224672 0.647463
vt 0.762209 0.319046
vt 0.754206 0.311043
vt 0.762209 0.311043
vt 0.762209 0.273375
vt 0.754206 0.281378
vt 0.754206 0.273375
vt 0.429564 0.749615
vt 0.421562 0.757617
vt 0.421562 0.749615
vt 0.655572 0.220387
vt 0.647570 0.212384
vt 0.655572 0.212384
vt 0.107588 0.757130
vt 0.099586 0.749128
vt 0.107588 0.749128
vt 0.655572 0.386715
vt 0.647570 0.378713
vt 0.655572 0.378713
vt 0.032252 0.757130
vt 0.024250 0.749128
vt 0.032252 0.749128
vt 0.187004 0.743663
vt 0.179002 0.751665
vt 0.179002 0.743663
vt 0.750828 0.118420
vt 0.742826 0.126422
vt 0.742826 0.118420
vt 0.655572 0.462051
vt 0.647570 0.454049
vt 0.655572 0.454049
vt 0.750828 0.088754
vt 0.742826 0.080752
vt 0.750828 0.080752
vt 0.655572 0.499719
vt 0.647570 0.491717
vt 0.655572 0.491717
vt 0.750828 0.013418
vt 0.742826 0.005416
vt 0.750828 0.005416
vt 0.749742 0.736559
vt 0.741740 0.744561
vt 0.741740 0.736559
vt 0.749742 0.661223
vt 0.741740 0.669225
vt 0.741740 0.661223
vt 0.655572 0.575055
vt 0.647570 0.567053
vt 0.655572 0.567053
vt 0.749742 0.631557
vt 0.741740 0.623555
vt 0.749742 0.623555
vt 0.655572 0.612723
vt 0.647570 0.604721
vt 0.655572 0.604721
vt 0.749742 0.556221
vt 0.741740 0.548219
vt 0.749742 0.548219
vt 0.749742 0.510551
vt 0.741740 0.518553
vt 0.741740 0.510551
vt 0.749742 0.435215
vt 0.741740 0.443217
vt 0.741740 0.435215
vt 0.565866 0.319046
vt 0.565866 0.337880
vt 0.459230 0.575055
vt 0.478064 0.575055
vt 0.504900 0.575055
vt 0.523734 0.575055
vt 0.534566 0.575055
vt 0.685238 0.838731
vt 0.346274 0.577635
vt 0.647570 0.838731
vt 0.580236 0.838731
vt 0.542568 0.838731
vt 0.402728 0.579836
vt 0.459230 0.838731
vt 0.216670 0.580129
vt 0.829542 0.319046
vt 0.837545 0.243710
vt 0.013418 0.834776
vt 0.572234 0.220387
vt 0.421562 0.832953
vt 0.572234 0.386715
vt 0.099586 0.832466
vt 0.069920 0.832466
vt 0.032252 0.832466
vt 0.572234 0.462051
vt 0.141334 0.977673
vt 0.572234 0.499719
vt 0.968834 0.145256
vt 0.976836 0.126422
vt 0.976836 0.107588
vt 0.572234 0.575055
vt 0.968834 0.088754
vt 0.573320 0.013418
vt 0.968834 0.069920
vt 0.976836 0.051086
vt 0.976836 0.032252
vt 0.573320 0.088754
vt 0.968834 0.013418
vt 0.573320 0.126422
vt 0.383894 0.976307
vt 0.975750 0.970569
vt 0.975750 0.895233
vt 0.179002 0.582159
vt 0.967748 0.857565
vt 0.024250 0.587624
vt 0.967748 0.782229
vt 0.975750 0.744561
vt 0.975750 0.669225
vt 0.099586 0.587624
vt 0.817076 0.782229
vt 0.421562 0.588111
vt 0.817076 0.744561
vt 0.825078 0.669225
vt 0.825078 0.631557
vt 0.584700 0.281378
vt 0.817076 0.556221
vt 0.584700 0.319046
vt 0.817076 0.518553
vt 0.825078 0.443217
vt 0.825078 0.405549
vt 0.496898 0.593889
vt 0.817076 0.201553
vt 0.534566 0.593889
vt 0.235504 0.824971
vt 0.262340 0.824442
vt 0.316609 0.822699
vt 0.308607 0.596691
vt 0.760574 0.819897
vt 0.254338 0.598434
vt 0.722906 0.819897
vt 0.655572 0.819897
vt 0.617904 0.819897
vt 0.235504 0.598963
vt 0.534566 0.819897
vt 0.591068 0.201553
vt 0.496898 0.819897
vt 0.818711 0.319046
vt 0.818711 0.281378
vt 0.591068 0.405549
vt 0.421562 0.814119
vt 0.591068 0.443217
vt 0.099586 0.813632
vt 0.088754 0.813632
vt 0.069920 0.813632
vt 0.591068 0.518553
vt 0.043084 0.813632
vt 0.591068 0.556221
vt 0.024250 0.813632
vt 0.448398 0.812715
vt 0.187004 0.808167
vt 0.592154 0.013418
vt 0.160168 0.808167
vt 0.592154 0.051086
vt 0.141334 0.808167
vt 0.807330 0.145256
vt 0.807330 0.126422
vt 0.592154 0.126422
vt 0.799328 0.107588
vt 0.141334 0.600993
vt 0.799328 0.088754
vt 0.807330 0.051086
vt 0.807330 0.013418
vt 0.024250 0.606458
vt 0.798242 0.801063
vt 0.061918 0.606458
vt 0.798242 0.763395
vt 0.806244 0.725727
vt 0.806244 0.706893
vt 0.421562 0.606945
vt 0.798242 0.688059
vt 0.603534 0.243710
vt 0.798242 0.612723
vt 0.806244 0.575055
vt 0.806244 0.499719
vt 0.603534 0.319046
vt 0.967748 0.631557
vt 0.459230 0.612723
vt 0.967748 0.556221
vt 0.975750 0.518553
vt 0.975750 0.499719
vt 0.534566 0.612723
vt 0.967748 0.480885
vt 0.572234 0.612723
vt 0.967748 0.462051
vt 0.975750 0.443217
vt 0.975750 0.424383
vt 0.289773 0.615975
vt 0.967748 0.405549
vt 0.402728 0.617504
vt 0.967748 0.386715
vt 0.975750 0.367881
vt 0.975750 0.220387
vt 0.609902 0.182719
vt 0.967748 0.201553
vt 0.609902 0.220387
vt 0.967748 0.182719
vt 0.243506 0.975643
vt 0.224672 0.975643
vt 0.609902 0.424383
vt 0.346274 0.803643
vt 0.609902 0.462051
vt 0.760574 0.801063
vt 0.693240 0.801063
vt 0.655572 0.801063
vt 0.609902 0.537387
vt 0.572234 0.801063
vt 0.609902 0.575055
vt 0.534566 0.801063
vt 0.467232 0.801063
vt 0.799877 0.319046
vt 0.610988 0.013418
vt 0.791874 0.243710
vt 0.610988 0.051086
vt 0.421562 0.795285
vt 0.069920 0.794798
vt 0.032252 0.794798
vt 0.610988 0.126422
vt 0.141334 0.789333
vt 0.141334 0.619827
vt 0.780494 0.126422
vt 0.788496 0.051086
vt 0.788496 0.013418
vt 0.024250 0.625292
vt 0.779408 0.744561
vt 0.061918 0.625292
vt 0.779408 0.725727
vt 0.787410 0.706893
vt 0.787410 0.669225
vt 0.421562 0.625779
vt 0.779408 0.631557
vt 0.622368 0.243710
vt 0.779408 0.593889
vt 0.787410 0.556221
vt 0.787410 0.518553
vt 0.622368 0.319046
vt 0.779408 0.499719
vt 0.459230 0.631557
vt 0.779408 0.480885
vt 0.787410 0.405549
vt 0.787410 0.386715
vt 0.534566 0.631557
vt 0.779408 0.367881
vt 0.572234 0.631557
vt 0.235504 0.787303
vt 0.205838 0.787303
vt 0.316609 0.785031
vt 0.308607 0.634359
vt 0.760574 0.782229
vt 0.254338 0.636102
vt 0.685238 0.782229
vt 0.655572 0.782229
vt 0.580236 0.782229
vt 0.235504 0.636631
vt 0.534566 0.782229
vt 0.628736 0.201553
vt 0.459230 0.782229
vt 0.781043 0.319046
vt 0.781043 0.243710
vt 0.628736 0.405549
vt 0.421562 0.776451
vt 0.628736 0.443217
vt 0.061918 0.775964
vt 0.032252 0.775964
vt 0.149337 0.770499
vt 0.628736 0.518553
vt 0.197836 0.975643
vt 0.628736 0.556221
vt 0.402728 0.975350
vt 0.262340 0.975114
vt 0.297775 0.973821
vt 0.628736 0.631557
vt 0.308607 0.973371
vt 0.629822 0.013418
vt 0.346274 0.973149
vt 0.956916 0.970569
vt 0.938082 0.970569
vt 0.629822 0.088754
vt 0.911246 0.970569
vt 0.629822 0.126422
vt 0.892412 0.970569
vt 0.881580 0.970569
vt 0.862746 0.970569
vt 0.179002 0.638661
vt 0.835910 0.970569
vt 0.024250 0.644126
vt 0.817076 0.970569
vt 0.806244 0.970569
vt 0.787410 0.970569
vt 0.099586 0.644126
vt 0.760574 0.537387
vt 0.421562 0.644613
vt 0.760574 0.499719
vt 0.768576 0.462051
vt 0.768576 0.424383
vt 0.641202 0.281378
vt 0.760574 0.386715
vt 0.641202 0.319046
vt 0.760574 0.367881
vt 0.768576 0.220387
vt 0.224672 0.768469
vt 0.496898 0.650391
vt 0.197836 0.768469
vt 0.534566 0.650391
vt 0.402728 0.768176
vt 0.297775 0.766647
vt 0.354276 0.765975
vt 0.609902 0.650391
vt 0.722906 0.763395
vt 0.346274 0.652971
vt 0.647570 0.763395
vt 0.617904 0.763395
vt 0.542568 0.763395
vt 0.402728 0.655172
vt 0.496898 0.763395
vt 0.216670 0.655465
vt 0.754206 0.319046
vt 0.762209 0.281378
vt 0.429564 0.757617
vt 0.647570 0.220387
vt 0.099586 0.757130
vt 0.647570 0.386715
vt 0.024250 0.757130
vt 0.187004 0.751665
vt 0.750828 0.126422
vt 0.647570 0.462051
vt 0.742826 0.088754
vt 0.647570 0.499719
vt 0.742826 0.013418
vt 0.749742 0.744561
vt 0.749742 0.669225
vt 0.647570 0.575055
vt 0.741740 0.631557
vt 0.647570 0.612723
vt 0.741740 0.556221
vt 0.749742 0.518553
vt 0.749742 0.443217
vn 1.0000 0.0000 0.0000
vn 0.0000 0.0000 1.0000
vn -1.0000 0.0000 0.0000
vn 0.0000 0.0000 -1.0000
vn 0.0000 -1.0000 0.0000
vn 0.0000 1.0000 0.0000
s off
f 808/2057/207 809/2058/207 807/2059/207
f 810/2060/208 813/2061/208 809/2062/208
f 814/2063/209 811/2064/209 813/2065/209
f 812/2066/210 807/2067/210 811/2068/210
f 813/2069/211 807/2070/211 809/2071/211
f 810/2072/212 812/2073/212 814/2074/212
f 816/2075/207 817/2076/207 815/2077/207
f 818/2078/208 821/2079/208 817/2080/208
f 822/2081/209 819/2082/209 821/2083/209
f 820/2084/210 815/2085/210 819/2086/210
f 821/2087/211 815/2088/211 817/2089/211
f 818/2090/212 820/2091/212 822/2092/212
f 824/2093/207 825/2094/207 823/2095/207
f 826/2096/208 829/2097/208 825/2098/208
f 830/2099/209 827/2100/209 829/2101/209
f 828/2102/210 823/2103/210 827/2104/210
f 829/2105/211 823/2106/211 825/2107/211
f 826/2108/212 828/2109/212 830/2110/212
f 832/2111/207 833/2112/207 831/2113/207
f 834/2114/208 837/2115/208 833/2116/208
f 838/2117/209 835/2118/209 837/2119/209
f 836/2120/210 831/2121/210 835/2122/210
f 837/2123/211 831/2124/211 833/2125/211
f 834/2126/212 836/2127/212 838/2128/212
f 840/2129/207 841/2130/207 839/2131/207
f 842/2132/208 845/2133/208 841/2134/208
f 846/2135/209 843/2136/209 845/2137/209
f 844/2138/210 839/2139/210 843/2140/210
f 845/2141/211 839/2142/211 841/2143/211
f 842/2144/212 844/2145/212 846/2146/212
f 848/2147/207 849/2148/207 847/2149/207
f 850/2150/208 853/2151/208 849/2152/208
f 854/2153/209 851/2154/209 853/2155/209
f 852/2156/210 847/2157/210 851/2158/210
f 853/2159/211 847/2160/211 849/2161/211
f 850/2162/212 852/2163/212 854/2164/212
f 856/2165/207 857/2166/207 855/2167/207
f 858/2168/208 861/2169/208 857/2170/208
f 862/2171/209 859/2172/209 861/2173/209
f 860/2174/210 855/2175/210 859/2176/210
f 861/2177/211 855/2178/211 857/2179/211
f 858/2180/212 860/2181/212 862/2182/212
f 864/2183/207 865/2184/207 863/2185/207
f 866/2186/208 869/2187/208 865/2188/208
f 870/2189/209 867/2190/209 869/2191/209
f 868/2192/210 863/2193/210 867/2194/210
f 869/2195/211 863/2196/211 865/2197/211
f 866/2198/212 868/2199/212 870/2200/212
f 872/2201/207 873/2202/207 871/2203/207
f 874/2204/208 877/2205/208 873/2206/208
f 878/2207/209 875/2208/209 877/2209/209
f 876/2210/210 871/2211/210 875/2212/210
f 877/2213/211 871/2214/211 873/2215/211
f 874/2216/212 876/2217/212 878/2218/212
f 880/2219/207 881/2220/207 879/2221/207
f 882/2222/208 885/2223/208 881/2224/208
f 886/2225/209 883/2226/209 885/2227/209
f 884/2228/210 879/2229/210 883/2230/210
f 885/2231/211 879/2232/211 881/2233/211
f 882/2234/212 884/2235/212 886/2236/212
f 888/2237/207 889/2238/207 887/2239/207
f 890/2240/208 893/2241/208 889/2242/208
f 894/2243/209 891/2244/209 893/2245/209
f 892/2246/210 887/2247/210 891/2248/210
f 893/2249/211 887/2250/211 889/2251/211
f 890/2252/212 892/2253/212 894/2254/212
f 896/2255/207 897/2256/207 895/2257/207
f 898/2258/208 901/2259/208 897/2260/208
f 902/2261/209 899/2262/209 901/2263/209
f 900/2264/210 895/2265/210 899/2266/210
f 901/2267/211 895/2268/211 897/2269/211
f 898/2270/212 900/2271/212 902/2272/212
f 904/2273/207 905/2274/207 903/2275/207
f 906/2276/208 909/2277/208 905/2278/208
f 910/2279/209 907/2280/209 909/2281/209
f 908/2282/210 903/2283/210 907/2284/210
f 909/2285/211 903/2286/211 905/2287/211
f 906/2288/212 908/2289/212 910/2290/212
f 912/2291/207 913/2292/207 911/2293/207
f 914/2294/208 917/2295/208 913/2296/208
f 918/2297/209 915/2298/209 917/2299/209
f 916/2300/210 911/2301/210 915/2302/210
f 917/2303/211 911/2304/211 913/2305/211
f 914/2306/212 916/2307/212 918/2308/212
f 920/2309/207 921/2310/207 919/2311/207
f 922/2312/208 925/2313/208 921/2314/208
f 926/2315/209 923/2316/209 925/2317/209
f 924/2318/210 919/2319/210 923/2320/210
f 925/2321/211 919/2322/211 921/2323/211
f 922/2324/212 924/2325/212 926/2326/212
f 928/2327/207 929/2328/207 927/2329/207
f 930/2330/208 933/2331/208 929/2332/208
f 934/2333/209 931/2334/209 933/2335/209
f 932/2336/210 927/2337/210 931/2338/210
f 933/2339/211 927/2340/211 929/2341/211
f 930/2342/212 932/2343/212 934/2344/212
f 936/2345/207 937/2346/207 935/2347/207
f 938/2348/208 941/2349/208 937/2350/208
f 942/2351/209 939/2352/209 941/2353/209
f 940/2354/210 935/2355/210 939/2356/210
f 941/2357/211 935/2358/211 937/2359/211
f 938/2360/212 940/2361/212 942/2362/212
f 944/2363/207 945/2364/207 943/2365/207
f 946/2366/208 949/2367/208 945/2368/208
f 950/2369/209 947/2370/209 949/2371/209
f 948/2372/210 943/2373/210 947/2374/210
f 949/2375/211 943/2376/211 945/2377/211
f 946/2378/212 948/2379/212 950/2380/212
f 952/2381/207 953/2382/207 951/2383/207
f 954/2384/208 957/2385/208 953/2386/208
f 958/2387/209 955/2388/209 957/2389/209
f 956/2390/210 951/2391/210 955/2392/210
f 957/2393/211 951/2394/211 953/2395/211
f 954/2396/212 956/2397/212 958/2398/212
f 960/2399/207 961/2400/207 959/2401/207
f 962/2402/208 965/2403/208 961/2404/208
f 966/2405/209 963/2406/209 965/2407/209
f 964/2408/210 959/2409/210 963/2410/210
f 965/2411/211 959/2412/211 961/2413/211
f 962/2414/212 964/2415/212 966/2416/212
f 968/2417/207 969/2418/207 967/2419/207
f 970/2420/208 973/2421/208 969/2422/208
f 974/2423/209 971/2424/209 973/2425/209
f 972/2426/210 967/2427/210 971/2428/210
f 973/2429/211 967/2430/211 969/2431/211
f 970/2432/212 972/2433/212 974/2434/212
f 976/2435/207 977/2436/207 975/2437/207
f 978/2438/208 981/2439/208 977/2440/208
f 982/2441/209 979/2442/209 981/2443/209
f 980/2444/210 975/2445/210 979/2446/210
f 981/2447/211 975/2448/211 977/2449/211
f 978/2450/212 980/2451/212 982/2452/212
f 984/2453/207 985/2454/207 983/2455/207
f 986/2456/208 989/2457/208 985/2458/208
f 990/2459/209 987/2460/209 989/2461/209
f 988/2462/210 983/2463/210 987/2464/210
f 989/2465/211 983/2466/211 985/2467/211
f 986/2468/212 988/2469/212 990/2470/212
f 992/2471/207 993/2472/207 991/2473/207
f 994/2474/208 997/2475/208 993/2476/208
f 998/2477/209 995/2478/209 997/2479/209
f 996/2480/210 991/2481/210 995/2482/210
f 997/2483/211 991/2484/211 993/2485/211
f 994/2486/212 996/2487/212 998/2488/212
f 1000/2489/207 1001/2490/207 999/2491/207
f 1002/2492/208 1005/2493/208 1001/2494/208
f 1006/2495/209 1003/2496/209 1005/2497/209
f 1004/2498/210 999/2499/210 1003/2500/210
f 1005/2501/211 999/2502/211 1001/2503/211
f 1002/2504/212 1004/2505/212 1006/2506/212
f 1008/2507/207 1009/2508/207 1007/2509/207
f 1010/2510/208 1013/2511/208 1009/2512/208
f 1014/2513/209 1011/2514/209 1013/2515/209
f 1012/2516/210 1007/2517/210 1011/2518/210
f 1013/2519/211 1007/2520/211 1009/2521/211
f 1010/2522/212 1012/2523/212 1014/2524/212
f 1016/2525/207 1017/2526/207 1015/2527/207
f 1018/2528/208 1021/2529/208 1017/2530/208
f 1022/2531/209 1019/2532/209 1021/2533/209
f 1020/2534/210 1015/2535/210 1019/2536/210
f 1021/2537/211 1015/2538/211 1017/2539/211
f 1018/2540/212 1020/2541/212 1022/2542/212
f 1024/2543/207 1025/2544/207 1023/2545/207
f 1026/2546/208 1029/2547/208 1025/2548/208
f 1030/2549/209 1027/2550/209 1029/2551/209
f 1028/2552/210 1023/2553/210 1027/2554/210
f 1029/2555/211 1023/2556/211 1025/2557/211
f 1026/2558/212 1028/2559/212 1030/2560/212
f 1032/2561/207 1033/2562/207 1031/2563/207
f 1034/2564/208 1037/2565/208 1033/2566/208
f 1038/2567/209 1035/2568/209 1037/2569/209
f 1036/2570/210 1031/2571/210 1035/2572/210
f 1037/2573/211 1031/2574/211 1033/2575/211
f 1034/2576/212 1036/2577/212 1038/2578/212
f 1040/2579/207 1041/2580/207 1039/2581/207
f 1042/2582/208 1045/2583/208 1041/2584/208
f 1046/2585/209 1043/2586/209 1045/2587/209
f 1044/2588/210 1039/2589/210 1043/2590/210
f 1045/2591/211 1039/2592/211 1041/2593/211
f 1042/2594/212 1044/2595/212 1046/2596/212
f 1048/2597/207 1049/2598/207 1047/2599/207
f 1050/2600/208 1053/2601/208 1049/2602/208
f 1054/2603/209 1051/2604/209 1053/2605/209
f 1052/2606/210 1047/2607/210 1051/2608/210
f 1053/2609/211 1047/2610/211 1049/2611/211
f 1050/2612/212 1052/2613/212 1054/2614/212
f 1056/2615/207 1057/2616/207 1055/2617/207
f 1058/2618/208 1061/2619/208 1057/2620/208
f 1062/2621/209 1059/2622/209 1061/2623/209
f 1060/2624/210 1055/2625/210 1059/2626/210
f 1061/2627/211 1055/2628/211 1057/2629/211
f 1058/2630/212 1060/2631/212 1062/2632/212
f 1064/2633/207 1065/2634/207 1063/2635/207
f 1066/2636/208 1069/2637/208 1065/2638/208
f 1070/2639/209 1067/2640/209 1069/2641/209
f 1068/2642/210 1063/2643/210 1067/2644/210
f 1069/2645/211 1063/2646/211 1065/2647/211
f 1066/2648/212 1068/2649/212 1070/2650/212
f 1072/2651/207 1073/2652/207 1071/2653/207
f 1074/2654/208 1077/2655/208 1073/2656/208
f 1078/2657/209 1075/2658/209 1077/2659/209
f 1076/2660/210 1071/2661/210 1075/2662/210
f 1077/2663/211 1071/2664/211 1073/2665/211
f 1074/2666/212 1076/2667/212 1078/2668/212
f 1080/2669/207 1081/2670/207 1079/2671/207
f 1082/2672/208 1085/2673/208 1081/2674/208
f 1086/2675/209 1083/2676/209 1085/2677/209
f 1084/2678/210 1079/2679/210 1083/2680/210
f 1085/2681/211 1079/2682/211 1081/2683/211
f 1082/2684/212 1084/2685/212 1086/2686/212
f 1088/2687/207 1089/2688/207 1087/2689/207
f 1090/2690/208 1093/2691/208 1089/2692/208
f 1094/2693/209 1091/2694/209 1093/2695/209
f 1092/2696/210 1087/2697/210 1091/2698/210
f 1093/2699/211 1087/2700/211 1089/2701/211
f 1090/2702/212 1092/2703/212 1094/2704/212
f 1096/2705/207 1097/2706/207 1095/2707/207
f 1098/2708/208 1101/2709/208 1097/2710/208
f 1102/2711/209 1099/2712/209 1101/2713/209
f 1100/2714/210 1095/2715/210 1099/2716/210
f 1101/2717/211 1095/2718/211 1097/2719/211
f 1098/2720/212 1100/2721/212 1102/2722/212
f 1104/2723/207 1105/2724/207 1103/2725/207
f 1106/2726/208 1109/2727/208 1105/2728/208
f 1110/2729/209 1107/2730/209 1109/2731/209
f 1108/2732/210 1103/2733/210 1107/2734/210
f 1109/2735/211 1103/2736/211 1105/2737/211
f 1106/2738/212 1108/2739/212 1110/2740/212
f 1112/2741/207 1113/2742/207 1111/2743/207
f 1114/2744/208 1117/2745/208 1113/2746/208
f 1118/2747/209 1115/2748/209 1117/2749/209
f 1116/2750/210 1111/2751/210 1115/2752/210
f 1117/2753/211 1111/2754/211 1113/2755/211
f 1114/2756/212 1116/2757/212 1118/2758/212
f 1120/2759/207 1121/2760/207 1119/2761/207
f 1122/2762/208 1125/2763/208 1121/2764/208
f 1126/2765/209 1123/2766/209 1125/2767/209
f 1124/2768/210 1119/2769/210 1123/2770/210
f 1125/2771/211 1119/2772/211 1121/2773/211
f 1122/2774/212 1124/2775/212 1126/2776/212
f 1128/2777/207 1129/2778/207 1127/2779/207
f 1130/2780/208 1133/2781/208 1129/2782/208
f 1134/2783/209 1131/2784/209 1133/2785/209
f 1132/2786/210 1127/2787/210 1131/2788/210
f 1133/2789/211 1127/2790/211 1129/2791/211
f 1130/2792/212 1132/2793/212 1134/2794/212
f 1136/2795/207 1137/2796/207 1135/2797/207
f 1138/2798/208 1141/2799/208 1137/2800/208
f 1142/2801/209 1139/2802/209 1141/2803/209
f 1140/2804/210 1135/2805/210 1139/2806/210
f 1141/2807/211 1135/2808/211 1137/2809/211
f 1138/2810/212 1140/2811/212 1142/2812/212
f 1144/2813/207 1145/2814/207 1143/2815/207
f 1146/2816/208 1149/2817/208 1145/2818/208
f 1150/2819/209 1147/2820/209 1149/2821/209
f 1148/2822/210 1143/2823/210 1147/2824/210
f 1149/2825/211 1143/2826/211 1145/2827/211
f 1146/2828/212 1148/2829/212 1150/2830/212
f 1152/2831/207 1153/2832/207 1151/2833/207
f 1154/2834/208 1157/2835/208 1153/2836/208
f 1158/2837/209 1155/2838/209 1157/2839/209
f 1156/2840/210 1151/2841/210 1155/2842/210
f 1157/2843/211 1151/2844/211 1153/2845/211
f 1154/2846/212 1156/2847/212 1158/2848/212
f 1160/2849/207 1161/2850/207 1159/2851/207
f 1162/2852/208 1165/2853/208 1161/2854/208
f 1166/2855/209 1163/2856/209 1165/2857/209
f 1164/2858/210 1159/2859/210 1163/2860/210
f 1165/2861/211 1159/2862/211 1161/2863/211
f 1162/2864/212 1164/2865/212 1166/2866/212
f 1168/2867/207 1169/2868/207 1167/2869/207
f 1170/2870/208 1173/2871/208 1169/2872/208
f 1174/2873/209 1171/2874/209 1173/2875/209
f 1172/2876/210 1167/2877/210 1171/2878/210
f 1173/2879/211 1167/2880/211 1169/2881/211
f 1170/2882/212 1172/2883/212 1174/2884/212
f 808/2057/207 810/2885/207 809/2058/207
f 810/2060/208 814/2886/208 813/2061/208
f 814/2063/209 812/2887/209 811/2064/209
f 812/2066/210 808/2888/210 807/2067/210
f 813/2069/211 811/2889/211 807/2070/211
f 810/2072/212 808/2890/212 812/2073/212
f 816/2075/207 818/2891/207 817/2076/207
f 818/2078/208 822/2892/208 821/2079/208
f 822/2081/209 820/2893/209 819/2082/209
f 820/2084/210 816/2894/210 815/2085/210
f 821/2087/211 819/2895/211 815/2088/211
f 818/2090/212 816/2896/212 820/2091/212
f 824/2093/207 826/2897/207 825/2094/207
f 826/2096/208 830/2898/208 829/2097/208
f 830/2099/209 828/2899/209 827/2100/209
f 828/2102/210 824/2900/210 823/2103/210
f 829/2105/211 827/2901/211 823/2106/211
f 826/2108/212 824/2902/212 828/2109/212
f 832/2111/207 834/2903/207 833/2112/207
f 834/2114/208 838/2904/208 837/2115/208
f 838/2117/209 836/2905/209 835/2118/209
f 836/2120/210 832/2906/210 831/2121/210
f 837/2123/211 835/2907/211 831/2124/211
f 834/2126/212 832/2908/212 836/2127/212
f 840/2129/207 842/2909/207 841/2130/207
f 842/2132/208 846/2910/208 845/2133/208
f 846/2135/209 844/2911/209 843/2136/209
f 844/2138/210 840/2912/210 839/2139/210
f 845/2141/211 843/2913/211 839/2142/211
f 842/2144/212 840/2914/212 844/2145/212
f 848/2147/207 850/2915/207 849/2148/207
f 850/2150/208 854/2916/208 853/2151/208
f 854/2153/209 852/2917/209 851/2154/209
f 852/2156/210 848/2918/210 847/2157/210
f 853/2159/211 851/2919/211 847/2160/211
f 850/2162/212 848/2920/212 852/2163/212
f 856/2165/207 858/2921/207 857/2166/207
f 858/2168/208 862/2922/208 861/2169/208
f 862/2171/209 860/2923/209 859/2172/209
f 860/2174/210 856/2924/210 855/2175/210
f 861/2177/211 859/2925/211 855/2178/211
f 858/2180/212 856/2926/212 860/2181/212
f 864/2183/207 866/2927/207 865/2184/207
f 866/2186/208 870/2928/208 869/2187/208
f 870/2189/209 868/2929/209 867/2190/209
f 868/2192/210 864/2930/210 863/2193/210
f 869/2195/211 867/2931/211 863/2196/211
f 866/2198/212 864/2932/212 868/2199/212
f 872/2201/207 874/2933/207 873/2202/207
f 874/2204/208 878/2934/208 877/2205/208
f 878/2207/209 876/2935/209 875/2208/209
f 876/2210/210 872/2936/210 871/2211/210
f 877/2213/211 875/2937/211 871/2214/211
f 874/2216/212 872/2938/212 876/2217/212
f 880/2219/207 882/2939/207 881/2220/207
f 882/2222/208 886/2940/208 885/2223/208
f 886/2225/209 884/2941/209 883/2226/209
f 884/2228/210 880/2942/210 879/2229/210
f 885/2231/211 883/2943/211 879/2232/211
f 882/2234/212 880/2944/212 884/2235/212
f 888/2237/207 890/2945/207 889/2238/207
f 890/2240/208 894/2946/208 893/2241/208
f 894/2243/209 892/2947/209 891/2244/209
f 892/2246/210 888/2948/210 887/2247/210
f 893/2249/211 891/2949/211 887/2250/211
f 890/2252/212 888/2950/212 892/2253/212
f 896/2255/207 898/2951/207 897/2256/207
f 898/2258/208 902/2952/208 901/2259/208
f 902/2261/209 900/2953/209 899/2262/209
f 900/2264/210 896/2954/210 895/2265/210
f 901/2267/211 899/2955/211 895/2268/211
f 898/2270/212 896/2956/212 900/2271/212
f 904/2273/207 906/2957/207 905/2274/207
f 906/2276/208 910/2958/208 909/2277/208
f 910/2279/209 908/2959/209 907/2280/209
f 908/2282/210 904/2960/210 903/2283/210
f 909/2285/211 907/2961/211 903/2286/211
f 906/2288/212 904/2962/212 908/2289/212
f 912/2291/207 914/2963/207 913/2292/207
f 914/2294/208 918/2964/208 917/2295/208
f 918/2297/209 916/2965/209 915/2298/209
f 916/2300/210 912/2966/210 911/2301/210
f 917/2303/211 915/2967/211 911/2304/211
f 914/2306/212 912/2968/212 916/2307/212
f 920/2309/207 922/2969/207 921/2310/207
f 922/2312/208 926/2970/208 925/2313/208
f 926/2315/209 924/2971/209 923/2316/209
f 924/2318/210 920/2972/210 919/2319/210
f 925/2321/211 923/2973/211 919/2322/211
f 922/2324/212 920/2974/212 924/2325/212
f 928/2327/207 930/2975/207 929/2328/207
f 930/2330/208 934/2976/208 933/2331/208
f 934/2333/209 932/2977/209 931/2334/209
f 932/2336/210 928/2978/210 927/2337/210
f 933/2339/211 931/2979/211 927/2340/211
f 930/2342/212 928/2980/212 932/2343/212
f 936/2345/207 938/2981/207 937/2346/207
f 938/2348/208 942/2982/208 941/2349/208
f 942/2351/209 940/2983/209 939/2352/209
f 940/2354/210 936/2984/210 935/2355/210
f 941/2357/211 939/2985/211 935/2358/211
f 938/2360/212 936/2986/212 940/2361/212
f 944/2363/207 946/2987/207 945/2364/207
f 946/2366/208 950/2988/208 949/2367/208
f 950/2369/209 948/2989/209 947/2370/209
f 948/2372/210 944/2990/210 943/2373/210
f 949/2375/211 947/2991/211 943/2376/211
f 946/2378/212 944/2992/212 948/2379/212
f 952/2381/207 954/2993/207 953/2382/207
f 954/2384/208 958/2994/208 957/2385/208
f 958/2387/209 956/2995/209 955/2388/209
f 956/2390/210 952/2996/210 951/2391/210
f 957/2393/211 955/2997/211 951/2394/211
f 954/2396/212 952/2998/212 956/2397/212
f 960/2399/207 962/2999/207 961/2400/207
f 962/2402/208 966/3000/208 965/2403/208
f 966/2405/209 964/3001/209 963/2406/209
f 964/2408/210 960/3002/210 959/2409/210
f 965/2411/211 963/3003/211 959/2412/211
f 962/2414/212 960/3004/212 964/2415/212
f 968/2417/207 970/3005/207 969/2418/207
f 970/2420/208 974/3006/208 973/2421/208
f 974/2423/209 972/3007/209 971/2424/209
f 972/2426/210 968/3008/210 967/2427/210
f 973/2429/211 971/3009/211 967/2430/211
f 970/2432/212 968/3010/212 972/2433/212
f 976/2435/207 978/3011/207 977/2436/207
f 978/2438/208 982/3012/208 981/2439/208
f 982/2441/209 980/3013/209 979/2442/209
f 980/2444/210 976/3014/210 975/2445/210
f 981/2447/211 979/3015/211 975/2448/211
f 978/2450/212 976/3016/212 980/2451/212
f 984/2453/207 986/3017/207 985/2454/207
f 986/2456/208 990/3018/208 989/2457/208
f 990/2459/209 988/3019/209 987/2460/209
f 988/2462/210 984/3020/210 983/2463/210
f 989/2465/211 987/3021/211 983/2466/211
f 986/2468/212 984/3022/212 988/2469/212
f 992/2471/207 994/3023/207 993/2472/207
f 994/2474/208 998/3024/208 997/2475/208
f 998/2477/209 996/3025/209 995/2478/209
f 996/2480/210 992/3026/210 991/2481/210
f 997/2483/211 995/3027/211 991/2484/211
f 994/2486/212 992/3028/212 996/2487/212
f 1000/2489/207 1002/3029/207 1001/2490/207
f 1002/2492/208 1006/3030/208 1005/2493/208
f 1006/2495/209 1004/3031/209 1003/2496/209
f 1004/2498/210 1000/3032/210 999/2499/210
f 1005/2501/211 1003/3033/211 999/2502/211
f 1002/2504/212 1000/3034/212 1004/2505/212
f 1008/2507/207 1010/3035/207 1009/2508/207
f 1010/2510/208 1014/3036/208 1013/2511/208
f 1014/2513/209 1012/3037/209 1011/2514/209
f 1012/2516/210 1008/3038/210 1007/2517/210
f 1013/2519/211 1011/3039/211 1007/2520/211
f 1010/2522/212 1008/3040/212 1012/2523/212
f 1016/2525/207 1018/3041/207 1017/2526/207
f 1018/2528/208 1022/3042/208 1021/2529/208
f 1022/2531/209 1020/3043/209 1019/2532/209
f 1020/2534/210 1016/3044/210 1015/2535/210
f 1021/2537/211 1019/3045/211 1015/2538/211
f 1018/2540/212 1016/3046/212 1020/2541/212
f 1024/2543/207 1026/3047/207 1025/2544/207
f 1026/2546/208 1030/3048/208 1029/2547/208
f 1030/2549/209 1028/3049/209 1027/2550/209
f 1028/2552/210 1024/3050/210 1023/2553/210
f 1029/2555/211 1027/3051/211 1023/2556/211
f 1026/2558/212 1024/3052/212 1028/2559/212
f 1032/2561/207 1034/3053/207 1033/2562/207
f 1034/2564/208 1038/3054/208 1037/2565/208
f 1038/2567/209 1036/3055/209 1035/2568/209
f 1036/2570/210 1032/3056/210 1031/2571/210
f 1037/2573/211 1035/3057/211 1031/2574/211
f 1034/2576/212 1032/3058/212 1036/2577/212
f 1040/2579/207 1042/3059/207 1041/2580/207
f 1042/2582/208 1046/3060/208 1045/2583/208
f 1046/2585/209 1044/3061/209 1043/2586/209
f 1044/2588/210 1040/3062/210 1039/2589/210
f 1045/2591/211 1043/3063/211 1039/2592/211
f 1042/2594/212 1040/3064/212 1044/2595/212
f 1048/2597/207 1050/3065/207 1049/2598/207
f 1050/2600/208 1054/3066/208 1053/2601/208
f 1054/2603/209 1052/3067/209 1051/2604/209
f 1052/2606/210 1048/3068/210 1047/2607/210
f 1053/2609/211 1051/3069/211 1047/2610/211
f 1050/2612/212 1048/3070/212 1052/2613/212
f 1056/2615/207 1058/3071/207 1057/2616/207
f 1058/2618/208 1062/3072/208 1061/2619/208
f 1062/2621/209 1060/3073/209 1059/2622/209
f 1060/2624/210 1056/3074/210 1055/2625/210
f 1061/2627/211 1059/3075/211 1055/2628/211
f 1058/2630/212 1056/3076/212 1060/2631/212
f 1064/2633/207 1066/3077/207 1065/2634/207
f 1066/2636/208 1070/3078/208 1069/2637/208
f 1070/2639/209 1068/3079/209 1067/2640/209
f 1068/2642/210 1064/3080/210 1063/2643/210
f 1069/2645/211 1067/3081/211 1063/2646/211
f 1066/2648/212 1064/3082/212 1068/2649/212
f 1072/2651/207 1074/3083/207 1073/2652/207
f 1074/2654/208 1078/3084/208 1077/2655/208
f 1078/2657/209 1076/3085/209 1075/2658/209
f 1076/2660/210 1072/3086/210 1071/2661/210
f 1077/2663/211 1075/3087/211 1071/2664/211
f 1074/2666/212 1072/3088/212 1076/2667/212
f 1080/2669/207 1082/3089/207 1081/2670/207
f 1082/2672/208 1086/3090/208 1085/2673/208
f 1086/2675/209 1084/3091/209 1083/2676/209
f 1084/2678/210 1080/3092/210 1079/2679/210
f 1085/2681/211 1083/3093/211 1079/2682/211
f 1082/2684/212 1080/3094/212 1084/2685/212
f 1088/2687/207 1090/3095/207 1089/2688/207
f 1090/2690/208 1094/3096/208 1093/2691/208
f 1094/2693/209 1092/3097/209 1091/2694/209
f 1092/2696/210 1088/3098/210 1087/2697/210
f 1093/2699/211 1091/3099/211 1087/2700/211
f 1090/2702/212 1088/3100/212 1092/2703/212
f 1096/2705/207 1098/3101/207 1097/2706/207
f 1098/2708/208 1102/3102/208 1101/2709/208
f 1102/2711/209 1100/3103/209 1099/2712/209
f 1100/2714/210 1096/3104/210 1095/2715/210
f 1101/2717/211 1099/3105/211 1095/2718/211
f 1098/2720/212 1096/3106/212 1100/2721/212
f 1104/2723/207 1106/3107/207 1105/2724/207
f 1106/2726/208 1110/3108/208 1109/2727/208
f 1110/2729/209 1108/3109/209 1107/2730/209
f 1108/2732/210 1104/3110/210 1103/2733/210
f 1109/2735/211 1107/3111/211 1103/2736/211
f 1106/2738/212 1104/3112/212 1108/2739/212
f 1112/2741/207 1114/3113/207 1113/2742/207
f 1114/2744/208 1118/3114/208 1117/2745/208
f 1118/2747/209 1116/3115/209 1115/2748/209
f 1116/2750/210 1112/3116/210 1111/2751/210
f 1117/2753/211 1115/3117/211 1111/2754/211
f 1114/2756/212 1112/3118/212 1116/2757/212
f 1120/2759/207 1122/3119/207 1121/2760/207
f 1122/2762/208 1126/3120/208 1125/2763/208
f 1126/2765/209 1124/3121/209 1123/2766/209
f 1124/2768/210 1120/3122/210 1119/2769/210
f 1125/2771/211 1123/3123/211 1119/2772/211
f 1122/2774/212 1120/3124/212 1124/2775/212
f 1128/2777/207 1130/3125/207 1129/2778/207
f 1130/2780/208 1134/3126/208 1133/2781/208
f 1134/2783/209 1132/3127/209 1131/2784/209
f 1132/2786/210 1128/3128/210 1127/2787/210
f 1133/2789/211 1131/3129/211 1127/2790/211
f 1130/2792/212 1128/3130/212 1132/2793/212
f 1136/2795/207 1138/3131/207 1137/2796/207
f 1138/2798/208 1142/3132/208 1141/2799/208
f 1142/2801/209 1140/3133/209 1139/2802/209
f 1140/2804/210 1136/3134/210 1135/2805/210
f 1141/2807/211 1139/3135/211 1135/2808/211
f 1138/2810/212 1136/3136/212 1140/2811/212
f 1144/2813/207 1146/3137/207 1145/2814/207
f 1146/2816/208 1150/3138/208 1149/2817/208
f 1150/2819/209 1148/3139/209 1147/2820/209
f 1148/2822/210 1144/3140/210 1143/2823/210
f 1149/2825/211 1147/3141/211 1143/2826/211
f 1146/2828/212 1144/3142/212 1148/2829/212
f 1152/2831/207 1154/3143/207 1153/2832/207
f 1154/2834/208 1158/3144/208 1157/2835/208
f 1158/2837/209 1156/3145/209 1155/2838/209
f 1156/2840/210 1152/3146/210 1151/2841/210
f 1157/2843/211 1155/3147/211 1151/2844/211
f 1154/2846/212 1152/3148/212 1156/2847/212
f 1160/2849/207 1162/3149/207 1161/2850/207
f 1162/2852/208 1166/3150/208 1165/2853/208
f 1166/2855/209 1164/3151/209 1163/2856/209
f 1164/2858/210 1160/3152/210 1159/2859/210
f 1165/2861/211 1163/3153/211 1159/2862/211
f 1162/2864/212 1160/3154/212 1164/2865/212
f 1168/2867/207 1170/3155/207 1169/2868/207
f 1170/2870/208 1174/3156/208 1173/2871/208
f 1174/2873/209 1172/3157/209 1171/2874/209
f 1172/2876/210 1168/3158/210 1167/2877/210
f 1173/2879/211 1171/3159/211 1167/2880/211
f 1170/2882/212 1168/3160/212 1172/2883/212
o Cube.029_Cube.043
v -207.416626 0.248732 -8.480186
v -207.416626 1.148732 -8.480186
v -207.416626 0.248732 -9.180185
v -207.416626 1.148732 -9.180185
v -205.316620 0.248732 -8.480186
v -205.316620 1.148732 -8.480186
v -205.316620 0.248732 -9.180186
v -205.316620 1.148732 -9.180186
v -203.216629 0.248732 -8.480186
v -203.216629 1.148732 -8.480186
v -203.216629 0.248732 -9.180187
v -203.216629 1.148732 -9.180187
v -201.116623 0.248732 -8.480187
v -201.116623 1.148732 -8.480187
v -201.116623 0.248732 -9.180187
v -201.116623 1.148732 -9.180187
v -199.016617 0.248732 -8.480188
v -199.016617 1.148732 -8.480188
v -199.016617 0.248732 -9.180188
v -199.016617 1.148732 -9.180188
v -196.916626 0.248732 -8.480189
v -196.916626 1.148732 -8.480189
v -196.916626 0.248732 -9.180189
v -196.916626 1.148732 -9.180189
v -194.816620 0.248732 -8.480189
v -194.816620 1.148732 -8.480189
v -194.816620 0.248732 -9.180190
v -194.816620 1.148732 -9.180190
v -192.716629 0.248732 -8.480190
v -192.716629 1.148732 -8.480190
v -192.716629 0.248732 -9.180190
v -192.716629 1.148732 -9.180190
v -190.616623 0.248732 -8.480191
v -190.616623 1.148732 -8.480191
v -190.616623 0.248732 -9.180191
v -190.616623 1.148732 -9.180191
v -188.516617 0.248732 -8.480191
v -188.516617 1.148732 -8.480191
v -188.516617 0.248732 -9.180192
v -188.516617 1.148732 -9.180192
v -186.416626 0.248732 -8.480192
v -186.416626 1.148732 -8.480192
v -186.416626 0.248732 -9.180192
v -186.416626 1.148732 -9.180192
v -184.316620 0.248732 -8.480193
v -184.316620 1.148732 -8.480193
v -184.316620 0.248732 -9.180193
v -184.316620 1.148732 -9.180193
v -182.216614 0.248732 -8.480194
v -182.216614 1.148732 -8.480194
v -182.216614 0.248732 -9.180194
v -182.216614 1.148732 -9.180194
v -180.116623 0.248732 -8.480194
v -180.116623 1.148732 -8.480194
v -180.116623 0.248732 -9.180195
v -180.116623 1.148732 -9.180195
v -178.016617 0.248732 -8.480195
v -178.016617 1.148732 -8.480195
v -178.016617 0.248732 -9.180195
v -178.016617 1.148732 -9.180195
v -175.916626 0.248732 -8.480196
v -175.916626 1.148732 -8.480196
v -175.916626 0.248732 -9.180196
v -175.916626 1.148732 -9.180196
v -173.816620 0.248732 -8.480196
v -173.816620 1.148732 -8.480196
v -173.816620 0.248732 -9.180197
v -173.816620 1.148732 -9.180197
v -171.716614 0.248732 -8.480197
v -171.716614 1.148732 -8.480197
v -171.716614 0.248732 -9.180197
v -171.716614 1.148732 -9.180197
v -169.616623 0.248732 -8.480198
v -169.616623 1.148732 -8.480198
v -169.616623 0.248732 -9.180198
v -169.616623 1.148732 -9.180198
v -167.516617 0.248732 -8.480199
v -167.516617 1.148732 -8.480199
v -167.516617 0.248732 -9.180199
v -167.516617 1.148732 -9.180199
v -165.416626 0.248732 -8.480199
v -165.416626 1.148732 -8.480199
v -165.416626 0.248732 -9.180200
v -165.416626 1.148732 -9.180200
v -163.316620 0.248732 -8.480200
v -163.316620 1.148732 -8.480200
v -163.316620 0.248732 -9.180200
v -163.316620 1.148732 -9.180200
v -161.216614 0.248732 -8.480201
v -161.216614 1.148732 -8.480201
v -161.216614 0.248732 -9.180201
v -161.216614 1.148732 -9.180201
v -159.116623 0.248732 -8.480202
v -159.116623 1.148732 -8.480202
v -159.116623 0.248732 -9.180202
v -159.116623 1.148732 -9.180202
v -157.016617 0.248732 -8.480202
v -157.016617 1.148732 -8.480202
v -157.016617 0.248732 -9.180202
v -157.016617 1.148732 -9.180202
v -154.916626 0.248732 -8.480203
v -154.916626 1.148732 -8.480203
v -154.916626 0.248732 -9.180202
v -154.916626 1.148732 -9.180202
v -152.816620 0.248732 -8.480204
v -152.816620 1.148732 -8.480204
v -152.816620 0.248732 -9.180203
v -152.816620 1.148732 -9.180203
v -150.716614 0.248732 -8.480204
v -150.716614 1.148732 -8.480204
v -150.716614 0.248732 -9.180204
v -150.716614 1.148732 -9.180204
v -148.616623 0.248732 -8.480205
v -148.616623 1.148732 -8.480205
v -148.616623 0.248732 -9.180204
v -148.616623 1.148732 -9.180204
v -146.516617 0.248732 -8.480206
v -146.516617 1.148732 -8.480206
v -146.516617 0.248732 -9.180205
v -146.516617 1.148732 -9.180205
v -144.416626 0.248732 -8.480206
v -144.416626 1.148732 -8.480206
v -144.416626 0.248732 -9.180206
v -144.416626 1.148732 -9.180206
v -142.316620 0.248732 -8.480206
v -142.316620 1.148732 -8.480206
v -142.316620 0.248732 -9.180206
v -142.316620 1.148732 -9.180206
v -140.216614 0.248732 -8.480207
v -140.216614 1.148732 -8.480207
v -140.216614 0.248732 -9.180207
v -140.216614 1.148732 -9.180207
v -138.116608 0.248732 -8.480208
v -138.116608 1.148732 -8.480208
v -138.116608 0.248732 -9.180208
v -138.116608 1.148732 -9.180208
v -136.016617 0.248732 -8.480208
v -136.016617 1.148732 -8.480208
v -136.016617 0.248732 -9.180209
v -136.016617 1.148732 -9.180209
v -133.916626 0.248732 -8.480209
v -133.916626 1.148732 -8.480209
v -133.916626 0.248732 -9.180209
v -133.916626 1.148732 -9.180209
v -131.816620 0.248732 -8.480210
v -131.816620 1.148732 -8.480210
v -131.816620 0.248732 -9.180210
v -131.816620 1.148732 -9.180210
v -129.716614 0.248732 -8.480211
v -129.716614 1.148732 -8.480211
v -129.716614 0.248732 -9.180211
v -129.716614 1.148732 -9.180211
v -127.616615 0.248732 -8.480211
v -127.616615 1.148732 -8.480211
v -127.616615 0.248732 -9.180212
v -127.616615 1.148732 -9.180212
v -125.516617 0.248732 -8.480212
v -125.516617 1.148732 -8.480212
v -125.516617 0.248732 -9.180212
v -125.516617 1.148732 -9.180212
v -123.416618 0.248732 -8.480213
v -123.416618 1.148732 -8.480213
v -123.416618 0.248732 -9.180213
v -123.416618 1.148732 -9.180213
v -121.316620 0.248732 -8.480213
v -121.316620 1.148732 -8.480213
v -121.316620 0.248732 -9.180214
v -121.316620 1.148732 -9.180214
v -119.216614 0.248732 -8.480214
v -119.216614 1.148732 -8.480214
v -119.216614 0.248732 -9.180214
v -119.216614 1.148732 -9.180214
v -117.116615 0.248732 -8.480215
v -117.116615 1.148732 -8.480215
v -117.116615 0.248732 -9.180215
v -117.116615 1.148732 -9.180215
v -115.016617 0.248732 -8.480216
v -115.016617 1.148732 -8.480216
v -115.016617 0.248732 -9.180216
v -115.016617 1.148732 -9.180216
v -112.916618 0.248732 -8.480216
v -112.916618 1.148732 -8.480216
v -112.916618 0.248732 -9.180217
v -112.916618 1.148732 -9.180217
v -110.816620 0.248732 -8.480217
v -110.816620 1.148732 -8.480217
v -110.816620 0.248732 -9.180217
v -110.816620 1.148732 -9.180217
v -108.716614 0.248732 -8.480218
v -108.716614 1.148732 -8.480218
v -108.716614 0.248732 -9.180218
v -108.716614 1.148732 -9.180218
v -106.616615 0.248732 -8.480218
v -106.616615 1.148732 -8.480218
v -106.616615 0.248732 -9.180219
v -106.616615 1.148732 -9.180219
v -104.516617 0.248732 -8.480219
v -104.516617 1.148732 -8.480219
v -104.516617 0.248732 -9.180219
v -104.516617 1.148732 -9.180219
v -102.416618 0.248732 -8.480220
v -102.416618 1.148732 -8.480220
v -102.416618 0.248732 -9.180220
v -102.416618 1.148732 -9.180220
v -100.316612 0.248732 -8.480221
v -100.316612 1.148732 -8.480221
v -100.316612 0.248732 -9.180221
v -100.316612 1.148732 -9.180221
v -98.216614 0.248732 -8.480221
v -98.216614 1.148732 -8.480221
v -98.216614 0.248732 -9.180222
v -98.216614 1.148732 -9.180222
v -96.116615 0.248732 -8.480222
v -96.116615 1.148732 -8.480222
v -96.116615 0.248732 -9.180222
v -96.116615 1.148732 -9.180222
v -94.016617 0.248732 -8.480223
v -94.016617 1.148732 -8.480223
v -94.016617 0.248732 -9.180223
v -94.016617 1.148732 -9.180223
v -91.916618 0.248732 -8.480223
v -91.916618 1.148732 -8.480223
v -91.916618 0.248732 -9.180223
v -91.916618 1.148732 -9.180223
v -89.816612 0.248732 -8.480224
v -89.816612 1.148732 -8.480224
v -89.816612 0.248732 -9.180223
v -89.816612 1.148732 -9.180223
v -87.716614 0.248732 -8.480225
v -87.716614 1.148732 -8.480225
v -87.716614 0.248732 -9.180224
v -87.716614 1.148732 -9.180224
v -85.616615 0.248732 -8.480226
v -85.616615 1.148732 -8.480226
v -85.616615 0.248732 -9.180225
v -85.616615 1.148732 -9.180225
v -83.516617 0.248732 -8.480226
v -83.516617 1.148732 -8.480226
v -83.516617 0.248732 -9.180226
v -83.516617 1.148732 -9.180226
v -81.416611 0.248732 -8.480227
v -81.416611 1.148732 -8.480227
v -81.416611 0.248732 -9.180226
v -81.416611 1.148732 -9.180226
v -79.316612 0.248732 -8.480227
v -79.316612 1.148732 -8.480227
v -79.316612 0.248732 -9.180227
v -79.316612 1.148732 -9.180227
v -77.216614 0.248732 -8.480228
v -77.216614 1.148732 -8.480228
v -77.216614 0.248732 -9.180228
v -77.216614 1.148732 -9.180228
v -75.116608 0.248732 -8.480228
v -75.116608 1.148732 -8.480228
v -75.116608 0.248732 -9.180228
v -75.116608 1.148732 -9.180228
v -73.016617 0.248732 -8.480229
v -73.016617 1.148732 -8.480229
v -73.016617 0.248732 -9.180229
v -73.016617 1.148732 -9.180229
v -70.916611 0.248732 -8.480230
v -70.916611 1.148732 -8.480230
v -70.916611 0.248732 -9.180230
v -70.916611 1.148732 -9.180230
v -68.816620 0.248732 -8.480230
v -68.816620 1.148732 -8.480230
v -68.816620 0.248732 -9.180231
v -68.816620 1.148732 -9.180231
v -66.716614 0.248732 -8.480231
v -66.716614 1.148732 -8.480231
v -66.716614 0.248732 -9.180231
v -66.716614 1.148732 -9.180231
v -64.616608 0.248732 -8.480232
v -64.616608 1.148732 -8.480232
v -64.616608 0.248732 -9.180232
v -64.616608 1.148732 -9.180232
v -62.516617 0.248732 -8.480233
v -62.516617 1.148732 -8.480233
v -62.516617 0.248732 -9.180233
v -62.516617 1.148732 -9.180233
v -60.416611 0.248732 -8.480233
v -60.416611 1.148732 -8.480233
v -60.416611 0.248732 -9.180233
v -60.416611 1.148732 -9.180233
v -58.316620 0.248732 -8.480234
v -58.316620 1.148732 -8.480234
v -58.316620 0.248732 -9.180234
v -58.316620 1.148732 -9.180234
v -56.216614 0.248732 -8.480235
v -56.216614 1.148732 -8.480235
v -56.216614 0.248732 -9.180235
v -56.216614 1.148732 -9.180235
v -54.116608 0.248732 -8.480235
v -54.116608 1.148732 -8.480235
v -54.116608 0.248732 -9.180236
v -54.116608 1.148732 -9.180236
v -52.016617 0.248732 -8.480236
v -52.016617 1.148732 -8.480236
v -52.016617 0.248732 -9.180236
v -52.016617 1.148732 -9.180236
v -49.916611 0.248732 -8.480237
v -49.916611 1.148732 -8.480237
v -49.916611 0.248732 -9.180237
v -49.916611 1.148732 -9.180237
v -47.816605 0.248732 -8.480238
v -47.816605 1.148732 -8.480238
v -47.816605 0.248732 -9.180238
v -47.816605 1.148732 -9.180238
v -45.716614 0.248732 -8.480238
v -45.716614 1.148732 -8.480238
v -45.716614 0.248732 -9.180239
v -45.716614 1.148732 -9.180239
v -43.616608 0.248732 -8.480239
v -43.616608 1.148732 -8.480239
v -43.616608 0.248732 -9.180239
v -43.616608 1.148732 -9.180239
v -41.516617 0.248732 -8.480240
v -41.516617 1.148732 -8.480240
v -41.516617 0.248732 -9.180240
v -41.516617 1.148732 -9.180240
v -39.416611 0.248732 -8.480240
v -39.416611 1.148732 -8.480240
v -39.416611 0.248732 -9.180241
v -39.416611 1.148732 -9.180241
v -37.316605 0.248732 -8.480241
v -37.316605 1.148732 -8.480241
v -37.316605 0.248732 -9.180241
v -37.316605 1.148732 -9.180241
v -35.216614 0.248732 -8.480242
v -35.216614 1.148732 -8.480242
v -35.216614 0.248732 -9.180242
v -35.216614 1.148732 -9.180242
v -33.116608 0.248732 -8.480243
v -33.116608 1.148732 -8.480243
v -33.116608 0.248732 -9.180243
v -33.116608 1.148732 -9.180243
v -31.016617 0.248732 -8.480243
v -31.016617 1.148732 -8.480243
v -31.016617 0.248732 -9.180243
v -31.016617 1.148732 -9.180243
v -28.916611 0.248732 -8.480244
v -28.916611 1.148732 -8.480244
v -28.916611 0.248732 -9.180243
v -28.916611 1.148732 -9.180243
v -26.816605 0.248732 -8.480245
v -26.816605 1.148732 -8.480245
v -26.816605 0.248732 -9.180244
v -26.816605 1.148732 -9.180244
v -24.716614 0.248732 -8.480245
v -24.716614 1.148732 -8.480245
v -24.716614 0.248732 -9.180245
v -24.716614 1.148732 -9.180245
v -22.616608 0.248732 -8.480246
v -22.616608 1.148732 -8.480246
v -22.616608 0.248732 -9.180245
v -22.616608 1.148732 -9.180245
v -20.516617 0.248732 -8.480247
v -20.516617 1.148732 -8.480247
v -20.516617 0.248732 -9.180246
v -20.516617 1.148732 -9.180246
v -18.416611 0.248732 -8.480247
v -18.416611 1.148732 -8.480247
v -18.416611 0.248732 -9.180247
v -18.416611 1.148732 -9.180247
v -16.316605 0.248732 -8.480247
v -16.316605 1.148732 -8.480247
v -16.316605 0.248732 -9.180248
v -16.316605 1.148732 -9.180248
vt 0.656658 0.013418
vt 0.648656 0.005416
vt 0.656658 0.005416
vt 0.656658 0.032252
vt 0.648656 0.024250
vt 0.656658 0.024250
vt 0.656658 0.051086
vt 0.648656 0.043084
vt 0.656658 0.043084
vt 0.656658 0.069920
vt 0.648656 0.061918
vt 0.656658 0.061918
vt 0.656658 0.080752
vt 0.648656 0.088754
vt 0.648656 0.080752
vt 0.656658 0.099586
vt 0.648656 0.107588
vt 0.648656 0.099586
vt 0.656658 0.126422
vt 0.648656 0.118420
vt 0.656658 0.118420
vt 0.749742 0.405549
vt 0.741740 0.397547
vt 0.749742 0.397547
vt 0.149336 0.657495
vt 0.141334 0.649493
vt 0.149336 0.649493
vt 0.749742 0.201553
vt 0.741740 0.193550
vt 0.749742 0.193550
vt 0.243506 0.741633
vt 0.235504 0.749635
vt 0.235504 0.741633
vt 0.205838 0.741633
vt 0.197836 0.749635
vt 0.197836 0.741633
vt 0.032252 0.662960
vt 0.024250 0.654958
vt 0.032252 0.654958
vt 0.262340 0.749106
vt 0.254338 0.741104
vt 0.262340 0.741104
vt 0.069920 0.662960
vt 0.061918 0.654958
vt 0.069920 0.654958
vt 0.297775 0.747813
vt 0.289773 0.739811
vt 0.297775 0.739811
vt 0.316609 0.739361
vt 0.308607 0.747363
vt 0.308607 0.739361
vt 0.693240 0.736559
vt 0.685238 0.744561
vt 0.685238 0.736559
vt 0.429564 0.663447
vt 0.421562 0.655445
vt 0.429564 0.655445
vt 0.674406 0.744561
vt 0.666404 0.736559
vt 0.674406 0.736559
vt 0.668039 0.243710
vt 0.660036 0.235707
vt 0.668039 0.235707
vt 0.655572 0.744561
vt 0.647570 0.736559
vt 0.655572 0.736559
vt 0.617904 0.736559
vt 0.609902 0.744561
vt 0.609902 0.736559
vt 0.580236 0.736559
vt 0.572234 0.744561
vt 0.572234 0.736559
vt 0.668039 0.319046
vt 0.660036 0.311043
vt 0.668039 0.311043
vt 0.768576 0.970569
vt 0.760574 0.962567
vt 0.768576 0.962567
vt 0.467232 0.669225
vt 0.459230 0.661223
vt 0.467232 0.661223
vt 0.693240 0.970569
vt 0.685238 0.962567
vt 0.693240 0.962567
vt 0.655572 0.962567
vt 0.647570 0.970569
vt 0.647570 0.962567
vt 0.580236 0.962567
vt 0.572234 0.970569
vt 0.572234 0.962567
vt 0.542568 0.669225
vt 0.534566 0.661223
vt 0.542568 0.661223
vt 0.542568 0.970569
vt 0.534566 0.962567
vt 0.542568 0.962567
vt 0.580236 0.669225
vt 0.572234 0.661223
vt 0.580236 0.661223
vt 0.467232 0.970569
vt 0.459230 0.962567
vt 0.467232 0.962567
vt 0.969383 0.311043
vt 0.961380 0.319046
vt 0.961380 0.311043
vt 0.969383 0.235707
vt 0.961380 0.243710
vt 0.961380 0.235707
vt 0.655572 0.669225
vt 0.647570 0.661223
vt 0.655572 0.661223
vt 0.429564 0.964791
vt 0.421562 0.956789
vt 0.429564 0.956789
vt 0.316609 0.672027
vt 0.308607 0.664025
vt 0.316609 0.664025
vt 0.126422 0.964304
vt 0.118420 0.956302
vt 0.126422 0.956302
vt 0.107588 0.956302
vt 0.099586 0.964304
vt 0.099586 0.956302
vt 0.088754 0.956302
vt 0.080752 0.964304
vt 0.080752 0.956302
vt 0.205838 0.674299
vt 0.197836 0.666297
vt 0.205838 0.666297
vt 0.069920 0.964304
vt 0.061918 0.956302
vt 0.069920 0.956302
vt 0.243506 0.674299
vt 0.235504 0.666297
vt 0.243506 0.666297
vt 0.051086 0.964304
vt 0.043084 0.956302
vt 0.051086 0.956302
vt 0.032252 0.956302
vt 0.024250 0.964304
vt 0.024250 0.956302
vt 0.448398 0.955385
vt 0.440396 0.963387
vt 0.440396 0.955385
vt 0.674406 0.367881
vt 0.666404 0.359879
vt 0.674406 0.359879
vt 0.743375 0.243710
vt 0.735372 0.235707
vt 0.743375 0.235707
vt 0.674406 0.405549
vt 0.666404 0.397547
vt 0.674406 0.397547
vt 0.429564 0.738783
vt 0.421562 0.730781
vt 0.429564 0.730781
vt 0.069920 0.730294
vt 0.061918 0.738296
vt 0.061918 0.730294
vt 0.032252 0.730294
vt 0.024250 0.738296
vt 0.024250 0.730294
vt 0.674406 0.480885
vt 0.666404 0.472883
vt 0.674406 0.472883
vt 0.149336 0.732831
vt 0.141334 0.724829
vt 0.149336 0.724829
vt 0.674406 0.518553
vt 0.666404 0.510551
vt 0.674406 0.510551
vt 0.731994 0.126422
vt 0.723992 0.118420
vt 0.731994 0.118420
vt 0.731994 0.099586
vt 0.723992 0.107588
vt 0.723992 0.099586
vt 0.731994 0.080752
vt 0.723992 0.088754
vt 0.723992 0.080752
vt 0.674406 0.593889
vt 0.666404 0.585887
vt 0.674406 0.585887
vt 0.731994 0.069920
vt 0.723992 0.061918
vt 0.731994 0.061918
vt 0.674406 0.631557
vt 0.666404 0.623555
vt 0.674406 0.623555
vt 0.731994 0.051086
vt 0.723992 0.043084
vt 0.731994 0.043084
vt 0.731994 0.024250
vt 0.723992 0.032252
vt 0.723992 0.024250
vt 0.731994 0.005416
vt 0.723992 0.013418
vt 0.723992 0.005416
vt 0.675492 0.013418
vt 0.667490 0.005416
vt 0.675492 0.005416
vt 0.730908 0.688059
vt 0.722906 0.680057
vt 0.730908 0.680057
vt 0.675492 0.051086
vt 0.667490 0.043084
vt 0.675492 0.043084
vt 0.730908 0.650391
vt 0.722906 0.642389
vt 0.730908 0.642389
vt 0.730908 0.567053
vt 0.722906 0.575055
vt 0.722906 0.567053
vt 0.730908 0.529385
vt 0.722906 0.537387
vt 0.722906 0.529385
vt 0.675492 0.126422
vt 0.667490 0.118420
vt 0.675492 0.118420
vt 0.730908 0.462051
vt 0.722906 0.454049
vt 0.730908 0.454049
vt 0.149336 0.676329
vt 0.141334 0.668327
vt 0.149336 0.668327
vt 0.730908 0.424383
vt 0.722906 0.416381
vt 0.730908 0.416381
vt 0.730908 0.212384
vt 0.722906 0.220387
vt 0.722906 0.212384
vt 0.730908 0.174717
vt 0.722906 0.182719
vt 0.722906 0.174717
vt 0.032252 0.681794
vt 0.024250 0.673792
vt 0.032252 0.673792
vt 0.410730 0.730508
vt 0.402728 0.722506
vt 0.410730 0.722506
vt 0.069920 0.681794
vt 0.061918 0.673792
vt 0.069920 0.673792
vt 0.297775 0.728979
vt 0.289773 0.720977
vt 0.297775 0.720977
vt 0.693240 0.717725
vt 0.685238 0.725727
vt 0.685238 0.717725
vt 0.655572 0.717725
vt 0.647570 0.725727
vt 0.647570 0.717725
vt 0.429564 0.682281
vt 0.421562 0.674279
vt 0.429564 0.674279
vt 0.580236 0.725727
vt 0.572234 0.717725
vt 0.580236 0.717725
vt 0.686873 0.243710
vt 0.678870 0.235707
vt 0.686873 0.235707
vt 0.542568 0.725727
vt 0.534566 0.717725
vt 0.542568 0.717725
vt 0.467232 0.717725
vt 0.459230 0.725727
vt 0.459230 0.717725
vt 0.724541 0.311043
vt 0.716538 0.319046
vt 0.716538 0.311043
vt 0.686873 0.319046
vt 0.678870 0.311043
vt 0.686873 0.311043
vt 0.724541 0.262544
vt 0.716538 0.254541
vt 0.724541 0.254541
vt 0.467232 0.688059
vt 0.459230 0.680057
vt 0.467232 0.680057
vt 0.724541 0.243710
vt 0.716538 0.235707
vt 0.724541 0.235707
vt 0.013418 0.713770
vt 0.005416 0.721772
vt 0.005416 0.713770
vt 0.429564 0.711947
vt 0.421562 0.719949
vt 0.421562 0.711947
vt 0.542568 0.688059
vt 0.534566 0.680057
vt 0.542568 0.680057
vt 0.107588 0.719462
vt 0.099586 0.711460
vt 0.107588 0.711460
vt 0.580236 0.688059
vt 0.572234 0.680057
vt 0.580236 0.680057
vt 0.069920 0.719462
vt 0.061918 0.711460
vt 0.069920 0.711460
vt 0.032252 0.711460
vt 0.024250 0.719462
vt 0.024250 0.711460
vt 0.187004 0.705995
vt 0.179002 0.713997
vt 0.179002 0.705995
vt 0.655572 0.688059
vt 0.647570 0.680057
vt 0.655572 0.680057
vt 0.168170 0.713997
vt 0.160168 0.705995
vt 0.168170 0.705995
vt 0.354276 0.690639
vt 0.346274 0.682636
vt 0.354276 0.682636
vt 0.149337 0.713997
vt 0.141334 0.705995
vt 0.149337 0.705995
vt 0.713160 0.137254
vt 0.705158 0.145256
vt 0.705158 0.137254
vt 0.713160 0.118420
vt 0.705158 0.126422
vt 0.705158 0.118420
vt 0.410730 0.692840
vt 0.402728 0.684838
vt 0.410730 0.684838
vt 0.713160 0.107588
vt 0.705158 0.099586
vt 0.713160 0.099586
vt 0.224672 0.693133
vt 0.216670 0.685131
vt 0.224672 0.685131
vt 0.713160 0.088754
vt 0.705158 0.080752
vt 0.713160 0.080752
vt 0.713160 0.061918
vt 0.705158 0.069920
vt 0.705158 0.061918
vt 0.713160 0.043084
vt 0.705158 0.051086
vt 0.705158 0.043084
vt 0.693240 0.220387
vt 0.685238 0.212384
vt 0.693240 0.212384
vt 0.187004 0.958839
vt 0.179002 0.950837
vt 0.187004 0.950837
vt 0.693240 0.386715
vt 0.685238 0.378713
vt 0.693240 0.378713
vt 0.168170 0.958839
vt 0.160168 0.950837
vt 0.168170 0.950837
vt 0.149337 0.950837
vt 0.141334 0.958839
vt 0.141334 0.950837
vt 0.958002 0.137254
vt 0.950000 0.145256
vt 0.950000 0.137254
vt 0.693240 0.462051
vt 0.685238 0.454049
vt 0.693240 0.454049
vt 0.958002 0.126422
vt 0.950000 0.118420
vt 0.958002 0.118420
vt 0.693240 0.499719
vt 0.685238 0.491717
vt 0.693240 0.491717
vt 0.958002 0.107588
vt 0.950000 0.099586
vt 0.958002 0.099586
vt 0.958002 0.080752
vt 0.950000 0.088754
vt 0.950000 0.080752
vt 0.958002 0.061918
vt 0.950000 0.069920
vt 0.950000 0.061918
vt 0.693240 0.575055
vt 0.685238 0.567053
vt 0.693240 0.567053
vt 0.958002 0.051086
vt 0.950000 0.043084
vt 0.958002 0.043084
vt 0.693240 0.612723
vt 0.685238 0.604721
vt 0.693240 0.604721
vt 0.958002 0.032252
vt 0.950000 0.024250
vt 0.958002 0.024250
vt 0.958002 0.005416
vt 0.950000 0.013418
vt 0.950000 0.005416
vt 0.391896 0.949471
vt 0.383894 0.957473
vt 0.383894 0.949471
vt 0.693240 0.688059
vt 0.685238 0.680057
vt 0.693240 0.680057
vt 0.956916 0.951735
vt 0.948914 0.943733
vt 0.956916 0.943733
vt 0.694326 0.013418
vt 0.686324 0.005416
vt 0.694326 0.005416
vt 0.956916 0.932901
vt 0.948914 0.924899
vt 0.956916 0.924899
vt 0.956916 0.906065
vt 0.948914 0.914067
vt 0.948914 0.906065
vt 0.956916 0.887231
vt 0.948914 0.895233
vt 0.948914 0.887231
vt 0.694326 0.088754
vt 0.686324 0.080752
vt 0.694326 0.080752
vt 0.712074 0.405549
vt 0.704072 0.397547
vt 0.712074 0.397547
vt 0.694326 0.126422
vt 0.686324 0.118420
vt 0.694326 0.118420
vt 0.712074 0.201553
vt 0.704072 0.193550
vt 0.712074 0.193550
vt 0.243506 0.703965
vt 0.235504 0.711967
vt 0.235504 0.703965
vt 0.262340 0.703436
vt 0.254338 0.711438
vt 0.254338 0.703436
vt 0.187004 0.695163
vt 0.179002 0.687161
vt 0.187004 0.687161
vt 0.316609 0.709695
vt 0.308607 0.701693
vt 0.316609 0.701693
vt 0.032252 0.700628
vt 0.024250 0.692626
vt 0.032252 0.692626
vt 0.655572 0.706893
vt 0.647570 0.698891
vt 0.655572 0.698891
vt 0.617904 0.698891
vt 0.609902 0.706893
vt 0.609902 0.698891
vt 0.542568 0.698891
vt 0.534566 0.706893
vt 0.534566 0.698891
vt 0.107588 0.700628
vt 0.099586 0.692626
vt 0.107588 0.692626
vt 0.504900 0.706893
vt 0.496898 0.698891
vt 0.504900 0.698891
vt 0.429564 0.701115
vt 0.421562 0.693113
vt 0.429564 0.693113
vt 0.705707 0.319046
vt 0.697704 0.311043
vt 0.705707 0.311043
vt 0.705707 0.273375
vt 0.697704 0.281378
vt 0.697704 0.273375
vt 0.705707 0.254541
vt 0.697704 0.262544
vt 0.697704 0.254541
vt 0.705707 0.243710
vt 0.697704 0.235707
vt 0.705707 0.235707
vt 0.705707 0.300212
vt 0.697704 0.292209
vt 0.705707 0.292209
vt 0.013418 0.702938
vt 0.005416 0.694936
vt 0.013418 0.694936
vt 0.705707 0.337880
vt 0.697704 0.329877
vt 0.705707 0.329877
vt 0.467232 0.698891
vt 0.459230 0.706893
vt 0.459230 0.698891
vt 0.486066 0.698891
vt 0.478064 0.706893
vt 0.478064 0.698891
vt 0.126422 0.700628
vt 0.118420 0.692626
vt 0.126422 0.692626
vt 0.523734 0.706893
vt 0.515732 0.698891
vt 0.523734 0.698891
vt 0.088754 0.700628
vt 0.080752 0.692626
vt 0.088754 0.692626
vt 0.561402 0.706893
vt 0.553400 0.698891
vt 0.561402 0.698891
vt 0.580236 0.698891
vt 0.572234 0.706893
vt 0.572234 0.698891
vt 0.599070 0.698891
vt 0.591068 0.706893
vt 0.591068 0.698891
vt 0.069920 0.700628
vt 0.061918 0.692626
vt 0.069920 0.692626
vt 0.636738 0.706893
vt 0.628736 0.698891
vt 0.636738 0.698891
vt 0.051086 0.700628
vt 0.043084 0.692626
vt 0.051086 0.692626
vt 0.674406 0.706893
vt 0.666404 0.698891
vt 0.674406 0.698891
vt 0.693240 0.698891
vt 0.685238 0.706893
vt 0.685238 0.698891
vt 0.354276 0.701470
vt 0.346274 0.709473
vt 0.346274 0.701470
vt 0.448398 0.699712
vt 0.440396 0.691709
vt 0.448398 0.691709
vt 0.297775 0.710145
vt 0.289773 0.702143
vt 0.297775 0.702143
vt 0.168170 0.695163
vt 0.160168 0.687161
vt 0.168170 0.687161
vt 0.410730 0.711674
vt 0.402728 0.703672
vt 0.410730 0.703672
vt 0.205838 0.703965
vt 0.197836 0.711967
vt 0.197836 0.703965
vt 0.224672 0.703965
vt 0.216670 0.711967
vt 0.216670 0.703965
vt 0.149336 0.695163
vt 0.141334 0.687161
vt 0.149336 0.687161
vt 0.712074 0.182719
vt 0.704072 0.174717
vt 0.712074 0.174717
vt 0.694326 0.145256
vt 0.686324 0.137254
vt 0.694326 0.137254
vt 0.712074 0.220387
vt 0.704072 0.212384
vt 0.712074 0.212384
vt 0.712074 0.359879
vt 0.704072 0.367881
vt 0.704072 0.359879
vt 0.712074 0.378713
vt 0.704072 0.386715
vt 0.704072 0.378713
vt 0.694326 0.107588
vt 0.686324 0.099586
vt 0.694326 0.099586
vt 0.712074 0.424383
vt 0.704072 0.416381
vt 0.712074 0.416381
vt 0.693240 0.631557
vt 0.685238 0.623555
vt 0.693240 0.623555
vt 0.712074 0.462051
vt 0.704072 0.454049
vt 0.712074 0.454049
vt 0.712074 0.472883
vt 0.704072 0.480885
vt 0.704072 0.472883
vt 0.712074 0.491717
vt 0.704072 0.499719
vt 0.704072 0.491717
vt 0.693240 0.556221
vt 0.685238 0.548219
vt 0.693240 0.548219
vt 0.712074 0.537387
vt 0.704072 0.529385
vt 0.712074 0.529385
vt 0.693240 0.537387
vt 0.685238 0.529385
vt 0.693240 0.529385
vt 0.712074 0.575055
vt 0.704072 0.567053
vt 0.712074 0.567053
vt 0.712074 0.585887
vt 0.704072 0.593889
vt 0.704072 0.585887
vt 0.712074 0.604721
vt 0.704072 0.612723
vt 0.704072 0.604721
vt 0.693240 0.518553
vt 0.685238 0.510551
vt 0.693240 0.510551
vt 0.712074 0.650391
vt 0.704072 0.642389
vt 0.712074 0.642389
vt 0.693240 0.443217
vt 0.685238 0.435215
vt 0.693240 0.435215
vt 0.712074 0.688059
vt 0.704072 0.680057
vt 0.712074 0.680057
vt 0.712074 0.698891
vt 0.704072 0.706893
vt 0.704072 0.698891
vt 0.391896 0.704629
vt 0.383894 0.712631
vt 0.383894 0.704629
vt 0.693240 0.405549
vt 0.685238 0.397547
vt 0.693240 0.397547
vt 0.956916 0.876399
vt 0.948914 0.868397
vt 0.956916 0.868397
vt 0.693240 0.201553
vt 0.685238 0.193550
vt 0.693240 0.193550
vt 0.956916 0.801063
vt 0.948914 0.793061
vt 0.956916 0.793061
vt 0.956916 0.755393
vt 0.948914 0.763395
vt 0.948914 0.755393
vt 0.956916 0.680057
vt 0.948914 0.688059
vt 0.948914 0.680057
vt 0.262340 0.692604
vt 0.254338 0.684602
vt 0.262340 0.684602
vt 0.956916 0.650391
vt 0.948914 0.642389
vt 0.956916 0.642389
vt 0.316609 0.690861
vt 0.308607 0.682859
vt 0.316609 0.682859
vt 0.956916 0.575055
vt 0.948914 0.567053
vt 0.956916 0.567053
vt 0.956916 0.529385
vt 0.948914 0.537387
vt 0.948914 0.529385
vt 0.956916 0.510551
vt 0.948914 0.518553
vt 0.948914 0.510551
vt 0.617904 0.688059
vt 0.609902 0.680057
vt 0.617904 0.680057
vt 0.956916 0.499719
vt 0.948914 0.491717
vt 0.956916 0.491717
vt 0.599070 0.688059
vt 0.591068 0.680057
vt 0.599070 0.680057
vt 0.956916 0.480885
vt 0.948914 0.472883
vt 0.956916 0.472883
vt 0.956916 0.454049
vt 0.948914 0.462051
vt 0.948914 0.454049
vt 0.956916 0.435215
vt 0.948914 0.443217
vt 0.948914 0.435215
vt 0.523734 0.688059
vt 0.515732 0.680057
vt 0.523734 0.680057
vt 0.956916 0.424383
vt 0.948914 0.416381
vt 0.956916 0.416381
vt 0.486066 0.688059
vt 0.478064 0.680057
vt 0.486066 0.680057
vt 0.956916 0.405549
vt 0.948914 0.397547
vt 0.956916 0.397547
vt 0.956916 0.378713
vt 0.948914 0.386715
vt 0.948914 0.378713
vt 0.956916 0.359879
vt 0.948914 0.367881
vt 0.948914 0.359879
vt 0.686873 0.300212
vt 0.678870 0.292209
vt 0.686873 0.292209
vt 0.724541 0.337880
vt 0.716538 0.329877
vt 0.724541 0.329877
vt 0.686873 0.281378
vt 0.678870 0.273375
vt 0.686873 0.273375
vt 0.486066 0.725727
vt 0.478064 0.717725
vt 0.486066 0.717725
vt 0.504900 0.717725
vt 0.496898 0.725727
vt 0.496898 0.717725
vt 0.523734 0.717725
vt 0.515732 0.725727
vt 0.515732 0.717725
vt 0.686873 0.262544
vt 0.678870 0.254541
vt 0.686873 0.254541
vt 0.561402 0.725727
vt 0.553400 0.717725
vt 0.561402 0.717725
vt 0.013418 0.684104
vt 0.005416 0.676102
vt 0.013418 0.676102
vt 0.599070 0.725727
vt 0.591068 0.717725
vt 0.599070 0.717725
vt 0.617904 0.717725
vt 0.609902 0.725727
vt 0.609902 0.717725
vt 0.636738 0.717725
vt 0.628736 0.725727
vt 0.628736 0.717725
vt 0.126422 0.681794
vt 0.118420 0.673792
vt 0.126422 0.673792
vt 0.674406 0.725727
vt 0.666404 0.717725
vt 0.674406 0.717725
vt 0.107588 0.681794
vt 0.099586 0.673792
vt 0.107588 0.673792
vt 0.712074 0.725727
vt 0.704072 0.717725
vt 0.712074 0.717725
vt 0.354276 0.720304
vt 0.346274 0.728307
vt 0.346274 0.720304
vt 0.316609 0.720527
vt 0.308607 0.728529
vt 0.308607 0.720527
vt 0.088754 0.681794
vt 0.080752 0.673792
vt 0.088754 0.673792
vt 0.262340 0.730272
vt 0.254338 0.722270
vt 0.262340 0.722270
vt 0.051086 0.681794
vt 0.043084 0.673792
vt 0.051086 0.673792
vt 0.205838 0.730801
vt 0.197836 0.722799
vt 0.205838 0.722799
vt 0.224672 0.722799
vt 0.216670 0.730801
vt 0.216670 0.722799
vt 0.243506 0.722799
vt 0.235504 0.730801
vt 0.235504 0.722799
vt 0.448398 0.680878
vt 0.440396 0.672875
vt 0.448398 0.672875
vt 0.730908 0.201553
vt 0.722906 0.193550
vt 0.730908 0.193550
vt 0.187004 0.676329
vt 0.179002 0.668327
vt 0.187004 0.668327
vt 0.730908 0.367881
vt 0.722906 0.359879
vt 0.730908 0.359879
vt 0.730908 0.378713
vt 0.722906 0.386715
vt 0.722906 0.378713
vt 0.730908 0.397547
vt 0.722906 0.405549
vt 0.722906 0.397547
vt 0.168170 0.676329
vt 0.160168 0.668327
vt 0.168170 0.668327
vt 0.730908 0.443217
vt 0.722906 0.435215
vt 0.730908 0.435215
vt 0.675492 0.145256
vt 0.667490 0.137254
vt 0.675492 0.137254
vt 0.730908 0.480885
vt 0.722906 0.472883
vt 0.730908 0.472883
vt 0.730908 0.491717
vt 0.722906 0.499719
vt 0.722906 0.491717
vt 0.730908 0.510551
vt 0.722906 0.518553
vt 0.722906 0.510551
vt 0.675492 0.107588
vt 0.667490 0.099586
vt 0.675492 0.099586
vt 0.730908 0.556221
vt 0.722906 0.548219
vt 0.730908 0.548219
vt 0.675492 0.088754
vt 0.667490 0.080752
vt 0.675492 0.080752
vt 0.730908 0.593889
vt 0.722906 0.585887
vt 0.730908 0.585887
vt 0.730908 0.604721
vt 0.722906 0.612723
vt 0.722906 0.604721
vt 0.730908 0.623555
vt 0.722906 0.631557
vt 0.722906 0.623555
vt 0.675492 0.069920
vt 0.667490 0.061918
vt 0.675492 0.061918
vt 0.730908 0.669225
vt 0.722906 0.661223
vt 0.730908 0.661223
vt 0.675492 0.032252
vt 0.667490 0.024250
vt 0.675492 0.024250
vt 0.730908 0.706893
vt 0.722906 0.698891
vt 0.730908 0.698891
vt 0.730908 0.717725
vt 0.722906 0.725727
vt 0.722906 0.717725
vt 0.391896 0.723463
vt 0.383894 0.731465
vt 0.383894 0.723463
vt 0.648656 0.013418
vt 0.648656 0.032252
vt 0.648656 0.051086
vt 0.648656 0.069920
vt 0.656658 0.088754
vt 0.656658 0.107588
vt 0.648656 0.126422
vt 0.741740 0.405549
vt 0.141334 0.657495
vt 0.741740 0.201553
vt 0.243506 0.749635
vt 0.205838 0.749635
vt 0.024250 0.662960
vt 0.254338 0.749106
vt 0.061918 0.662960
vt 0.289773 0.747813
vt 0.316609 0.747363
vt 0.693240 0.744561
vt 0.421562 0.663447
vt 0.666404 0.744561
vt 0.660036 0.243710
vt 0.647570 0.744561
vt 0.617904 0.744561
vt 0.580236 0.744561
vt 0.660036 0.319046
vt 0.760574 0.970569
vt 0.459230 0.669225
vt 0.685238 0.970569
vt 0.655572 0.970569
vt 0.580236 0.970569
vt 0.534566 0.669225
vt 0.534566 0.970569
vt 0.572234 0.669225
vt 0.459230 0.970569
vt 0.969383 0.319046
vt 0.969383 0.243710
vt 0.647570 0.669225
vt 0.421562 0.964791
vt 0.308607 0.672027
vt 0.118420 0.964304
vt 0.107588 0.964304
vt 0.088754 0.964304
vt 0.197836 0.674299
vt 0.061918 0.964304
vt 0.235504 0.674299
vt 0.043084 0.964304
vt 0.032252 0.964304
vt 0.448398 0.963387
vt 0.666404 0.367881
vt 0.735372 0.243710
vt 0.666404 0.405549
vt 0.421562 0.738783
vt 0.069920 0.738296
vt 0.032252 0.738296
vt 0.666404 0.480885
vt 0.141334 0.732831
vt 0.666404 0.518553
vt 0.723992 0.126422
vt 0.731994 0.107588
vt 0.731994 0.088754
vt 0.666404 0.593889
vt 0.723992 0.069920
vt 0.666404 0.631557
vt 0.723992 0.051086
vt 0.731994 0.032252
vt 0.731994 0.013418
vt 0.667490 0.013418
vt 0.722906 0.688059
vt 0.667490 0.051086
vt 0.722906 0.650391
vt 0.730908 0.575055
vt 0.730908 0.537387
vt 0.667490 0.126422
vt 0.722906 0.462051
vt 0.141334 0.676329
vt 0.722906 0.424383
vt 0.730908 0.220387
vt 0.730908 0.182719
vt 0.024250 0.681794
vt 0.402728 0.730508
vt 0.061918 0.681794
vt 0.289773 0.728979
vt 0.693240 0.725727
vt 0.655572 0.725727
vt 0.421562 0.682281
vt 0.572234 0.725727
vt 0.678870 0.243710
vt 0.534566 0.725727
vt 0.467232 0.725727
vt 0.724541 0.319046
vt 0.678870 0.319046
vt 0.716538 0.262544
vt 0.459230 0.688059
vt 0.716538 0.243710
vt 0.013418 0.721772
vt 0.429564 0.719949
vt 0.534566 0.688059
vt 0.099586 0.719462
vt 0.572234 0.688059
vt 0.061918 0.719462
vt 0.032252 0.719462
vt 0.187004 0.713997
vt 0.647570 0.688059
vt 0.160168 0.713997
vt 0.346274 0.690639
vt 0.141334 0.713997
vt 0.713160 0.145256
vt 0.713160 0.126422
vt 0.402728 0.692840
vt 0.705158 0.107588
vt 0.216670 0.693133
vt 0.705158 0.088754
vt 0.713160 0.069920
vt 0.713160 0.051086
vt 0.685238 0.220387
vt 0.179002 0.958839
vt 0.685238 0.386715
vt 0.160168 0.958839
vt 0.149337 0.958839
vt 0.958002 0.145256
vt 0.685238 0.462051
vt 0.950000 0.126422
vt 0.685238 0.499719
vt 0.950000 0.107588
vt 0.958002 0.088754
vt 0.958002 0.069920
vt 0.685238 0.575055
vt 0.950000 0.051086
vt 0.685238 0.612723
vt 0.950000 0.032252
vt 0.958002 0.013418
vt 0.391896 0.957473
vt 0.685238 0.688059
vt 0.948914 0.951735
vt 0.686324 0.013418
vt 0.948914 0.932901
vt 0.956916 0.914067
vt 0.956916 0.895233
vt 0.686324 0.088754
vt 0.704072 0.405549
vt 0.686324 0.126422
vt 0.704072 0.201553
vt 0.243506 0.711967
vt 0.262340 0.711438
vt 0.179002 0.695163
vt 0.308607 0.709695
vt 0.024250 0.700628
vt 0.647570 0.706893
vt 0.617904 0.706893
vt 0.542568 0.706893
vt 0.099586 0.700628
vt 0.496898 0.706893
vt 0.421562 0.701115
vt 0.697704 0.319046
vt 0.705707 0.281378
vt 0.705707 0.262544
vt 0.697704 0.243710
vt 0.697704 0.300212
vt 0.005416 0.702938
vt 0.697704 0.337880
vt 0.467232 0.706893
vt 0.486066 0.706893
vt 0.118420 0.700628
vt 0.515732 0.706893
vt 0.080752 0.700628
vt 0.553400 0.706893
vt 0.580236 0.706893
vt 0.599070 0.706893
vt 0.061918 0.700628
vt 0.628736 0.706893
vt 0.043084 0.700628
vt 0.666404 0.706893
vt 0.693240 0.706893
vt 0.354276 0.709473
vt 0.440396 0.699712
vt 0.289773 0.710145
vt 0.160168 0.695163
vt 0.402728 0.711674
vt 0.205838 0.711967
vt 0.224672 0.711967
vt 0.141334 0.695163
vt 0.704072 0.182719
vt 0.686324 0.145256
vt 0.704072 0.220387
vt 0.712074 0.367881
vt 0.712074 0.386715
vt 0.686324 0.107588
vt 0.704072 0.424383
vt 0.685238 0.631557
vt 0.704072 0.462051
vt 0.712074 0.480885
vt 0.712074 0.499719
vt 0.685238 0.556221
vt 0.704072 0.537387
vt 0.685238 0.537387
vt 0.704072 0.575055
vt 0.712074 0.593889
vt 0.712074 0.612723
vt 0.685238 0.518553
vt 0.704072 0.650391
vt 0.685238 0.443217
vt 0.704072 0.688059
vt 0.712074 0.706893
vt 0.391896 0.712631
vt 0.685238 0.405549
vt 0.948914 0.876399
vt 0.685238 0.201553
vt 0.948914 0.801063
vt 0.956916 0.763395
vt 0.956916 0.688059
vt 0.254338 0.692604
vt 0.948914 0.650391
vt 0.308607 0.690861
vt 0.948914 0.575055
vt 0.956916 0.537387
vt 0.956916 0.518553
vt 0.609902 0.688059
vt 0.948914 0.499719
vt 0.591068 0.688059
vt 0.948914 0.480885
vt 0.956916 0.462051
vt 0.956916 0.443217
vt 0.515732 0.688059
vt 0.948914 0.424383
vt 0.478064 0.688059
vt 0.948914 0.405549
vt 0.956916 0.386715
vt 0.956916 0.367881
vt 0.678870 0.300212
vt 0.716538 0.337880
vt 0.678870 0.281378
vt 0.478064 0.725727
vt 0.504900 0.725727
vt 0.523734 0.725727
vt 0.678870 0.262544
vt 0.553400 0.725727
vt 0.005416 0.684104
vt 0.591068 0.725727
vt 0.617904 0.725727
vt 0.636738 0.725727
vt 0.118420 0.681794
vt 0.666404 0.725727
vt 0.099586 0.681794
vt 0.704072 0.725727
vt 0.354276 0.728307
vt 0.316609 0.728529
vt 0.080752 0.681794
vt 0.254338 0.730272
vt 0.043084 0.681794
vt 0.197836 0.730801
vt 0.224672 0.730801
vt 0.243506 0.730801
vt 0.440396 0.680878
vt 0.722906 0.201553
vt 0.179002 0.676329
vt 0.722906 0.367881
vt 0.730908 0.386715
vt 0.730908 0.405549
vt 0.160168 0.676329
vt 0.722906 0.443217
vt 0.667490 0.145256
vt 0.722906 0.480885
vt 0.730908 0.499719
vt 0.730908 0.518553
vt 0.667490 0.107588
vt 0.722906 0.556221
vt 0.667490 0.088754
vt 0.722906 0.593889
vt 0.730908 0.612723
vt 0.730908 0.631557
vt 0.667490 0.069920
vt 0.722906 0.669225
vt 0.667490 0.032252
vt 0.722906 0.706893
vt 0.730908 0.725727
vt 0.391896 0.731465
vn -1.0000 0.0000 0.0000
vn 0.0000 0.0000 -1.0000
vn 1.0000 0.0000 0.0000
vn 0.0000 0.0000 1.0000
vn 0.0000 -1.0000 0.0000
vn 0.0000 1.0000 0.0000
s off
f 1176/3161/213 1177/3162/213 1175/3163/213
f 1178/3164/214 1181/3165/214 1177/3166/214
f 1182/3167/215 1179/3168/215 1181/3169/215
f 1180/3170/216 1175/3171/216 1179/3172/216
f 1181/3173/217 1175/3174/217 1177/3175/217
f 1178/3176/218 1180/3177/218 1182/3178/218
f 1184/3179/213 1185/3180/213 1183/3181/213
f 1186/3182/214 1189/3183/214 1185/3184/214
f 1190/3185/215 1187/3186/215 1189/3187/215
f 1188/3188/216 1183/3189/216 1187/3190/216
f 1189/3191/217 1183/3192/217 1185/3193/217
f 1186/3194/218 1188/3195/218 1190/3196/218
f 1192/3197/213 1193/3198/213 1191/3199/213
f 1194/3200/214 1197/3201/214 1193/3202/214
f 1198/3203/215 1195/3204/215 1197/3205/215
f 1196/3206/216 1191/3207/216 1195/3208/216
f 1197/3209/217 1191/3210/217 1193/3211/217
f 1194/3212/218 1196/3213/218 1198/3214/218
f 1200/3215/213 1201/3216/213 1199/3217/213
f 1202/3218/214 1205/3219/214 1201/3220/214
f 1206/3221/215 1203/3222/215 1205/3223/215
f 1204/3224/216 1199/3225/216 1203/3226/216
f 1205/3227/217 1199/3228/217 1201/3229/217
f 1202/3230/218 1204/3231/218 1206/3232/218
f 1208/3233/213 1209/3234/213 1207/3235/213
f 1210/3236/214 1213/3237/214 1209/3238/214
f 1214/3239/215 1211/3240/215 1213/3241/215
f 1212/3242/216 1207/3243/216 1211/3244/216
f 1213/3245/217 1207/3246/217 1209/3247/217
f 1210/3248/218 1212/3249/218 1214/3250/218
f 1216/3251/213 1217/3252/213 1215/3253/213
f 1218/3254/214 1221/3255/214 1217/3256/214
f 1222/3257/215 1219/3258/215 1221/3259/215
f 1220/3260/216 1215/3261/216 1219/3262/216
f 1221/3263/217 1215/3264/217 1217/3265/217
f 1218/3266/218 1220/3267/218 1222/3268/218
f 1224/3269/213 1225/3270/213 1223/3271/213
f 1226/3272/214 1229/3273/214 1225/3274/214
f 1230/3275/215 1227/3276/215 1229/3277/215
f 1228/3278/216 1223/3279/216 1227/3280/216
f 1229/3281/217 1223/3282/217 1225/3283/217
f 1226/3284/218 1228/3285/218 1230/3286/218
f 1232/3287/213 1233/3288/213 1231/3289/213
f 1234/3290/214 1237/3291/214 1233/3292/214
f 1238/3293/215 1235/3294/215 1237/3295/215
f 1236/3296/216 1231/3297/216 1235/3298/216
f 1237/3299/217 1231/3300/217 1233/3301/217
f 1234/3302/218 1236/3303/218 1238/3304/218
f 1240/3305/213 1241/3306/213 1239/3307/213
f 1242/3308/214 1245/3309/214 1241/3310/214
f 1246/3311/215 1243/3312/215 1245/3313/215
f 1244/3314/216 1239/3315/216 1243/3316/216
f 1245/3317/217 1239/3318/217 1241/3319/217
f 1242/3320/218 1244/3321/218 1246/3322/218
f 1248/3323/213 1249/3324/213 1247/3325/213
f 1250/3326/214 1253/3327/214 1249/3328/214
f 1254/3329/215 1251/3330/215 1253/3331/215
f 1252/3332/216 1247/3333/216 1251/3334/216
f 1253/3335/217 1247/3336/217 1249/3337/217
f 1250/3338/218 1252/3339/218 1254/3340/218
f 1256/3341/213 1257/3342/213 1255/3343/213
f 1258/3344/214 1261/3345/214 1257/3346/214
f 1262/3347/215 1259/3348/215 1261/3349/215
f 1260/3350/216 1255/3351/216 1259/3352/216
f 1261/3353/217 1255/3354/217 1257/3355/217
f 1258/3356/218 1260/3357/218 1262/3358/218
f 1264/3359/213 1265/3360/213 1263/3361/213
f 1266/3362/214 1269/3363/214 1265/3364/214
f 1270/3365/215 1267/3366/215 1269/3367/215
f 1268/3368/216 1263/3369/216 1267/3370/216
f 1269/3371/217 1263/3372/217 1265/3373/217
f 1266/3374/218 1268/3375/218 1270/3376/218
f 1272/3377/213 1273/3378/213 1271/3379/213
f 1274/3380/214 1277/3381/214 1273/3382/214
f 1278/3383/215 1275/3384/215 1277/3385/215
f 1276/3386/216 1271/3387/216 1275/3388/216
f 1277/3389/217 1271/3390/217 1273/3391/217
f 1274/3392/218 1276/3393/218 1278/3394/218
f 1280/3395/213 1281/3396/213 1279/3397/213
f 1282/3398/214 1285/3399/214 1281/3400/214
f 1286/3401/215 1283/3402/215 1285/3403/215
f 1284/3404/216 1279/3405/216 1283/3406/216
f 1285/3407/217 1279/3408/217 1281/3409/217
f 1282/3410/218 1284/3411/218 1286/3412/218
f 1288/3413/213 1289/3414/213 1287/3415/213
f 1290/3416/214 1293/3417/214 1289/3418/214
f 1294/3419/215 1291/3420/215 1293/3421/215
f 1292/3422/216 1287/3423/216 1291/3424/216
f 1293/3425/217 1287/3426/217 1289/3427/217
f 1290/3428/218 1292/3429/218 1294/3430/218
f 1296/3431/213 1297/3432/213 1295/3433/213
f 1298/3434/214 1301/3435/214 1297/3436/214
f 1302/3437/215 1299/3438/215 1301/3439/215
f 1300/3440/216 1295/3441/216 1299/3442/216
f 1301/3443/217 1295/3444/217 1297/3445/217
f 1298/3446/218 1300/3447/218 1302/3448/218
f 1304/3449/213 1305/3450/213 1303/3451/213
f 1306/3452/214 1309/3453/214 1305/3454/214
f 1310/3455/215 1307/3456/215 1309/3457/215
f 1308/3458/216 1303/3459/216 1307/3460/216
f 1309/3461/217 1303/3462/217 1305/3463/217
f 1306/3464/218 1308/3465/218 1310/3466/218
f 1312/3467/213 1313/3468/213 1311/3469/213
f 1314/3470/214 1317/3471/214 1313/3472/214
f 1318/3473/215 1315/3474/215 1317/3475/215
f 1316/3476/216 1311/3477/216 1315/3478/216
f 1317/3479/217 1311/3480/217 1313/3481/217
f 1314/3482/218 1316/3483/218 1318/3484/218
f 1320/3485/213 1321/3486/213 1319/3487/213
f 1322/3488/214 1325/3489/214 1321/3490/214
f 1326/3491/215 1323/3492/215 1325/3493/215
f 1324/3494/216 1319/3495/216 1323/3496/216
f 1325/3497/217 1319/3498/217 1321/3499/217
f 1322/3500/218 1324/3501/218 1326/3502/218
f 1328/3503/213 1329/3504/213 1327/3505/213
f 1330/3506/214 1333/3507/214 1329/3508/214
f 1334/3509/215 1331/3510/215 1333/3511/215
f 1332/3512/216 1327/3513/216 1331/3514/216
f 1333/3515/217 1327/3516/217 1329/3517/217
f 1330/3518/218 1332/3519/218 1334/3520/218
f 1336/3521/213 1337/3522/213 1335/3523/213
f 1338/3524/214 1341/3525/214 1337/3526/214
f 1342/3527/215 1339/3528/215 1341/3529/215
f 1340/3530/216 1335/3531/216 1339/3532/216
f 1341/3533/217 1335/3534/217 1337/3535/217
f 1338/3536/218 1340/3537/218 1342/3538/218
f 1344/3539/213 1345/3540/213 1343/3541/213
f 1346/3542/214 1349/3543/214 1345/3544/214
f 1350/3545/215 1347/3546/215 1349/3547/215
f 1348/3548/216 1343/3549/216 1347/3550/216
f 1349/3551/217 1343/3552/217 1345/3553/217
f 1346/3554/218 1348/3555/218 1350/3556/218
f 1352/3557/213 1353/3558/213 1351/3559/213
f 1354/3560/214 1357/3561/214 1353/3562/214
f 1358/3563/215 1355/3564/215 1357/3565/215
f 1356/3566/216 1351/3567/216 1355/3568/216
f 1357/3569/217 1351/3570/217 1353/3571/217
f 1354/3572/218 1356/3573/218 1358/3574/218
f 1360/3575/213 1361/3576/213 1359/3577/213
f 1362/3578/214 1365/3579/214 1361/3580/214
f 1366/3581/215 1363/3582/215 1365/3583/215
f 1364/3584/216 1359/3585/216 1363/3586/216
f 1365/3587/217 1359/3588/217 1361/3589/217
f 1362/3590/218 1364/3591/218 1366/3592/218
f 1368/3593/213 1369/3594/213 1367/3595/213
f 1370/3596/214 1373/3597/214 1369/3598/214
f 1374/3599/215 1371/3600/215 1373/3601/215
f 1372/3602/216 1367/3603/216 1371/3604/216
f 1373/3605/217 1367/3606/217 1369/3607/217
f 1370/3608/218 1372/3609/218 1374/3610/218
f 1376/3611/213 1377/3612/213 1375/3613/213
f 1378/3614/214 1381/3615/214 1377/3616/214
f 1382/3617/215 1379/3618/215 1381/3619/215
f 1380/3620/216 1375/3621/216 1379/3622/216
f 1381/3623/217 1375/3624/217 1377/3625/217
f 1378/3626/218 1380/3627/218 1382/3628/218
f 1384/3629/213 1385/3630/213 1383/3631/213
f 1386/3632/214 1389/3633/214 1385/3634/214
f 1390/3635/215 1387/3636/215 1389/3637/215
f 1388/3638/216 1383/3639/216 1387/3640/216
f 1389/3641/217 1383/3642/217 1385/3643/217
f 1386/3644/218 1388/3645/218 1390/3646/218
f 1392/3647/213 1393/3648/213 1391/3649/213
f 1394/3650/214 1397/3651/214 1393/3652/214
f 1398/3653/215 1395/3654/215 1397/3655/215
f 1396/3656/216 1391/3657/216 1395/3658/216
f 1397/3659/217 1391/3660/217 1393/3661/217
f 1394/3662/218 1396/3663/218 1398/3664/218
f 1400/3665/213 1401/3666/213 1399/3667/213
f 1402/3668/214 1405/3669/214 1401/3670/214
f 1406/3671/215 1403/3672/215 1405/3673/215
f 1404/3674/216 1399/3675/216 1403/3676/216
f 1405/3677/217 1399/3678/217 1401/3679/217
f 1402/3680/218 1404/3681/218 1406/3682/218
f 1408/3683/213 1409/3684/213 1407/3685/213
f 1410/3686/214 1413/3687/214 1409/3688/214
f 1414/3689/215 1411/3690/215 1413/3691/215
f 1412/3692/216 1407/3693/216 1411/3694/216
f 1413/3695/217 1407/3696/217 1409/3697/217
f 1410/3698/218 1412/3699/218 1414/3700/218
f 1416/3701/213 1417/3702/213 1415/3703/213
f 1418/3704/214 1421/3705/214 1417/3706/214
f 1422/3707/215 1419/3708/215 1421/3709/215
f 1420/3710/216 1415/3711/216 1419/3712/216
f 1421/3713/217 1415/3714/217 1417/3715/217
f 1418/3716/218 1420/3717/218 1422/3718/218
f 1424/3719/213 1425/3720/213 1423/3721/213
f 1426/3722/214 1429/3723/214 1425/3724/214
f 1430/3725/215 1427/3726/215 1429/3727/215
f 1428/3728/216 1423/3729/216 1427/3730/216
f 1429/3731/217 1423/3732/217 1425/3733/217
f 1426/3734/218 1428/3735/218 1430/3736/218
f 1432/3737/213 1433/3738/213 1431/3739/213
f 1434/3740/214 1437/3741/214 1433/3742/214
f 1438/3743/215 1435/3744/215 1437/3745/215
f 1436/3746/216 1431/3747/216 1435/3748/216
f 1437/3749/217 1431/3750/217 1433/3751/217
f 1434/3752/218 1436/3753/218 1438/3754/218
f 1440/3755/213 1441/3756/213 1439/3757/213
f 1442/3758/214 1445/3759/214 1441/3760/214
f 1446/3761/215 1443/3762/215 1445/3763/215
f 1444/3764/216 1439/3765/216 1443/3766/216
f 1445/3767/217 1439/3768/217 1441/3769/217
f 1442/3770/218 1444/3771/218 1446/3772/218
f 1448/3773/213 1449/3774/213 1447/3775/213
f 1450/3776/214 1453/3777/214 1449/3778/214
f 1454/3779/215 1451/3780/215 1453/3781/215
f 1452/3782/216 1447/3783/216 1451/3784/216
f 1453/3785/217 1447/3786/217 1449/3787/217
f 1450/3788/218 1452/3789/218 1454/3790/218
f 1456/3791/213 1457/3792/213 1455/3793/213
f 1458/3794/214 1461/3795/214 1457/3796/214
f 1462/3797/215 1459/3798/215 1461/3799/215
f 1460/3800/216 1455/3801/216 1459/3802/216
f 1461/3803/217 1455/3804/217 1457/3805/217
f 1458/3806/218 1460/3807/218 1462/3808/218
f 1464/3809/213 1465/3810/213 1463/3811/213
f 1466/3812/214 1469/3813/214 1465/3814/214
f 1470/3815/215 1467/3816/215 1469/3817/215
f 1468/3818/216 1463/3819/216 1467/3820/216
f 1469/3821/217 1463/3822/217 1465/3823/217
f 1466/3824/218 1468/3825/218 1470/3826/218
f 1472/3827/213 1473/3828/213 1471/3829/213
f 1474/3830/214 1477/3831/214 1473/3832/214
f 1478/3833/215 1475/3834/215 1477/3835/215
f 1476/3836/216 1471/3837/216 1475/3838/216
f 1477/3839/217 1471/3840/217 1473/3841/217
f 1474/3842/218 1476/3843/218 1478/3844/218
f 1480/3845/213 1481/3846/213 1479/3847/213
f 1482/3848/214 1485/3849/214 1481/3850/214
f 1486/3851/215 1483/3852/215 1485/3853/215
f 1484/3854/216 1479/3855/216 1483/3856/216
f 1485/3857/217 1479/3858/217 1481/3859/217
f 1482/3860/218 1484/3861/218 1486/3862/218
f 1488/3863/213 1489/3864/213 1487/3865/213
f 1490/3866/214 1493/3867/214 1489/3868/214
f 1494/3869/215 1491/3870/215 1493/3871/215
f 1492/3872/216 1487/3873/216 1491/3874/216
f 1493/3875/217 1487/3876/217 1489/3877/217
f 1490/3878/218 1492/3879/218 1494/3880/218
f 1496/3881/213 1497/3882/213 1495/3883/213
f 1498/3884/214 1501/3885/214 1497/3886/214
f 1502/3887/215 1499/3888/215 1501/3889/215
f 1500/3890/216 1495/3891/216 1499/3892/216
f 1501/3893/217 1495/3894/217 1497/3895/217
f 1498/3896/218 1500/3897/218 1502/3898/218
f 1504/3899/213 1505/3900/213 1503/3901/213
f 1506/3902/214 1509/3903/214 1505/3904/214
f 1510/3905/215 1507/3906/215 1509/3907/215
f 1508/3908/216 1503/3909/216 1507/3910/216
f 1509/3911/217 1503/3912/217 1505/3913/217
f 1506/3914/218 1508/3915/218 1510/3916/218
f 1512/3917/213 1513/3918/213 1511/3919/213
f 1514/3920/214 1517/3921/214 1513/3922/214
f 1518/3923/215 1515/3924/215 1517/3925/215
f 1516/3926/216 1511/3927/216 1515/3928/216
f 1517/3929/217 1511/3930/217 1513/3931/217
f 1514/3932/218 1516/3933/218 1518/3934/218
f 1520/3935/213 1521/3936/213 1519/3937/213
f 1522/3938/214 1525/3939/214 1521/3940/214
f 1526/3941/215 1523/3942/215 1525/3943/215
f 1524/3944/216 1519/3945/216 1523/3946/216
f 1525/3947/217 1519/3948/217 1521/3949/217
f 1522/3950/218 1524/3951/218 1526/3952/218
f 1528/3953/213 1529/3954/213 1527/3955/213
f 1530/3956/214 1533/3957/214 1529/3958/214
f 1534/3959/215 1531/3960/215 1533/3961/215
f 1532/3962/216 1527/3963/216 1531/3964/216
f 1533/3965/217 1527/3966/217 1529/3967/217
f 1530/3968/218 1532/3969/218 1534/3970/218
f 1536/3971/213 1537/3972/213 1535/3973/213
f 1538/3974/214 1541/3975/214 1537/3976/214
f 1542/3977/215 1539/3978/215 1541/3979/215
f 1540/3980/216 1535/3981/216 1539/3982/216
f 1541/3983/217 1535/3984/217 1537/3985/217
f 1538/3986/218 1540/3987/218 1542/3988/218
f 1176/3161/213 1178/3989/213 1177/3162/213
f 1178/3164/214 1182/3990/214 1181/3165/214
f 1182/3167/215 1180/3991/215 1179/3168/215
f 1180/3170/216 1176/3992/216 1175/3171/216
f 1181/3173/217 1179/3993/217 1175/3174/217
f 1178/3176/218 1176/3994/218 1180/3177/218
f 1184/3179/213 1186/3995/213 1185/3180/213
f 1186/3182/214 1190/3996/214 1189/3183/214
f 1190/3185/215 1188/3997/215 1187/3186/215
f 1188/3188/216 1184/3998/216 1183/3189/216
f 1189/3191/217 1187/3999/217 1183/3192/217
f 1186/3194/218 1184/4000/218 1188/3195/218
f 1192/3197/213 1194/4001/213 1193/3198/213
f 1194/3200/214 1198/4002/214 1197/3201/214
f 1198/3203/215 1196/4003/215 1195/3204/215
f 1196/3206/216 1192/4004/216 1191/3207/216
f 1197/3209/217 1195/4005/217 1191/3210/217
f 1194/3212/218 1192/4006/218 1196/3213/218
f 1200/3215/213 1202/4007/213 1201/3216/213
f 1202/3218/214 1206/4008/214 1205/3219/214
f 1206/3221/215 1204/4009/215 1203/3222/215
f 1204/3224/216 1200/4010/216 1199/3225/216
f 1205/3227/217 1203/4011/217 1199/3228/217
f 1202/3230/218 1200/4012/218 1204/3231/218
f 1208/3233/213 1210/4013/213 1209/3234/213
f 1210/3236/214 1214/4014/214 1213/3237/214
f 1214/3239/215 1212/4015/215 1211/3240/215
f 1212/3242/216 1208/4016/216 1207/3243/216
f 1213/3245/217 1211/4017/217 1207/3246/217
f 1210/3248/218 1208/4018/218 1212/3249/218
f 1216/3251/213 1218/4019/213 1217/3252/213
f 1218/3254/214 1222/4020/214 1221/3255/214
f 1222/3257/215 1220/4021/215 1219/3258/215
f 1220/3260/216 1216/4022/216 1215/3261/216
f 1221/3263/217 1219/4023/217 1215/3264/217
f 1218/3266/218 1216/4024/218 1220/3267/218
f 1224/3269/213 1226/4025/213 1225/3270/213
f 1226/3272/214 1230/4026/214 1229/3273/214
f 1230/3275/215 1228/4027/215 1227/3276/215
f 1228/3278/216 1224/4028/216 1223/3279/216
f 1229/3281/217 1227/4029/217 1223/3282/217
f 1226/3284/218 1224/4030/218 1228/3285/218
f 1232/3287/213 1234/4031/213 1233/3288/213
f 1234/3290/214 1238/4032/214 1237/3291/214
f 1238/3293/215 1236/4033/215 1235/3294/215
f 1236/3296/216 1232/4034/216 1231/3297/216
f 1237/3299/217 1235/4035/217 1231/3300/217
f 1234/3302/218 1232/4036/218 1236/3303/218
f 1240/3305/213 1242/4037/213 1241/3306/213
f 1242/3308/214 1246/4038/214 1245/3309/214
f 1246/3311/215 1244/4039/215 1243/3312/215
f 1244/3314/216 1240/4040/216 1239/3315/216
f 1245/3317/217 1243/4041/217 1239/3318/217
f 1242/3320/218 1240/4042/218 1244/3321/218
f 1248/3323/213 1250/4043/213 1249/3324/213
f 1250/3326/214 1254/4044/214 1253/3327/214
f 1254/3329/215 1252/4045/215 1251/3330/215
f 1252/3332/216 1248/4046/216 1247/3333/216
f 1253/3335/217 1251/4047/217 1247/3336/217
f 1250/3338/218 1248/4048/218 1252/3339/218
f 1256/3341/213 1258/4049/213 1257/3342/213
f 1258/3344/214 1262/4050/214 1261/3345/214
f 1262/3347/215 1260/4051/215 1259/3348/215
f 1260/3350/216 1256/4052/216 1255/3351/216
f 1261/3353/217 1259/4053/217 1255/3354/217
f 1258/3356/218 1256/4054/218 1260/3357/218
f 1264/3359/213 1266/4055/213 1265/3360/213
f 1266/3362/214 1270/4056/214 1269/3363/214
f 1270/3365/215 1268/4057/215 1267/3366/215
f 1268/3368/216 1264/4058/216 1263/3369/216
f 1269/3371/217 1267/4059/217 1263/3372/217
f 1266/3374/218 1264/4060/218 1268/3375/218
f 1272/3377/213 1274/4061/213 1273/3378/213
f 1274/3380/214 1278/4062/214 1277/3381/214
f 1278/3383/215 1276/4063/215 1275/3384/215
f 1276/3386/216 1272/4064/216 1271/3387/216
f 1277/3389/217 1275/4065/217 1271/3390/217
f 1274/3392/218 1272/4066/218 1276/3393/218
f 1280/3395/213 1282/4067/213 1281/3396/213
f 1282/3398/214 1286/4068/214 1285/3399/214
f 1286/3401/215 1284/4069/215 1283/3402/215
f 1284/3404/216 1280/4070/216 1279/3405/216
f 1285/3407/217 1283/4071/217 1279/3408/217
f 1282/3410/218 1280/4072/218 1284/3411/218
f 1288/3413/213 1290/4073/213 1289/3414/213
f 1290/3416/214 1294/4074/214 1293/3417/214
f 1294/3419/215 1292/4075/215 1291/3420/215
f 1292/3422/216 1288/4076/216 1287/3423/216
f 1293/3425/217 1291/4077/217 1287/3426/217
f 1290/3428/218 1288/4078/218 1292/3429/218
f 1296/3431/213 1298/4079/213 1297/3432/213
f 1298/3434/214 1302/4080/214 1301/3435/214
f 1302/3437/215 1300/4081/215 1299/3438/215
f 1300/3440/216 1296/4082/216 1295/3441/216
f 1301/3443/217 1299/4083/217 1295/3444/217
f 1298/3446/218 1296/4084/218 1300/3447/218
f 1304/3449/213 1306/4085/213 1305/3450/213
f 1306/3452/214 1310/4086/214 1309/3453/214
f 1310/3455/215 1308/4087/215 1307/3456/215
f 1308/3458/216 1304/4088/216 1303/3459/216
f 1309/3461/217 1307/4089/217 1303/3462/217
f 1306/3464/218 1304/4090/218 1308/3465/218
f 1312/3467/213 1314/4091/213 1313/3468/213
f 1314/3470/214 1318/4092/214 1317/3471/214
f 1318/3473/215 1316/4093/215 1315/3474/215
f 1316/3476/216 1312/4094/216 1311/3477/216
f 1317/3479/217 1315/4095/217 1311/3480/217
f 1314/3482/218 1312/4096/218 1316/3483/218
f 1320/3485/213 1322/4097/213 1321/3486/213
f 1322/3488/214 1326/4098/214 1325/3489/214
f 1326/3491/215 1324/4099/215 1323/3492/215
f 1324/3494/216 1320/4100/216 1319/3495/216
f 1325/3497/217 1323/4101/217 1319/3498/217
f 1322/3500/218 1320/4102/218 1324/3501/218
f 1328/3503/213 1330/4103/213 1329/3504/213
f 1330/3506/214 1334/4104/214 1333/3507/214
f 1334/3509/215 1332/4105/215 1331/3510/215
f 1332/3512/216 1328/4106/216 1327/3513/216
f 1333/3515/217 1331/4107/217 1327/3516/217
f 1330/3518/218 1328/4108/218 1332/3519/218
f 1336/3521/213 1338/4109/213 1337/3522/213
f 1338/3524/214 1342/4110/214 1341/3525/214
f 1342/3527/215 1340/4111/215 1339/3528/215
f 1340/3530/216 1336/4112/216 1335/3531/216
f 1341/3533/217 1339/4113/217 1335/3534/217
f 1338/3536/218 1336/4114/218 1340/3537/218
f 1344/3539/213 1346/4115/213 1345/3540/213
f 1346/3542/214 1350/4116/214 1349/3543/214
f 1350/3545/215 1348/4117/215 1347/3546/215
f 1348/3548/216 1344/4118/216 1343/3549/216
f 1349/3551/217 1347/4119/217 1343/3552/217
f 1346/3554/218 1344/4120/218 1348/3555/218
f 1352/3557/213 1354/4121/213 1353/3558/213
f 1354/3560/214 1358/4122/214 1357/3561/214
f 1358/3563/215 1356/4123/215 1355/3564/215
f 1356/3566/216 1352/4124/216 1351/3567/216
f 1357/3569/217 1355/4125/217 1351/3570/217
f 1354/3572/218 1352/4126/218 1356/3573/218
f 1360/3575/213 1362/4127/213 1361/3576/213
f 1362/3578/214 1366/4128/214 1365/3579/214
f 1366/3581/215 1364/4129/215 1363/3582/215
f 1364/3584/216 1360/4130/216 1359/3585/216
f 1365/3587/217 1363/4131/217 1359/3588/217
f 1362/3590/218 1360/4132/218 1364/3591/218
f 1368/3593/213 1370/4133/213 1369/3594/213
f 1370/3596/214 1374/4134/214 1373/3597/214
f 1374/3599/215 1372/4135/215 1371/3600/215
f 1372/3602/216 1368/4136/216 1367/3603/216
f 1373/3605/217 1371/4137/217 1367/3606/217
f 1370/3608/218 1368/4138/218 1372/3609/218
f 1376/3611/213 1378/4139/213 1377/3612/213
f 1378/3614/214 1382/4140/214 1381/3615/214
f 1382/3617/215 1380/4141/215 1379/3618/215
f 1380/3620/216 1376/4142/216 1375/3621/216
f 1381/3623/217 1379/4143/217 1375/3624/217
f 1378/3626/218 1376/4144/218 1380/3627/218
f 1384/3629/213 1386/4145/213 1385/3630/213
f 1386/3632/214 1390/4146/214 1389/3633/214
f 1390/3635/215 1388/4147/215 1387/3636/215
f 1388/3638/216 1384/4148/216 1383/3639/216
f 1389/3641/217 1387/4149/217 1383/3642/217
f 1386/3644/218 1384/4150/218 1388/3645/218
f 1392/3647/213 1394/4151/213 1393/3648/213
f 1394/3650/214 1398/4152/214 1397/3651/214
f 1398/3653/215 1396/4153/215 1395/3654/215
f 1396/3656/216 1392/4154/216 1391/3657/216
f 1397/3659/217 1395/4155/217 1391/3660/217
f 1394/3662/218 1392/4156/218 1396/3663/218
f 1400/3665/213 1402/4157/213 1401/3666/213
f 1402/3668/214 1406/4158/214 1405/3669/214
f 1406/3671/215 1404/4159/215 1403/3672/215
f 1404/3674/216 1400/4160/216 1399/3675/216
f 1405/3677/217 1403/4161/217 1399/3678/217
f 1402/3680/218 1400/4162/218 1404/3681/218
f 1408/3683/213 1410/4163/213 1409/3684/213
f 1410/3686/214 1414/4164/214 1413/3687/214
f 1414/3689/215 1412/4165/215 1411/3690/215
f 1412/3692/216 1408/4166/216 1407/3693/216
f 1413/3695/217 1411/4167/217 1407/3696/217
f 1410/3698/218 1408/4168/218 1412/3699/218
f 1416/3701/213 1418/4169/213 1417/3702/213
f 1418/3704/214 1422/4170/214 1421/3705/214
f 1422/3707/215 1420/4171/215 1419/3708/215
f 1420/3710/216 1416/4172/216 1415/3711/216
f 1421/3713/217 1419/4173/217 1415/3714/217
f 1418/3716/218 1416/4174/218 1420/3717/218
f 1424/3719/213 1426/4175/213 1425/3720/213
f 1426/3722/214 1430/4176/214 1429/3723/214
f 1430/3725/215 1428/4177/215 1427/3726/215
f 1428/3728/216 1424/4178/216 1423/3729/216
f 1429/3731/217 1427/4179/217 1423/3732/217
f 1426/3734/218 1424/4180/218 1428/3735/218
f 1432/3737/213 1434/4181/213 1433/3738/213
f 1434/3740/214 1438/4182/214 1437/3741/214
f 1438/3743/215 1436/4183/215 1435/3744/215
f 1436/3746/216 1432/4184/216 1431/3747/216
f 1437/3749/217 1435/4185/217 1431/3750/217
f 1434/3752/218 1432/4186/218 1436/3753/218
f 1440/3755/213 1442/4187/213 1441/3756/213
f 1442/3758/214 1446/4188/214 1445/3759/214
f 1446/3761/215 1444/4189/215 1443/3762/215
f 1444/3764/216 1440/4190/216 1439/3765/216
f 1445/3767/217 1443/4191/217 1439/3768/217
f 1442/3770/218 1440/4192/218 1444/3771/218
f 1448/3773/213 1450/4193/213 1449/3774/213
f 1450/3776/214 1454/4194/214 1453/3777/214
f 1454/3779/215 1452/4195/215 1451/3780/215
f 1452/3782/216 1448/4196/216 1447/3783/216
f 1453/3785/217 1451/4197/217 1447/3786/217
f 1450/3788/218 1448/4198/218 1452/3789/218
f 1456/3791/213 1458/4199/213 1457/3792/213
f 1458/3794/214 1462/4200/214 1461/3795/214
f 1462/3797/215 1460/4201/215 1459/3798/215
f 1460/3800/216 1456/4202/216 1455/3801/216
f 1461/3803/217 1459/4203/217 1455/3804/217
f 1458/3806/218 1456/4204/218 1460/3807/218
f 1464/3809/213 1466/4205/213 1465/3810/213
f 1466/3812/214 1470/4206/214 1469/3813/214
f 1470/3815/215 1468/4207/215 1467/3816/215
f 1468/3818/216 1464/4208/216 1463/3819/216
f 1469/3821/217 1467/4209/217 1463/3822/217
f 1466/3824/218 1464/4210/218 1468/3825/218
f 1472/3827/213 1474/4211/213 1473/3828/213
f 1474/3830/214 1478/4212/214 1477/3831/214
f 1478/3833/215 1476/4213/215 1475/3834/215
f 1476/3836/216 1472/4214/216 1471/3837/216
f 1477/3839/217 1475/4215/217 1471/3840/217
f 1474/3842/218 1472/4216/218 1476/3843/218
f 1480/3845/213 1482/4217/213 1481/3846/213
f 1482/3848/214 1486/4218/214 1485/3849/214
f 1486/3851/215 1484/4219/215 1483/3852/215
f 1484/3854/216 1480/4220/216 1479/3855/216
f 1485/3857/217 1483/4221/217 1479/3858/217
f 1482/3860/218 1480/4222/218 1484/3861/218
f 1488/3863/213 1490/4223/213 1489/3864/213
f 1490/3866/214 1494/4224/214 1493/3867/214
f 1494/3869/215 1492/4225/215 1491/3870/215
f 1492/3872/216 1488/4226/216 1487/3873/216
f 1493/3875/217 1491/4227/217 1487/3876/217
f 1490/3878/218 1488/4228/218 1492/3879/218
f 1496/3881/213 1498/4229/213 1497/3882/213
f 1498/3884/214 1502/4230/214 1501/3885/214
f 1502/3887/215 1500/4231/215 1499/3888/215
f 1500/3890/216 1496/4232/216 1495/3891/216
f 1501/3893/217 1499/4233/217 1495/3894/217
f 1498/3896/218 1496/4234/218 1500/3897/218
f 1504/3899/213 1506/4235/213 1505/3900/213
f 1506/3902/214 1510/4236/214 1509/3903/214
f 1510/3905/215 1508/4237/215 1507/3906/215
f 1508/3908/216 1504/4238/216 1503/3909/216
f 1509/3911/217 1507/4239/217 1503/3912/217
f 1506/3914/218 1504/4240/218 1508/3915/218
f 1512/3917/213 1514/4241/213 1513/3918/213
f 1514/3920/214 1518/4242/214 1517/3921/214
f 1518/3923/215 1516/4243/215 1515/3924/215
f 1516/3926/216 1512/4244/216 1511/3927/216
f 1517/3929/217 1515/4245/217 1511/3930/217
f 1514/3932/218 1512/4246/218 1516/3933/218
f 1520/3935/213 1522/4247/213 1521/3936/213
f 1522/3938/214 1526/4248/214 1525/3939/214
f 1526/3941/215 1524/4249/215 1523/3942/215
f 1524/3944/216 1520/4250/216 1519/3945/216
f 1525/3947/217 1523/4251/217 1519/3948/217
f 1522/3950/218 1520/4252/218 1524/3951/218
f 1528/3953/213 1530/4253/213 1529/3954/213
f 1530/3956/214 1534/4254/214 1533/3957/214
f 1534/3959/215 1532/4255/215 1531/3960/215
f 1532/3962/216 1528/4256/216 1527/3963/216
f 1533/3965/217 1531/4257/217 1527/3966/217
f 1530/3968/218 1528/4258/218 1532/3969/218
f 1536/3971/213 1538/4259/213 1537/3972/213
f 1538/3974/214 1542/4260/214 1541/3975/214
f 1542/3977/215 1540/4261/215 1539/3978/215
f 1540/3980/216 1536/4262/216 1535/3981/216
f 1541/3983/217 1539/4263/217 1535/3984/217
f 1538/3986/218 1536/4264/218 1540/3987/218
o Cube.030_Cube.044
v -207.620377 0.248732 9.278430
v -207.620377 1.148732 9.278430
v -207.620377 0.248732 8.578430
v -207.620377 1.148732 8.578430
v -205.520370 0.248732 9.278429
v -205.520370 1.148732 9.278429
v -205.520370 0.248732 8.578429
v -205.520370 1.148732 8.578429
v -203.420380 0.248732 9.278429
v -203.420380 1.148732 9.278429
v -203.420380 0.248732 8.578428
v -203.420380 1.148732 8.578428
v -201.320374 0.248732 9.278428
v -201.320374 1.148732 9.278428
v -201.320374 0.248732 8.578428
v -201.320374 1.148732 8.578428
v -199.220367 0.248732 9.278427
v -199.220367 1.148732 9.278427
v -199.220367 0.248732 8.578427
v -199.220367 1.148732 8.578427
v -197.120377 0.248732 9.278426
v -197.120377 1.148732 9.278426
v -197.120377 0.248732 8.578426
v -197.120377 1.148732 8.578426
v -195.020370 0.248732 9.278426
v -195.020370 1.148732 9.278426
v -195.020370 0.248732 8.578425
v -195.020370 1.148732 8.578425
v -192.920380 0.248732 9.278425
v -192.920380 1.148732 9.278425
v -192.920380 0.248732 8.578425
v -192.920380 1.148732 8.578425
v -190.820374 0.248732 9.278424
v -190.820374 1.148732 9.278424
v -190.820374 0.248732 8.578424
v -190.820374 1.148732 8.578424
v -188.720367 0.248732 9.278424
v -188.720367 1.148732 9.278424
v -188.720367 0.248732 8.578424
v -188.720367 1.148732 8.578424
v -186.620377 0.248732 9.278423
v -186.620377 1.148732 9.278423
v -186.620377 0.248732 8.578424
v -186.620377 1.148732 8.578424
v -184.520370 0.248732 9.278422
v -184.520370 1.148732 9.278422
v -184.520370 0.248732 8.578423
v -184.520370 1.148732 8.578423
v -182.420380 0.248732 9.278421
v -182.420380 1.148732 9.278421
v -182.420380 0.248732 8.578422
v -182.420380 1.148732 8.578422
v -180.320374 0.248732 9.278421
v -180.320374 1.148732 9.278421
v -180.320374 0.248732 8.578421
v -180.320374 1.148732 8.578421
v -178.220367 0.248732 9.278420
v -178.220367 1.148732 9.278420
v -178.220367 0.248732 8.578421
v -178.220367 1.148732 8.578421
v -176.120377 0.248732 9.278419
v -176.120377 1.148732 9.278419
v -176.120377 0.248732 8.578420
v -176.120377 1.148732 8.578420
v -174.020370 0.248732 9.278419
v -174.020370 1.148732 9.278419
v -174.020370 0.248732 8.578419
v -174.020370 1.148732 8.578419
v -171.920380 0.248732 9.278419
v -171.920380 1.148732 9.278419
v -171.920380 0.248732 8.578419
v -171.920380 1.148732 8.578419
v -169.820374 0.248732 9.278418
v -169.820374 1.148732 9.278418
v -169.820374 0.248732 8.578418
v -169.820374 1.148732 8.578418
v -167.720367 0.248732 9.278417
v -167.720367 1.148732 9.278417
v -167.720367 0.248732 8.578417
v -167.720367 1.148732 8.578417
v -165.620361 0.248732 9.278417
v -165.620361 1.148732 9.278417
v -165.620361 0.248732 8.578416
v -165.620361 1.148732 8.578416
v -163.520370 0.248732 9.278416
v -163.520370 1.148732 9.278416
v -163.520370 0.248732 8.578416
v -163.520370 1.148732 8.578416
v -161.420380 0.248732 9.278415
v -161.420380 1.148732 9.278415
v -161.420380 0.248732 8.578415
v -161.420380 1.148732 8.578415
v -159.320374 0.248732 9.278414
v -159.320374 1.148732 9.278414
v -159.320374 0.248732 8.578414
v -159.320374 1.148732 8.578414
v -157.220367 0.248732 9.278414
v -157.220367 1.148732 9.278414
v -157.220367 0.248732 8.578413
v -157.220367 1.148732 8.578413
v -155.120361 0.248732 9.278413
v -155.120361 1.148732 9.278413
v -155.120361 0.248732 8.578413
v -155.120361 1.148732 8.578413
v -153.020370 0.248732 9.278412
v -153.020370 1.148732 9.278412
v -153.020370 0.248732 8.578412
v -153.020370 1.148732 8.578412
v -150.920364 0.248732 9.278412
v -150.920364 1.148732 9.278412
v -150.920364 0.248732 8.578411
v -150.920364 1.148732 8.578411
v -148.820374 0.248732 9.278411
v -148.820374 1.148732 9.278411
v -148.820374 0.248732 8.578411
v -148.820374 1.148732 8.578411
v -146.720367 0.248732 9.278410
v -146.720367 1.148732 9.278410
v -146.720367 0.248732 8.578410
v -146.720367 1.148732 8.578410
v -144.620361 0.248732 9.278409
v -144.620361 1.148732 9.278409
v -144.620361 0.248732 8.578409
v -144.620361 1.148732 8.578409
v -142.520370 0.248732 9.278409
v -142.520370 1.148732 9.278409
v -142.520370 0.248732 8.578409
v -142.520370 1.148732 8.578409
v -140.420380 0.248732 9.278408
v -140.420380 1.148732 9.278408
v -140.420380 0.248732 8.578408
v -140.420380 1.148732 8.578408
v -138.320374 0.248732 9.278407
v -138.320374 1.148732 9.278407
v -138.320374 0.248732 8.578407
v -138.320374 1.148732 8.578407
v -136.220367 0.248732 9.278407
v -136.220367 1.148732 9.278407
v -136.220367 0.248732 8.578406
v -136.220367 1.148732 8.578406
v -134.120361 0.248732 9.278406
v -134.120361 1.148732 9.278406
v -134.120361 0.248732 8.578406
v -134.120361 1.148732 8.578406
v -132.020370 0.248732 9.278405
v -132.020370 1.148732 9.278405
v -132.020370 0.248732 8.578405
v -132.020370 1.148732 8.578405
v -129.920380 0.248732 9.278404
v -129.920380 1.148732 9.278404
v -129.920380 0.248732 8.578404
v -129.920380 1.148732 8.578404
v -127.820366 0.248732 9.278404
v -127.820366 1.148732 9.278404
v -127.820366 0.248732 8.578403
v -127.820366 1.148732 8.578403
v -125.720367 0.248732 9.278403
v -125.720367 1.148732 9.278403
v -125.720367 0.248732 8.578403
v -125.720367 1.148732 8.578403
v -123.620369 0.248732 9.278402
v -123.620369 1.148732 9.278402
v -123.620369 0.248732 8.578403
v -123.620369 1.148732 8.578403
v -121.520370 0.248732 9.278402
v -121.520370 1.148732 9.278402
v -121.520370 0.248732 8.578402
v -121.520370 1.148732 8.578402
v -119.420364 0.248732 9.278401
v -119.420364 1.148732 9.278401
v -119.420364 0.248732 8.578402
v -119.420364 1.148732 8.578402
v -117.320366 0.248732 9.278400
v -117.320366 1.148732 9.278400
v -117.320366 0.248732 8.578401
v -117.320366 1.148732 8.578401
v -115.220367 0.248732 9.278399
v -115.220367 1.148732 9.278399
v -115.220367 0.248732 8.578400
v -115.220367 1.148732 8.578400
v -113.120369 0.248732 9.278399
v -113.120369 1.148732 9.278399
v -113.120369 0.248732 8.578399
v -113.120369 1.148732 8.578399
v -111.020370 0.248732 9.278399
v -111.020370 1.148732 9.278399
v -111.020370 0.248732 8.578399
v -111.020370 1.148732 8.578399
v -108.920364 0.248732 9.278398
v -108.920364 1.148732 9.278398
v -108.920364 0.248732 8.578398
v -108.920364 1.148732 8.578398
v -106.820366 0.248732 9.278398
v -106.820366 1.148732 9.278398
v -106.820366 0.248732 8.578397
v -106.820366 1.148732 8.578397
v -104.720367 0.248732 9.278397
v -104.720367 1.148732 9.278397
v -104.720367 0.248732 8.578397
v -104.720367 1.148732 8.578397
v -102.620369 0.248732 9.278396
v -102.620369 1.148732 9.278396
v -102.620369 0.248732 8.578396
v -102.620369 1.148732 8.578396
v -100.520363 0.248732 9.278395
v -100.520363 1.148732 9.278395
v -100.520363 0.248732 8.578395
v -100.520363 1.148732 8.578395
v -98.420364 0.248732 9.278395
v -98.420364 1.148732 9.278395
v -98.420364 0.248732 8.578394
v -98.420364 1.148732 8.578394
v -96.320366 0.248732 9.278394
v -96.320366 1.148732 9.278394
v -96.320366 0.248732 8.578394
v -96.320366 1.148732 8.578394
v -94.220367 0.248732 9.278393
v -94.220367 1.148732 9.278393
v -94.220367 0.248732 8.578393
v -94.220367 1.148732 8.578393
v -92.120369 0.248732 9.278393
v -92.120369 1.148732 9.278393
v -92.120369 0.248732 8.578392
v -92.120369 1.148732 8.578392
v -90.020363 0.248732 9.278392
v -90.020363 1.148732 9.278392
v -90.020363 0.248732 8.578392
v -90.020363 1.148732 8.578392
v -87.920364 0.248732 9.278391
v -87.920364 1.148732 9.278391
v -87.920364 0.248732 8.578391
v -87.920364 1.148732 8.578391
v -85.820366 0.248732 9.278390
v -85.820366 1.148732 9.278390
v -85.820366 0.248732 8.578390
v -85.820366 1.148732 8.578390
v -83.720367 0.248732 9.278390
v -83.720367 1.148732 9.278390
v -83.720367 0.248732 8.578389
v -83.720367 1.148732 8.578389
v -81.620361 0.248732 9.278389
v -81.620361 1.148732 9.278389
v -81.620361 0.248732 8.578389
v -81.620361 1.148732 8.578389
v -79.520363 0.248732 9.278388
v -79.520363 1.148732 9.278388
v -79.520363 0.248732 8.578388
v -79.520363 1.148732 8.578388
v -77.420364 0.248732 9.278387
v -77.420364 1.148732 9.278387
v -77.420364 0.248732 8.578387
v -77.420364 1.148732 8.578387
v -75.320358 0.248732 9.278387
v -75.320358 1.148732 9.278387
v -75.320358 0.248732 8.578387
v -75.320358 1.148732 8.578387
v -73.220367 0.248732 9.278386
v -73.220367 1.148732 9.278386
v -73.220367 0.248732 8.578386
v -73.220367 1.148732 8.578386
v -71.120361 0.248732 9.278385
v -71.120361 1.148732 9.278385
v -71.120361 0.248732 8.578385
v -71.120361 1.148732 8.578385
v -69.020370 0.248732 9.278385
v -69.020370 1.148732 9.278385
v -69.020370 0.248732 8.578384
v -69.020370 1.148732 8.578384
v -66.920364 0.248732 9.278384
v -66.920364 1.148732 9.278384
v -66.920364 0.248732 8.578384
v -66.920364 1.148732 8.578384
v -64.820358 0.248732 9.278383
v -64.820358 1.148732 9.278383
v -64.820358 0.248732 8.578383
v -64.820358 1.148732 8.578383
v -62.720367 0.248732 9.278382
v -62.720367 1.148732 9.278382
v -62.720367 0.248732 8.578382
v -62.720367 1.148732 8.578382
v -60.620361 0.248732 9.278382
v -60.620361 1.148732 9.278382
v -60.620361 0.248732 8.578382
v -60.620361 1.148732 8.578382
v -58.520370 0.248732 9.278381
v -58.520370 1.148732 9.278381
v -58.520370 0.248732 8.578382
v -58.520370 1.148732 8.578382
v -56.420364 0.248732 9.278380
v -56.420364 1.148732 9.278380
v -56.420364 0.248732 8.578381
v -56.420364 1.148732 8.578381
v -54.320358 0.248732 9.278380
v -54.320358 1.148732 9.278380
v -54.320358 0.248732 8.578380
v -54.320358 1.148732 8.578380
v -52.220367 0.248732 9.278379
v -52.220367 1.148732 9.278379
v -52.220367 0.248732 8.578380
v -52.220367 1.148732 8.578380
v -50.120361 0.248732 9.278378
v -50.120361 1.148732 9.278378
v -50.120361 0.248732 8.578379
v -50.120361 1.148732 8.578379
v -48.020355 0.248732 9.278378
v -48.020355 1.148732 9.278378
v -48.020355 0.248732 8.578378
v -48.020355 1.148732 8.578378
v -45.920364 0.248732 9.278378
v -45.920364 1.148732 9.278378
v -45.920364 0.248732 8.578377
v -45.920364 1.148732 8.578377
v -43.820358 0.248732 9.278377
v -43.820358 1.148732 9.278377
v -43.820358 0.248732 8.578377
v -43.820358 1.148732 8.578377
v -41.720367 0.248732 9.278376
v -41.720367 1.148732 9.278376
v -41.720367 0.248732 8.578376
v -41.720367 1.148732 8.578376
v -39.620361 0.248732 9.278376
v -39.620361 1.148732 9.278376
v -39.620361 0.248732 8.578375
v -39.620361 1.148732 8.578375
v -37.520355 0.248732 9.278375
v -37.520355 1.148732 9.278375
v -37.520355 0.248732 8.578375
v -37.520355 1.148732 8.578375
v -35.420364 0.248732 9.278374
v -35.420364 1.148732 9.278374
v -35.420364 0.248732 8.578374
v -35.420364 1.148732 8.578374
v -33.320358 0.248732 9.278373
v -33.320358 1.148732 9.278373
v -33.320358 0.248732 8.578373
v -33.320358 1.148732 8.578373
v -31.220367 0.248732 9.278373
v -31.220367 1.148732 9.278373
v -31.220367 0.248732 8.578372
v -31.220367 1.148732 8.578372
v -29.120361 0.248732 9.278372
v -29.120361 1.148732 9.278372
v -29.120361 0.248732 8.578372
v -29.120361 1.148732 8.578372
v -27.020355 0.248732 9.278371
v -27.020355 1.148732 9.278371
v -27.020355 0.248732 8.578371
v -27.020355 1.148732 8.578371
v -24.920364 0.248732 9.278371
v -24.920364 1.148732 9.278371
v -24.920364 0.248732 8.578370
v -24.920364 1.148732 8.578370
v -22.820358 0.248732 9.278370
v -22.820358 1.148732 9.278370
v -22.820358 0.248732 8.578370
v -22.820358 1.148732 8.578370
v -20.720367 0.248732 9.278369
v -20.720367 1.148732 9.278369
v -20.720367 0.248732 8.578369
v -20.720367 1.148732 8.578369
v -18.620361 0.248732 9.278368
v -18.620361 1.148732 9.278368
v -18.620361 0.248732 8.578368
v -18.620361 1.148732 8.578368
v -16.520355 0.248732 9.278368
v -16.520355 1.148732 9.278368
v -16.520355 0.248732 8.578367
v -16.520355 1.148732 8.578367
vt 0.391896 0.674963
vt 0.383894 0.666961
vt 0.391896 0.666961
vt 0.674406 0.669225
vt 0.666404 0.661223
vt 0.674406 0.661223
vt 0.674406 0.650391
vt 0.666404 0.642389
vt 0.674406 0.642389
vt 0.674406 0.612723
vt 0.666404 0.604721
vt 0.674406 0.604721
vt 0.674406 0.567053
vt 0.666404 0.575055
vt 0.666404 0.567053
vt 0.674406 0.548219
vt 0.666404 0.556221
vt 0.666404 0.548219
vt 0.674406 0.537387
vt 0.666404 0.529385
vt 0.674406 0.529385
vt 0.731994 0.145256
vt 0.723992 0.137254
vt 0.731994 0.137254
vt 0.674406 0.499719
vt 0.666404 0.491717
vt 0.674406 0.491717
vt 0.168170 0.732831
vt 0.160168 0.724829
vt 0.168170 0.724829
vt 0.187004 0.724829
vt 0.179002 0.732831
vt 0.179002 0.724829
vt 0.448398 0.729377
vt 0.440396 0.737380
vt 0.440396 0.729377
vt 0.674406 0.462051
vt 0.666404 0.454049
vt 0.674406 0.454049
vt 0.051086 0.738296
vt 0.043084 0.730294
vt 0.051086 0.730294
vt 0.674406 0.443217
vt 0.666404 0.435215
vt 0.674406 0.435215
vt 0.088754 0.738296
vt 0.080752 0.730294
vt 0.088754 0.730294
vt 0.107588 0.730294
vt 0.099586 0.738296
vt 0.099586 0.730294
vt 0.126422 0.730294
vt 0.118420 0.738296
vt 0.118420 0.730294
vt 0.674406 0.424383
vt 0.666404 0.416381
vt 0.674406 0.416381
vt 0.013418 0.740606
vt 0.005416 0.732604
vt 0.013418 0.732604
vt 0.674406 0.386715
vt 0.666404 0.378713
vt 0.674406 0.378713
vt 0.743375 0.262544
vt 0.735372 0.254541
vt 0.743375 0.254541
vt 0.743375 0.273375
vt 0.735372 0.281378
vt 0.735372 0.273375
vt 0.743375 0.292209
vt 0.735372 0.300212
vt 0.735372 0.292209
vt 0.674406 0.220387
vt 0.666404 0.212384
vt 0.674406 0.212384
vt 0.956916 0.220387
vt 0.948914 0.212384
vt 0.956916 0.212384
vt 0.410730 0.674006
vt 0.402728 0.666004
vt 0.410730 0.666004
vt 0.956916 0.201553
vt 0.948914 0.193550
vt 0.956916 0.193550
vt 0.956916 0.174717
vt 0.948914 0.182719
vt 0.948914 0.174717
vt 0.243506 0.948807
vt 0.235504 0.956809
vt 0.235504 0.948807
vt 0.297775 0.672477
vt 0.289773 0.664475
vt 0.297775 0.664475
vt 0.224672 0.956809
vt 0.216670 0.948807
vt 0.224672 0.948807
vt 0.668039 0.300212
vt 0.660036 0.292209
vt 0.668039 0.292209
vt 0.205838 0.956809
vt 0.197836 0.948807
vt 0.205838 0.948807
vt 0.410730 0.948514
vt 0.402728 0.956516
vt 0.402728 0.948514
vt 0.262340 0.948278
vt 0.254338 0.956280
vt 0.254338 0.948278
vt 0.668039 0.262544
vt 0.660036 0.254541
vt 0.668039 0.254541
vt 0.297775 0.954987
vt 0.289773 0.946985
vt 0.297775 0.946985
vt 0.126422 0.662960
vt 0.118420 0.654958
vt 0.126422 0.654958
vt 0.316609 0.954537
vt 0.308607 0.946535
vt 0.316609 0.946535
vt 0.354276 0.946312
vt 0.346274 0.954315
vt 0.346274 0.946312
vt 0.938082 0.943733
vt 0.930080 0.951735
vt 0.930080 0.943733
vt 0.107588 0.662960
vt 0.099586 0.654958
vt 0.107588 0.654958
vt 0.919248 0.951735
vt 0.911246 0.943733
vt 0.919248 0.943733
vt 0.051086 0.662960
vt 0.043084 0.654958
vt 0.051086 0.654958
vt 0.900414 0.951735
vt 0.892412 0.943733
vt 0.900414 0.943733
vt 0.881580 0.943733
vt 0.873578 0.951735
vt 0.873578 0.943733
vt 0.862746 0.943733
vt 0.854744 0.951735
vt 0.854744 0.943733
vt 0.187004 0.657495
vt 0.179002 0.649493
vt 0.187004 0.649493
vt 0.749742 0.182719
vt 0.741740 0.174717
vt 0.749742 0.174717
vt 0.168170 0.657495
vt 0.160168 0.649493
vt 0.168170 0.649493
vt 0.749742 0.220387
vt 0.741740 0.212384
vt 0.749742 0.212384
vt 0.749742 0.359879
vt 0.741740 0.367881
vt 0.741740 0.359879
vt 0.749742 0.378713
vt 0.741740 0.386715
vt 0.741740 0.378713
vt 0.656658 0.145256
vt 0.648656 0.137254
vt 0.656658 0.137254
vt 0.749742 0.424383
vt 0.741740 0.416381
vt 0.749742 0.416381
vt 0.391896 0.656129
vt 0.383894 0.648127
vt 0.391896 0.648127
vt 0.749742 0.462051
vt 0.741740 0.454049
vt 0.749742 0.454049
vt 0.749742 0.472883
vt 0.741740 0.480885
vt 0.741740 0.472883
vt 0.749742 0.491717
vt 0.741740 0.499719
vt 0.741740 0.491717
vt 0.655572 0.650391
vt 0.647570 0.642389
vt 0.655572 0.642389
vt 0.749742 0.537387
vt 0.741740 0.529385
vt 0.749742 0.529385
vt 0.655572 0.631557
vt 0.647570 0.623555
vt 0.655572 0.623555
vt 0.749742 0.575055
vt 0.741740 0.567053
vt 0.749742 0.567053
vt 0.749742 0.585887
vt 0.741740 0.593889
vt 0.741740 0.585887
vt 0.749742 0.604721
vt 0.741740 0.612723
vt 0.741740 0.604721
vt 0.655572 0.593889
vt 0.647570 0.585887
vt 0.655572 0.585887
vt 0.749742 0.650391
vt 0.741740 0.642389
vt 0.749742 0.642389
vt 0.655572 0.556221
vt 0.647570 0.548219
vt 0.655572 0.548219
vt 0.749742 0.688059
vt 0.741740 0.680057
vt 0.749742 0.680057
vt 0.749742 0.698891
vt 0.741740 0.706893
vt 0.741740 0.698891
vt 0.749742 0.717725
vt 0.741740 0.725727
vt 0.741740 0.717725
vt 0.655572 0.537387
vt 0.647570 0.529385
vt 0.655572 0.529385
vt 0.391896 0.750299
vt 0.383894 0.742297
vt 0.391896 0.742297
vt 0.655572 0.518553
vt 0.647570 0.510551
vt 0.655572 0.510551
vt 0.750828 0.032252
vt 0.742826 0.024250
vt 0.750828 0.024250
vt 0.750828 0.043084
vt 0.742826 0.051086
vt 0.742826 0.043084
vt 0.750828 0.061918
vt 0.742826 0.069920
vt 0.742826 0.061918
vt 0.655572 0.480885
vt 0.647570 0.472883
vt 0.655572 0.472883
vt 0.750828 0.107588
vt 0.742826 0.099586
vt 0.750828 0.099586
vt 0.655572 0.443217
vt 0.647570 0.435215
vt 0.655572 0.435215
vt 0.750828 0.145256
vt 0.742826 0.137254
vt 0.750828 0.137254
vt 0.149336 0.743663
vt 0.141334 0.751665
vt 0.141334 0.743663
vt 0.168170 0.743663
vt 0.160168 0.751665
vt 0.160168 0.743663
vt 0.655572 0.424383
vt 0.647570 0.416381
vt 0.655572 0.416381
vt 0.448398 0.756213
vt 0.440396 0.748211
vt 0.448398 0.748211
vt 0.655572 0.405549
vt 0.647570 0.397547
vt 0.655572 0.397547
vt 0.051086 0.757130
vt 0.043084 0.749128
vt 0.051086 0.749128
vt 0.069920 0.749128
vt 0.061918 0.757130
vt 0.061918 0.749128
vt 0.088754 0.749128
vt 0.080752 0.757130
vt 0.080752 0.749128
vt 0.655572 0.367881
vt 0.647570 0.359879
vt 0.655572 0.359879
vt 0.126422 0.757130
vt 0.118420 0.749128
vt 0.126422 0.749128
vt 0.655572 0.201553
vt 0.647570 0.193550
vt 0.655572 0.193550
vt 0.013418 0.759440
vt 0.005416 0.751438
vt 0.013418 0.751438
vt 0.762209 0.235707
vt 0.754206 0.243710
vt 0.754206 0.235707
vt 0.762209 0.254541
vt 0.754206 0.262544
vt 0.754206 0.254541
vt 0.655572 0.182719
vt 0.647570 0.174717
vt 0.655572 0.174717
vt 0.762209 0.300212
vt 0.754206 0.292209
vt 0.762209 0.292209
vt 0.243506 0.655465
vt 0.235504 0.647463
vt 0.243506 0.647463
vt 0.762209 0.337880
vt 0.754206 0.329877
vt 0.762209 0.329877
vt 0.467232 0.755393
vt 0.459230 0.763395
vt 0.459230 0.755393
vt 0.486066 0.755393
vt 0.478064 0.763395
vt 0.478064 0.755393
vt 0.205838 0.655465
vt 0.197836 0.647463
vt 0.205838 0.647463
vt 0.523734 0.763395
vt 0.515732 0.755393
vt 0.523734 0.755393
vt 0.262340 0.654936
vt 0.254338 0.646934
vt 0.262340 0.646934
vt 0.561402 0.763395
vt 0.553400 0.755393
vt 0.561402 0.755393
vt 0.580236 0.755393
vt 0.572234 0.763395
vt 0.572234 0.755393
vt 0.599070 0.755393
vt 0.591068 0.763395
vt 0.591068 0.755393
vt 0.297775 0.653643
vt 0.289773 0.645641
vt 0.297775 0.645641
vt 0.636738 0.763395
vt 0.628736 0.755393
vt 0.636738 0.755393
vt 0.316609 0.653193
vt 0.308607 0.645191
vt 0.316609 0.645191
vt 0.674406 0.763395
vt 0.666404 0.755393
vt 0.674406 0.755393
vt 0.693240 0.755393
vt 0.685238 0.763395
vt 0.685238 0.755393
vt 0.712074 0.755393
vt 0.704072 0.763395
vt 0.704072 0.755393
vt 0.636738 0.650391
vt 0.628736 0.642389
vt 0.636738 0.642389
vt 0.843912 0.951735
vt 0.835910 0.943733
vt 0.843912 0.943733
vt 0.599070 0.650391
vt 0.591068 0.642389
vt 0.599070 0.642389
vt 0.825078 0.951735
vt 0.817076 0.943733
vt 0.825078 0.943733
vt 0.806244 0.943733
vt 0.798242 0.951735
vt 0.798242 0.943733
vt 0.787410 0.943733
vt 0.779408 0.951735
vt 0.779408 0.943733
vt 0.561402 0.650391
vt 0.553400 0.642389
vt 0.561402 0.642389
vt 0.768576 0.951735
vt 0.760574 0.943733
vt 0.768576 0.943733
vt 0.486066 0.650391
vt 0.478064 0.642389
vt 0.486066 0.642389
vt 0.749742 0.951735
vt 0.741740 0.943733
vt 0.749742 0.943733
vt 0.730908 0.943733
vt 0.722906 0.951735
vt 0.722906 0.943733
vt 0.712074 0.943733
vt 0.704072 0.951735
vt 0.704072 0.943733
vt 0.467232 0.650391
vt 0.459230 0.642389
vt 0.467232 0.642389
vt 0.693240 0.951735
vt 0.685238 0.943733
vt 0.693240 0.943733
vt 0.649205 0.300212
vt 0.641202 0.292209
vt 0.649205 0.292209
vt 0.674406 0.951735
vt 0.666404 0.943733
vt 0.674406 0.943733
vt 0.655572 0.943733
vt 0.647570 0.951735
vt 0.647570 0.943733
vt 0.636738 0.943733
vt 0.628736 0.951735
vt 0.628736 0.943733
vt 0.649205 0.243710
vt 0.641202 0.235707
vt 0.649205 0.235707
vt 0.617904 0.951735
vt 0.609902 0.943733
vt 0.617904 0.943733
vt 0.013418 0.646436
vt 0.005416 0.638434
vt 0.013418 0.638434
vt 0.599070 0.951735
vt 0.591068 0.943733
vt 0.599070 0.943733
vt 0.580236 0.943733
vt 0.572234 0.951735
vt 0.572234 0.943733
vt 0.561402 0.943733
vt 0.553400 0.951735
vt 0.553400 0.943733
vt 0.088754 0.644126
vt 0.080752 0.636124
vt 0.088754 0.636124
vt 0.768576 0.593889
vt 0.760574 0.585887
vt 0.768576 0.585887
vt 0.051086 0.644126
vt 0.043084 0.636124
vt 0.051086 0.636124
vt 0.768576 0.631557
vt 0.760574 0.623555
vt 0.768576 0.623555
vt 0.768576 0.642389
vt 0.760574 0.650391
vt 0.760574 0.642389
vt 0.768576 0.661223
vt 0.760574 0.669225
vt 0.760574 0.661223
vt 0.448398 0.643210
vt 0.440396 0.635207
vt 0.448398 0.635207
vt 0.768576 0.706893
vt 0.760574 0.698891
vt 0.768576 0.698891
vt 0.168170 0.638661
vt 0.160168 0.630659
vt 0.168170 0.630659
vt 0.768576 0.744561
vt 0.760574 0.736559
vt 0.768576 0.736559
vt 0.768576 0.755393
vt 0.760574 0.763395
vt 0.760574 0.755393
vt 0.391896 0.761131
vt 0.383894 0.769133
vt 0.383894 0.761131
vt 0.636738 0.612723
vt 0.628736 0.604721
vt 0.636738 0.604721
vt 0.769662 0.032252
vt 0.761660 0.024250
vt 0.769662 0.024250
vt 0.636738 0.575055
vt 0.628736 0.567053
vt 0.636738 0.567053
vt 0.769662 0.069920
vt 0.761660 0.061918
vt 0.769662 0.061918
vt 0.769662 0.080752
vt 0.761660 0.088754
vt 0.761660 0.080752
vt 0.769662 0.099586
vt 0.761660 0.107588
vt 0.761660 0.099586
vt 0.636738 0.537387
vt 0.628736 0.529385
vt 0.636738 0.529385
vt 0.769662 0.145256
vt 0.761660 0.137254
vt 0.769662 0.137254
vt 0.636738 0.499719
vt 0.628736 0.491717
vt 0.636738 0.491717
vt 0.168170 0.770499
vt 0.160168 0.762497
vt 0.168170 0.762497
vt 0.187004 0.762497
vt 0.179002 0.770499
vt 0.179002 0.762497
vt 0.448398 0.767045
vt 0.440396 0.775047
vt 0.440396 0.767045
vt 0.636738 0.480885
vt 0.628736 0.472883
vt 0.636738 0.472883
vt 0.051086 0.775964
vt 0.043084 0.767962
vt 0.051086 0.767962
vt 0.636738 0.462051
vt 0.628736 0.454049
vt 0.636738 0.454049
vt 0.088754 0.775964
vt 0.080752 0.767962
vt 0.088754 0.767962
vt 0.107588 0.767962
vt 0.099586 0.775964
vt 0.099586 0.767962
vt 0.126422 0.767962
vt 0.118420 0.775964
vt 0.118420 0.767962
vt 0.636738 0.424383
vt 0.628736 0.416381
vt 0.636738 0.416381
vt 0.013418 0.778274
vt 0.005416 0.770272
vt 0.013418 0.770272
vt 0.636738 0.386715
vt 0.628736 0.378713
vt 0.636738 0.378713
vt 0.781043 0.262544
vt 0.773040 0.254541
vt 0.781043 0.254541
vt 0.781043 0.273375
vt 0.773040 0.281378
vt 0.773040 0.273375
vt 0.781043 0.292209
vt 0.773040 0.300212
vt 0.773040 0.292209
vt 0.636738 0.367881
vt 0.628736 0.359879
vt 0.636738 0.359879
vt 0.781043 0.337880
vt 0.773040 0.329877
vt 0.781043 0.329877
vt 0.636738 0.220387
vt 0.628736 0.212384
vt 0.636738 0.212384
vt 0.486066 0.782229
vt 0.478064 0.774227
vt 0.486066 0.774227
vt 0.504900 0.774227
vt 0.496898 0.782229
vt 0.496898 0.774227
vt 0.523734 0.774227
vt 0.515732 0.782229
vt 0.515732 0.774227
vt 0.636738 0.182719
vt 0.628736 0.174717
vt 0.636738 0.174717
vt 0.561402 0.782229
vt 0.553400 0.774227
vt 0.561402 0.774227
vt 0.224672 0.636631
vt 0.216670 0.628629
vt 0.224672 0.628629
vt 0.599070 0.782229
vt 0.591068 0.774227
vt 0.599070 0.774227
vt 0.617904 0.774227
vt 0.609902 0.782229
vt 0.609902 0.774227
vt 0.636738 0.774227
vt 0.628736 0.782229
vt 0.628736 0.774227
vt 0.205838 0.636631
vt 0.197836 0.628629
vt 0.205838 0.628629
vt 0.674406 0.782229
vt 0.666404 0.774227
vt 0.674406 0.774227
vt 0.410730 0.636338
vt 0.402728 0.628336
vt 0.410730 0.628336
vt 0.712074 0.782229
vt 0.704072 0.774227
vt 0.712074 0.774227
vt 0.730908 0.774227
vt 0.722906 0.782229
vt 0.722906 0.774227
vt 0.749742 0.774227
vt 0.741740 0.782229
vt 0.741740 0.774227
vt 0.297775 0.634809
vt 0.289773 0.626807
vt 0.297775 0.626807
vt 0.354276 0.784809
vt 0.346274 0.776806
vt 0.354276 0.776806
vt 0.354276 0.634137
vt 0.346274 0.626134
vt 0.354276 0.626134
vt 0.297775 0.785481
vt 0.289773 0.777479
vt 0.297775 0.777479
vt 0.262340 0.778772
vt 0.254338 0.786774
vt 0.254338 0.778772
vt 0.410730 0.779008
vt 0.402728 0.787010
vt 0.402728 0.779008
vt 0.617904 0.631557
vt 0.609902 0.623555
vt 0.617904 0.623555
vt 0.224672 0.787303
vt 0.216670 0.779301
vt 0.224672 0.779301
vt 0.599070 0.631557
vt 0.591068 0.623555
vt 0.599070 0.623555
vt 0.787410 0.182719
vt 0.779408 0.174717
vt 0.787410 0.174717
vt 0.787410 0.193550
vt 0.779408 0.201553
vt 0.779408 0.193550
vt 0.787410 0.212384
vt 0.779408 0.220387
vt 0.779408 0.212384
vt 0.561402 0.631557
vt 0.553400 0.623555
vt 0.561402 0.623555
vt 0.542568 0.951735
vt 0.534566 0.943733
vt 0.542568 0.943733
vt 0.504900 0.631557
vt 0.496898 0.623555
vt 0.504900 0.623555
vt 0.523734 0.951735
vt 0.515732 0.943733
vt 0.523734 0.943733
vt 0.504900 0.943733
vt 0.496898 0.951735
vt 0.496898 0.943733
vt 0.486066 0.943733
vt 0.478064 0.951735
vt 0.478064 0.943733
vt 0.486066 0.631557
vt 0.478064 0.623555
vt 0.486066 0.623555
vt 0.467232 0.951735
vt 0.459230 0.943733
vt 0.467232 0.943733
vt 0.630371 0.300212
vt 0.622368 0.292209
vt 0.630371 0.292209
vt 0.950549 0.337880
vt 0.942546 0.329877
vt 0.950549 0.329877
vt 0.950549 0.311043
vt 0.942546 0.319046
vt 0.942546 0.311043
vt 0.950549 0.292209
vt 0.942546 0.300212
vt 0.942546 0.292209
vt 0.630371 0.262544
vt 0.622368 0.254541
vt 0.630371 0.254541
vt 0.950549 0.281378
vt 0.942546 0.273375
vt 0.950549 0.273375
vt 0.013418 0.627602
vt 0.005416 0.619600
vt 0.013418 0.619600
vt 0.950549 0.262544
vt 0.942546 0.254541
vt 0.950549 0.254541
vt 0.950549 0.235707
vt 0.942546 0.243710
vt 0.942546 0.235707
vt 0.013418 0.939778
vt 0.005416 0.947780
vt 0.005416 0.939778
vt 0.107588 0.625292
vt 0.099586 0.617290
vt 0.107588 0.617290
vt 0.429564 0.945957
vt 0.421562 0.937955
vt 0.429564 0.937955
vt 0.051086 0.625292
vt 0.043084 0.617290
vt 0.051086 0.617290
vt 0.126422 0.945470
vt 0.118420 0.937468
vt 0.126422 0.937468
vt 0.107588 0.937468
vt 0.099586 0.945470
vt 0.099586 0.937468
vt 0.088754 0.937468
vt 0.080752 0.945470
vt 0.080752 0.937468
vt 0.448398 0.624376
vt 0.440396 0.616373
vt 0.448398 0.616373
vt 0.788496 0.032252
vt 0.780494 0.024250
vt 0.788496 0.024250
vt 0.187004 0.619827
vt 0.179002 0.611825
vt 0.187004 0.611825
vt 0.788496 0.069920
vt 0.780494 0.061918
vt 0.788496 0.061918
vt 0.788496 0.080752
vt 0.780494 0.088754
vt 0.780494 0.080752
vt 0.788496 0.099586
vt 0.780494 0.107588
vt 0.780494 0.099586
vt 0.168170 0.619827
vt 0.160168 0.611825
vt 0.168170 0.611825
vt 0.788496 0.145256
vt 0.780494 0.137254
vt 0.788496 0.137254
vt 0.618990 0.145256
vt 0.610988 0.137254
vt 0.618990 0.137254
vt 0.168170 0.789333
vt 0.160168 0.781331
vt 0.168170 0.781331
vt 0.187004 0.781331
vt 0.179002 0.789333
vt 0.179002 0.781331
vt 0.448398 0.785879
vt 0.440396 0.793882
vt 0.440396 0.785879
vt 0.618990 0.107588
vt 0.610988 0.099586
vt 0.618990 0.099586
vt 0.051086 0.794798
vt 0.043084 0.786796
vt 0.051086 0.786796
vt 0.618990 0.088754
vt 0.610988 0.080752
vt 0.618990 0.080752
vt 0.088754 0.794798
vt 0.080752 0.786796
vt 0.088754 0.786796
vt 0.107588 0.786796
vt 0.099586 0.794798
vt 0.099586 0.786796
vt 0.126422 0.786796
vt 0.118420 0.794798
vt 0.118420 0.786796
vt 0.618990 0.069920
vt 0.610988 0.061918
vt 0.618990 0.061918
vt 0.013418 0.797108
vt 0.005416 0.789106
vt 0.013418 0.789106
vt 0.618990 0.032252
vt 0.610988 0.024250
vt 0.618990 0.024250
vt 0.799877 0.262544
vt 0.791874 0.254541
vt 0.799877 0.254541
vt 0.799877 0.273375
vt 0.791874 0.281378
vt 0.791874 0.273375
vt 0.799877 0.292209
vt 0.791874 0.300212
vt 0.791874 0.292209
vt 0.391896 0.618461
vt 0.383894 0.610459
vt 0.391896 0.610459
vt 0.799877 0.337880
vt 0.791874 0.329877
vt 0.799877 0.329877
vt 0.617904 0.612723
vt 0.609902 0.604721
vt 0.617904 0.604721
vt 0.486066 0.801063
vt 0.478064 0.793061
vt 0.486066 0.793061
vt 0.504900 0.793061
vt 0.496898 0.801063
vt 0.496898 0.793061
vt 0.523734 0.793061
vt 0.515732 0.801063
vt 0.515732 0.793061
vt 0.617904 0.593889
vt 0.609902 0.585887
vt 0.617904 0.585887
vt 0.561402 0.801063
vt 0.553400 0.793061
vt 0.561402 0.793061
vt 0.617904 0.556221
vt 0.609902 0.548219
vt 0.617904 0.548219
vt 0.599070 0.801063
vt 0.591068 0.793061
vt 0.599070 0.793061
vt 0.617904 0.793061
vt 0.609902 0.801063
vt 0.609902 0.793061
vt 0.636738 0.793061
vt 0.628736 0.801063
vt 0.628736 0.793061
vt 0.617904 0.518553
vt 0.609902 0.510551
vt 0.617904 0.510551
vt 0.674406 0.801063
vt 0.666404 0.793061
vt 0.674406 0.793061
vt 0.617904 0.499719
vt 0.609902 0.491717
vt 0.617904 0.491717
vt 0.712074 0.801063
vt 0.704072 0.793061
vt 0.712074 0.793061
vt 0.730908 0.793061
vt 0.722906 0.801063
vt 0.722906 0.793061
vt 0.749742 0.793061
vt 0.741740 0.801063
vt 0.741740 0.793061
vt 0.617904 0.480885
vt 0.609902 0.472883
vt 0.617904 0.472883
vt 0.787410 0.801063
vt 0.779408 0.793061
vt 0.787410 0.793061
vt 0.617904 0.443217
vt 0.609902 0.435215
vt 0.617904 0.435215
vt 0.316609 0.803865
vt 0.308607 0.795863
vt 0.316609 0.795863
vt 0.297775 0.796313
vt 0.289773 0.804315
vt 0.289773 0.796313
vt 0.262340 0.797606
vt 0.254338 0.805608
vt 0.254338 0.797606
vt 0.383894 0.674963
vt 0.666404 0.669225
vt 0.666404 0.650391
vt 0.666404 0.612723
vt 0.674406 0.575055
vt 0.674406 0.556221
vt 0.666404 0.537387
vt 0.723992 0.145256
vt 0.666404 0.499719
vt 0.160168 0.732831
vt 0.187004 0.732831
vt 0.448398 0.737380
vt 0.666404 0.462051
vt 0.043084 0.738296
vt 0.666404 0.443217
vt 0.080752 0.738296
vt 0.107588 0.738296
vt 0.126422 0.738296
vt 0.666404 0.424383
vt 0.005416 0.740606
vt 0.666404 0.386715
vt 0.735372 0.262544
vt 0.743375 0.281378
vt 0.743375 0.300212
vt 0.666404 0.220387
vt 0.948914 0.220387
vt 0.402728 0.674006
vt 0.948914 0.201553
vt 0.956916 0.182719
vt 0.243506 0.956809
vt 0.289773 0.672477
vt 0.216670 0.956809
vt 0.660036 0.300212
vt 0.197836 0.956809
vt 0.410730 0.956516
vt 0.262340 0.956280
vt 0.660036 0.262544
vt 0.289773 0.954987
vt 0.118420 0.662960
vt 0.308607 0.954537
vt 0.354276 0.954315
vt 0.938082 0.951735
vt 0.099586 0.662960
vt 0.911246 0.951735
vt 0.043084 0.662960
vt 0.892412 0.951735
vt 0.881580 0.951735
vt 0.862746 0.951735
vt 0.179002 0.657495
vt 0.741740 0.182719
vt 0.160168 0.657495
vt 0.741740 0.220387
vt 0.749742 0.367881
vt 0.749742 0.386715
vt 0.648656 0.145256
vt 0.741740 0.424383
vt 0.383894 0.656129
vt 0.741740 0.462051
vt 0.749742 0.480885
vt 0.749742 0.499719
vt 0.647570 0.650391
vt 0.741740 0.537387
vt 0.647570 0.631557
vt 0.741740 0.575055
vt 0.749742 0.593889
vt 0.749742 0.612723
vt 0.647570 0.593889
vt 0.741740 0.650391
vt 0.647570 0.556221
vt 0.741740 0.688059
vt 0.749742 0.706893
vt 0.749742 0.725727
vt 0.647570 0.537387
vt 0.383894 0.750299
vt 0.647570 0.518553
vt 0.742826 0.032252
vt 0.750828 0.051086
vt 0.750828 0.069920
vt 0.647570 0.480885
vt 0.742826 0.107588
vt 0.647570 0.443217
vt 0.742826 0.145256
vt 0.149336 0.751665
vt 0.168170 0.751665
vt 0.647570 0.424383
vt 0.440396 0.756213
vt 0.647570 0.405549
vt 0.043084 0.757130
vt 0.069920 0.757130
vt 0.088754 0.757130
vt 0.647570 0.367881
vt 0.118420 0.757130
vt 0.647570 0.201553
vt 0.005416 0.759440
vt 0.762209 0.243710
vt 0.762209 0.262544
vt 0.647570 0.182719
vt 0.754206 0.300212
vt 0.235504 0.655465
vt 0.754206 0.337880
vt 0.467232 0.763395
vt 0.486066 0.763395
vt 0.197836 0.655465
vt 0.515732 0.763395
vt 0.254338 0.654936
vt 0.553400 0.763395
vt 0.580236 0.763395
vt 0.599070 0.763395
vt 0.289773 0.653643
vt 0.628736 0.763395
vt 0.308607 0.653193
vt 0.666404 0.763395
vt 0.693240 0.763395
vt 0.712074 0.763395
vt 0.628736 0.650391
vt 0.835910 0.951735
vt 0.591068 0.650391
vt 0.817076 0.951735
vt 0.806244 0.951735
vt 0.787410 0.951735
vt 0.553400 0.650391
vt 0.760574 0.951735
vt 0.478064 0.650391
vt 0.741740 0.951735
vt 0.730908 0.951735
vt 0.712074 0.951735
vt 0.459230 0.650391
vt 0.685238 0.951735
vt 0.641202 0.300212
vt 0.666404 0.951735
vt 0.655572 0.951735
vt 0.636738 0.951735
vt 0.641202 0.243710
vt 0.609902 0.951735
vt 0.005416 0.646436
vt 0.591068 0.951735
vt 0.580236 0.951735
vt 0.561402 0.951735
vt 0.080752 0.644126
vt 0.760574 0.593889
vt 0.043084 0.644126
vt 0.760574 0.631557
vt 0.768576 0.650391
vt 0.768576 0.669225
vt 0.440396 0.643210
vt 0.760574 0.706893
vt 0.160168 0.638661
vt 0.760574 0.744561
vt 0.768576 0.763395
vt 0.391896 0.769133
vt 0.628736 0.612723
vt 0.761660 0.032252
vt 0.628736 0.575055
vt 0.761660 0.069920
vt 0.769662 0.088754
vt 0.769662 0.107588
vt 0.628736 0.537387
vt 0.761660 0.145256
vt 0.628736 0.499719
vt 0.160168 0.770499
vt 0.187004 0.770499
vt 0.448398 0.775047
vt 0.628736 0.480885
vt 0.043084 0.775964
vt 0.628736 0.462051
vt 0.080752 0.775964
vt 0.107588 0.775964
vt 0.126422 0.775964
vt 0.628736 0.424383
vt 0.005416 0.778274
vt 0.628736 0.386715
vt 0.773040 0.262544
vt 0.781043 0.281378
vt 0.781043 0.300212
vt 0.628736 0.367881
vt 0.773040 0.337880
vt 0.628736 0.220387
vt 0.478064 0.782229
vt 0.504900 0.782229
vt 0.523734 0.782229
vt 0.628736 0.182719
vt 0.553400 0.782229
vt 0.216670 0.636631
vt 0.591068 0.782229
vt 0.617904 0.782229
vt 0.636738 0.782229
vt 0.197836 0.636631
vt 0.666404 0.782229
vt 0.402728 0.636338
vt 0.704072 0.782229
vt 0.730908 0.782229
vt 0.749742 0.782229
vt 0.289773 0.634809
vt 0.346274 0.784809
vt 0.346274 0.634137
vt 0.289773 0.785481
vt 0.262340 0.786774
vt 0.410730 0.787010
vt 0.609902 0.631557
vt 0.216670 0.787303
vt 0.591068 0.631557
vt 0.779408 0.182719
vt 0.787410 0.201553
vt 0.787410 0.220387
vt 0.553400 0.631557
vt 0.534566 0.951735
vt 0.496898 0.631557
vt 0.515732 0.951735
vt 0.504900 0.951735
vt 0.486066 0.951735
vt 0.478064 0.631557
vt 0.459230 0.951735
vt 0.622368 0.300212
vt 0.942546 0.337880
vt 0.950549 0.319046
vt 0.950549 0.300212
vt 0.622368 0.262544
vt 0.942546 0.281378
vt 0.005416 0.627602
vt 0.942546 0.262544
vt 0.950549 0.243710
vt 0.013418 0.947780
vt 0.099586 0.625292
vt 0.421562 0.945957
vt 0.043084 0.625292
vt 0.118420 0.945470
vt 0.107588 0.945470
vt 0.088754 0.945470
vt 0.440396 0.624376
vt 0.780494 0.032252
vt 0.179002 0.619827
vt 0.780494 0.069920
vt 0.788496 0.088754
vt 0.788496 0.107588
vt 0.160168 0.619827
vt 0.780494 0.145256
vt 0.610988 0.145256
vt 0.160168 0.789333
vt 0.187004 0.789333
vt 0.448398 0.793882
vt 0.610988 0.107588
vt 0.043084 0.794798
vt 0.610988 0.088754
vt 0.080752 0.794798
vt 0.107588 0.794798
vt 0.126422 0.794798
vt 0.610988 0.069920
vt 0.005416 0.797108
vt 0.610988 0.032252
vt 0.791874 0.262544
vt 0.799877 0.281378
vt 0.799877 0.300212
vt 0.383894 0.618461
vt 0.791874 0.337880
vt 0.609902 0.612723
vt 0.478064 0.801063
vt 0.504900 0.801063
vt 0.523734 0.801063
vt 0.609902 0.593889
vt 0.553400 0.801063
vt 0.609902 0.556221
vt 0.591068 0.801063
vt 0.617904 0.801063
vt 0.636738 0.801063
vt 0.609902 0.518553
vt 0.666404 0.801063
vt 0.609902 0.499719
vt 0.704072 0.801063
vt 0.730908 0.801063
vt 0.749742 0.801063
vt 0.609902 0.480885
vt 0.779408 0.801063
vt 0.609902 0.443217
vt 0.308607 0.803865
vt 0.297775 0.804315
vt 0.262340 0.805608
vn -1.0000 0.0000 0.0000
vn 0.0000 0.0000 -1.0000
vn 1.0000 0.0000 0.0000
vn 0.0000 0.0000 1.0000
vn 0.0000 -1.0000 0.0000
vn 0.0000 1.0000 0.0000
s off
f 1544/4265/219 1545/4266/219 1543/4267/219
f 1546/4268/220 1549/4269/220 1545/4270/220
f 1550/4271/221 1547/4272/221 1549/4273/221
f 1548/4274/222 1543/4275/222 1547/4276/222
f 1549/4277/223 1543/4278/223 1545/4279/223
f 1546/4280/224 1548/4281/224 1550/4282/224
f 1552/4283/219 1553/4284/219 1551/4285/219
f 1554/4286/220 1557/4287/220 1553/4288/220
f 1558/4289/221 1555/4290/221 1557/4291/221
f 1556/4292/222 1551/4293/222 1555/4294/222
f 1557/4295/223 1551/4296/223 1553/4297/223
f 1554/4298/224 1556/4299/224 1558/4300/224
f 1560/4301/219 1561/4302/219 1559/4303/219
f 1562/4304/220 1565/4305/220 1561/4306/220
f 1566/4307/221 1563/4308/221 1565/4309/221
f 1564/4310/222 1559/4311/222 1563/4312/222
f 1565/4313/223 1559/4314/223 1561/4315/223
f 1562/4316/224 1564/4317/224 1566/4318/224
f 1568/4319/219 1569/4320/219 1567/4321/219
f 1570/4322/220 1573/4323/220 1569/4324/220
f 1574/4325/221 1571/4326/221 1573/4327/221
f 1572/4328/222 1567/4329/222 1571/4330/222
f 1573/4331/223 1567/4332/223 1569/4333/223
f 1570/4334/224 1572/4335/224 1574/4336/224
f 1576/4337/219 1577/4338/219 1575/4339/219
f 1578/4340/220 1581/4341/220 1577/4342/220
f 1582/4343/221 1579/4344/221 1581/4345/221
f 1580/4346/222 1575/4347/222 1579/4348/222
f 1581/4349/223 1575/4350/223 1577/4351/223
f 1578/4352/224 1580/4353/224 1582/4354/224
f 1584/4355/219 1585/4356/219 1583/4357/219
f 1586/4358/220 1589/4359/220 1585/4360/220
f 1590/4361/221 1587/4362/221 1589/4363/221
f 1588/4364/222 1583/4365/222 1587/4366/222
f 1589/4367/223 1583/4368/223 1585/4369/223
f 1586/4370/224 1588/4371/224 1590/4372/224
f 1592/4373/219 1593/4374/219 1591/4375/219
f 1594/4376/220 1597/4377/220 1593/4378/220
f 1598/4379/221 1595/4380/221 1597/4381/221
f 1596/4382/222 1591/4383/222 1595/4384/222
f 1597/4385/223 1591/4386/223 1593/4387/223
f 1594/4388/224 1596/4389/224 1598/4390/224
f 1600/4391/219 1601/4392/219 1599/4393/219
f 1602/4394/220 1605/4395/220 1601/4396/220
f 1606/4397/221 1603/4398/221 1605/4399/221
f 1604/4400/222 1599/4401/222 1603/4402/222
f 1605/4403/223 1599/4404/223 1601/4405/223
f 1602/4406/224 1604/4407/224 1606/4408/224
f 1608/4409/219 1609/4410/219 1607/4411/219
f 1610/4412/220 1613/4413/220 1609/4414/220
f 1614/4415/221 1611/4416/221 1613/4417/221
f 1612/4418/222 1607/4419/222 1611/4420/222
f 1613/4421/223 1607/4422/223 1609/4423/223
f 1610/4424/224 1612/4425/224 1614/4426/224
f 1616/4427/219 1617/4428/219 1615/4429/219
f 1618/4430/220 1621/4431/220 1617/4432/220
f 1622/4433/221 1619/4434/221 1621/4435/221
f 1620/4436/222 1615/4437/222 1619/4438/222
f 1621/4439/223 1615/4440/223 1617/4441/223
f 1618/4442/224 1620/4443/224 1622/4444/224
f 1624/4445/219 1625/4446/219 1623/4447/219
f 1626/4448/220 1629/4449/220 1625/4450/220
f 1630/4451/221 1627/4452/221 1629/4453/221
f 1628/4454/222 1623/4455/222 1627/4456/222
f 1629/4457/223 1623/4458/223 1625/4459/223
f 1626/4460/224 1628/4461/224 1630/4462/224
f 1632/4463/219 1633/4464/219 1631/4465/219
f 1634/4466/220 1637/4467/220 1633/4468/220
f 1638/4469/221 1635/4470/221 1637/4471/221
f 1636/4472/222 1631/4473/222 1635/4474/222
f 1637/4475/223 1631/4476/223 1633/4477/223
f 1634/4478/224 1636/4479/224 1638/4480/224
f 1640/4481/219 1641/4482/219 1639/4483/219
f 1642/4484/220 1645/4485/220 1641/4486/220
f 1646/4487/221 1643/4488/221 1645/4489/221
f 1644/4490/222 1639/4491/222 1643/4492/222
f 1645/4493/223 1639/4494/223 1641/4495/223
f 1642/4496/224 1644/4497/224 1646/4498/224
f 1648/4499/219 1649/4500/219 1647/4501/219
f 1650/4502/220 1653/4503/220 1649/4504/220
f 1654/4505/221 1651/4506/221 1653/4507/221
f 1652/4508/222 1647/4509/222 1651/4510/222
f 1653/4511/223 1647/4512/223 1649/4513/223
f 1650/4514/224 1652/4515/224 1654/4516/224
f 1656/4517/219 1657/4518/219 1655/4519/219
f 1658/4520/220 1661/4521/220 1657/4522/220
f 1662/4523/221 1659/4524/221 1661/4525/221
f 1660/4526/222 1655/4527/222 1659/4528/222
f 1661/4529/223 1655/4530/223 1657/4531/223
f 1658/4532/224 1660/4533/224 1662/4534/224
f 1664/4535/219 1665/4536/219 1663/4537/219
f 1666/4538/220 1669/4539/220 1665/4540/220
f 1670/4541/221 1667/4542/221 1669/4543/221
f 1668/4544/222 1663/4545/222 1667/4546/222
f 1669/4547/223 1663/4548/223 1665/4549/223
f 1666/4550/224 1668/4551/224 1670/4552/224
f 1672/4553/219 1673/4554/219 1671/4555/219
f 1674/4556/220 1677/4557/220 1673/4558/220
f 1678/4559/221 1675/4560/221 1677/4561/221
f 1676/4562/222 1671/4563/222 1675/4564/222
f 1677/4565/223 1671/4566/223 1673/4567/223
f 1674/4568/224 1676/4569/224 1678/4570/224
f 1680/4571/219 1681/4572/219 1679/4573/219
f 1682/4574/220 1685/4575/220 1681/4576/220
f 1686/4577/221 1683/4578/221 1685/4579/221
f 1684/4580/222 1679/4581/222 1683/4582/222
f 1685/4583/223 1679/4584/223 1681/4585/223
f 1682/4586/224 1684/4587/224 1686/4588/224
f 1688/4589/219 1689/4590/219 1687/4591/219
f 1690/4592/220 1693/4593/220 1689/4594/220
f 1694/4595/221 1691/4596/221 1693/4597/221
f 1692/4598/222 1687/4599/222 1691/4600/222
f 1693/4601/223 1687/4602/223 1689/4603/223
f 1690/4604/224 1692/4605/224 1694/4606/224
f 1696/4607/219 1697/4608/219 1695/4609/219
f 1698/4610/220 1701/4611/220 1697/4612/220
f 1702/4613/221 1699/4614/221 1701/4615/221
f 1700/4616/222 1695/4617/222 1699/4618/222
f 1701/4619/223 1695/4620/223 1697/4621/223
f 1698/4622/224 1700/4623/224 1702/4624/224
f 1704/4625/219 1705/4626/219 1703/4627/219
f 1706/4628/220 1709/4629/220 1705/4630/220
f 1710/4631/221 1707/4632/221 1709/4633/221
f 1708/4634/222 1703/4635/222 1707/4636/222
f 1709/4637/223 1703/4638/223 1705/4639/223
f 1706/4640/224 1708/4641/224 1710/4642/224
f 1712/4643/219 1713/4644/219 1711/4645/219
f 1714/4646/220 1717/4647/220 1713/4648/220
f 1718/4649/221 1715/4650/221 1717/4651/221
f 1716/4652/222 1711/4653/222 1715/4654/222
f 1717/4655/223 1711/4656/223 1713/4657/223
f 1714/4658/224 1716/4659/224 1718/4660/224
f 1720/4661/219 1721/4662/219 1719/4663/219
f 1722/4664/220 1725/4665/220 1721/4666/220
f 1726/4667/221 1723/4668/221 1725/4669/221
f 1724/4670/222 1719/4671/222 1723/4672/222
f 1725/4673/223 1719/4674/223 1721/4675/223
f 1722/4676/224 1724/4677/224 1726/4678/224
f 1728/4679/219 1729/4680/219 1727/4681/219
f 1730/4682/220 1733/4683/220 1729/4684/220
f 1734/4685/221 1731/4686/221 1733/4687/221
f 1732/4688/222 1727/4689/222 1731/4690/222
f 1733/4691/223 1727/4692/223 1729/4693/223
f 1730/4694/224 1732/4695/224 1734/4696/224
f 1736/4697/219 1737/4698/219 1735/4699/219
f 1738/4700/220 1741/4701/220 1737/4702/220
f 1742/4703/221 1739/4704/221 1741/4705/221
f 1740/4706/222 1735/4707/222 1739/4708/222
f 1741/4709/223 1735/4710/223 1737/4711/223
f 1738/4712/224 1740/4713/224 1742/4714/224
f 1744/4715/219 1745/4716/219 1743/4717/219
f 1746/4718/220 1749/4719/220 1745/4720/220
f 1750/4721/221 1747/4722/221 1749/4723/221
f 1748/4724/222 1743/4725/222 1747/4726/222
f 1749/4727/223 1743/4728/223 1745/4729/223
f 1746/4730/224 1748/4731/224 1750/4732/224
f 1752/4733/219 1753/4734/219 1751/4735/219
f 1754/4736/220 1757/4737/220 1753/4738/220
f 1758/4739/221 1755/4740/221 1757/4741/221
f 1756/4742/222 1751/4743/222 1755/4744/222
f 1757/4745/223 1751/4746/223 1753/4747/223
f 1754/4748/224 1756/4749/224 1758/4750/224
f 1760/4751/219 1761/4752/219 1759/4753/219
f 1762/4754/220 1765/4755/220 1761/4756/220
f 1766/4757/221 1763/4758/221 1765/4759/221
f 1764/4760/222 1759/4761/222 1763/4762/222
f 1765/4763/223 1759/4764/223 1761/4765/223
f 1762/4766/224 1764/4767/224 1766/4768/224
f 1768/4769/219 1769/4770/219 1767/4771/219
f 1770/4772/220 1773/4773/220 1769/4774/220
f 1774/4775/221 1771/4776/221 1773/4777/221
f 1772/4778/222 1767/4779/222 1771/4780/222
f 1773/4781/223 1767/4782/223 1769/4783/223
f 1770/4784/224 1772/4785/224 1774/4786/224
f 1776/4787/219 1777/4788/219 1775/4789/219
f 1778/4790/220 1781/4791/220 1777/4792/220
f 1782/4793/221 1779/4794/221 1781/4795/221
f 1780/4796/222 1775/4797/222 1779/4798/222
f 1781/4799/223 1775/4800/223 1777/4801/223
f 1778/4802/224 1780/4803/224 1782/4804/224
f 1784/4805/219 1785/4806/219 1783/4807/219
f 1786/4808/220 1789/4809/220 1785/4810/220
f 1790/4811/221 1787/4812/221 1789/4813/221
f 1788/4814/222 1783/4815/222 1787/4816/222
f 1789/4817/223 1783/4818/223 1785/4819/223
f 1786/4820/224 1788/4821/224 1790/4822/224
f 1792/4823/219 1793/4824/219 1791/4825/219
f 1794/4826/220 1797/4827/220 1793/4828/220
f 1798/4829/221 1795/4830/221 1797/4831/221
f 1796/4832/222 1791/4833/222 1795/4834/222
f 1797/4835/223 1791/4836/223 1793/4837/223
f 1794/4838/224 1796/4839/224 1798/4840/224
f 1800/4841/219 1801/4842/219 1799/4843/219
f 1802/4844/220 1805/4845/220 1801/4846/220
f 1806/4847/221 1803/4848/221 1805/4849/221
f 1804/4850/222 1799/4851/222 1803/4852/222
f 1805/4853/223 1799/4854/223 1801/4855/223
f 1802/4856/224 1804/4857/224 1806/4858/224
f 1808/4859/219 1809/4860/219 1807/4861/219
f 1810/4862/220 1813/4863/220 1809/4864/220
f 1814/4865/221 1811/4866/221 1813/4867/221
f 1812/4868/222 1807/4869/222 1811/4870/222
f 1813/4871/223 1807/4872/223 1809/4873/223
f 1810/4874/224 1812/4875/224 1814/4876/224
f 1816/4877/219 1817/4878/219 1815/4879/219
f 1818/4880/220 1821/4881/220 1817/4882/220
f 1822/4883/221 1819/4884/221 1821/4885/221
f 1820/4886/222 1815/4887/222 1819/4888/222
f 1821/4889/223 1815/4890/223 1817/4891/223
f 1818/4892/224 1820/4893/224 1822/4894/224
f 1824/4895/219 1825/4896/219 1823/4897/219
f 1826/4898/220 1829/4899/220 1825/4900/220
f 1830/4901/221 1827/4902/221 1829/4903/221
f 1828/4904/222 1823/4905/222 1827/4906/222
f 1829/4907/223 1823/4908/223 1825/4909/223
f 1826/4910/224 1828/4911/224 1830/4912/224
f 1832/4913/219 1833/4914/219 1831/4915/219
f 1834/4916/220 1837/4917/220 1833/4918/220
f 1838/4919/221 1835/4920/221 1837/4921/221
f 1836/4922/222 1831/4923/222 1835/4924/222
f 1837/4925/223 1831/4926/223 1833/4927/223
f 1834/4928/224 1836/4929/224 1838/4930/224
f 1840/4931/219 1841/4932/219 1839/4933/219
f 1842/4934/220 1845/4935/220 1841/4936/220
f 1846/4937/221 1843/4938/221 1845/4939/221
f 1844/4940/222 1839/4941/222 1843/4942/222
f 1845/4943/223 1839/4944/223 1841/4945/223
f 1842/4946/224 1844/4947/224 1846/4948/224
f 1848/4949/219 1849/4950/219 1847/4951/219
f 1850/4952/220 1853/4953/220 1849/4954/220
f 1854/4955/221 1851/4956/221 1853/4957/221
f 1852/4958/222 1847/4959/222 1851/4960/222
f 1853/4961/223 1847/4962/223 1849/4963/223
f 1850/4964/224 1852/4965/224 1854/4966/224
f 1856/4967/219 1857/4968/219 1855/4969/219
f 1858/4970/220 1861/4971/220 1857/4972/220
f 1862/4973/221 1859/4974/221 1861/4975/221
f 1860/4976/222 1855/4977/222 1859/4978/222
f 1861/4979/223 1855/4980/223 1857/4981/223
f 1858/4982/224 1860/4983/224 1862/4984/224
f 1864/4985/219 1865/4986/219 1863/4987/219
f 1866/4988/220 1869/4989/220 1865/4990/220
f 1870/4991/221 1867/4992/221 1869/4993/221
f 1868/4994/222 1863/4995/222 1867/4996/222
f 1869/4997/223 1863/4998/223 1865/4999/223
f 1866/5000/224 1868/5001/224 1870/5002/224
f 1872/5003/219 1873/5004/219 1871/5005/219
f 1874/5006/220 1877/5007/220 1873/5008/220
f 1878/5009/221 1875/5010/221 1877/5011/221
f 1876/5012/222 1871/5013/222 1875/5014/222
f 1877/5015/223 1871/5016/223 1873/5017/223
f 1874/5018/224 1876/5019/224 1878/5020/224
f 1880/5021/219 1881/5022/219 1879/5023/219
f 1882/5024/220 1885/5025/220 1881/5026/220
f 1886/5027/221 1883/5028/221 1885/5029/221
f 1884/5030/222 1879/5031/222 1883/5032/222
f 1885/5033/223 1879/5034/223 1881/5035/223
f 1882/5036/224 1884/5037/224 1886/5038/224
f 1888/5039/219 1889/5040/219 1887/5041/219
f 1890/5042/220 1893/5043/220 1889/5044/220
f 1894/5045/221 1891/5046/221 1893/5047/221
f 1892/5048/222 1887/5049/222 1891/5050/222
f 1893/5051/223 1887/5052/223 1889/5053/223
f 1890/5054/224 1892/5055/224 1894/5056/224
f 1896/5057/219 1897/5058/219 1895/5059/219
f 1898/5060/220 1901/5061/220 1897/5062/220
f 1902/5063/221 1899/5064/221 1901/5065/221
f 1900/5066/222 1895/5067/222 1899/5068/222
f 1901/5069/223 1895/5070/223 1897/5071/223
f 1898/5072/224 1900/5073/224 1902/5074/224
f 1904/5075/219 1905/5076/219 1903/5077/219
f 1906/5078/220 1909/5079/220 1905/5080/220
f 1910/5081/221 1907/5082/221 1909/5083/221
f 1908/5084/222 1903/5085/222 1907/5086/222
f 1909/5087/223 1903/5088/223 1905/5089/223
f 1906/5090/224 1908/5091/224 1910/5092/224
f 1544/4265/219 1546/5093/219 1545/4266/219
f 1546/4268/220 1550/5094/220 1549/4269/220
f 1550/4271/221 1548/5095/221 1547/4272/221
f 1548/4274/222 1544/5096/222 1543/4275/222
f 1549/4277/223 1547/5097/223 1543/4278/223
f 1546/4280/224 1544/5098/224 1548/4281/224
f 1552/4283/219 1554/5099/219 1553/4284/219
f 1554/4286/220 1558/5100/220 1557/4287/220
f 1558/4289/221 1556/5101/221 1555/4290/221
f 1556/4292/222 1552/5102/222 1551/4293/222
f 1557/4295/223 1555/5103/223 1551/4296/223
f 1554/4298/224 1552/5104/224 1556/4299/224
f 1560/4301/219 1562/5105/219 1561/4302/219
f 1562/4304/220 1566/5106/220 1565/4305/220
f 1566/4307/221 1564/5107/221 1563/4308/221
f 1564/4310/222 1560/5108/222 1559/4311/222
f 1565/4313/223 1563/5109/223 1559/4314/223
f 1562/4316/224 1560/5110/224 1564/4317/224
f 1568/4319/219 1570/5111/219 1569/4320/219
f 1570/4322/220 1574/5112/220 1573/4323/220
f 1574/4325/221 1572/5113/221 1571/4326/221
f 1572/4328/222 1568/5114/222 1567/4329/222
f 1573/4331/223 1571/5115/223 1567/4332/223
f 1570/4334/224 1568/5116/224 1572/4335/224
f 1576/4337/219 1578/5117/219 1577/4338/219
f 1578/4340/220 1582/5118/220 1581/4341/220
f 1582/4343/221 1580/5119/221 1579/4344/221
f 1580/4346/222 1576/5120/222 1575/4347/222
f 1581/4349/223 1579/5121/223 1575/4350/223
f 1578/4352/224 1576/5122/224 1580/4353/224
f 1584/4355/219 1586/5123/219 1585/4356/219
f 1586/4358/220 1590/5124/220 1589/4359/220
f 1590/4361/221 1588/5125/221 1587/4362/221
f 1588/4364/222 1584/5126/222 1583/4365/222
f 1589/4367/223 1587/5127/223 1583/4368/223
f 1586/4370/224 1584/5128/224 1588/4371/224
f 1592/4373/219 1594/5129/219 1593/4374/219
f 1594/4376/220 1598/5130/220 1597/4377/220
f 1598/4379/221 1596/5131/221 1595/4380/221
f 1596/4382/222 1592/5132/222 1591/4383/222
f 1597/4385/223 1595/5133/223 1591/4386/223
f 1594/4388/224 1592/5134/224 1596/4389/224
f 1600/4391/219 1602/5135/219 1601/4392/219
f 1602/4394/220 1606/5136/220 1605/4395/220
f 1606/4397/221 1604/5137/221 1603/4398/221
f 1604/4400/222 1600/5138/222 1599/4401/222
f 1605/4403/223 1603/5139/223 1599/4404/223
f 1602/4406/224 1600/5140/224 1604/4407/224
f 1608/4409/219 1610/5141/219 1609/4410/219
f 1610/4412/220 1614/5142/220 1613/4413/220
f 1614/4415/221 1612/5143/221 1611/4416/221
f 1612/4418/222 1608/5144/222 1607/4419/222
f 1613/4421/223 1611/5145/223 1607/4422/223
f 1610/4424/224 1608/5146/224 1612/4425/224
f 1616/4427/219 1618/5147/219 1617/4428/219
f 1618/4430/220 1622/5148/220 1621/4431/220
f 1622/4433/221 1620/5149/221 1619/4434/221
f 1620/4436/222 1616/5150/222 1615/4437/222
f 1621/4439/223 1619/5151/223 1615/4440/223
f 1618/4442/224 1616/5152/224 1620/4443/224
f 1624/4445/219 1626/5153/219 1625/4446/219
f 1626/4448/220 1630/5154/220 1629/4449/220
f 1630/4451/221 1628/5155/221 1627/4452/221
f 1628/4454/222 1624/5156/222 1623/4455/222
f 1629/4457/223 1627/5157/223 1623/4458/223
f 1626/4460/224 1624/5158/224 1628/4461/224
f 1632/4463/219 1634/5159/219 1633/4464/219
f 1634/4466/220 1638/5160/220 1637/4467/220
f 1638/4469/221 1636/5161/221 1635/4470/221
f 1636/4472/222 1632/5162/222 1631/4473/222
f 1637/4475/223 1635/5163/223 1631/4476/223
f 1634/4478/224 1632/5164/224 1636/4479/224
f 1640/4481/219 1642/5165/219 1641/4482/219
f 1642/4484/220 1646/5166/220 1645/4485/220
f 1646/4487/221 1644/5167/221 1643/4488/221
f 1644/4490/222 1640/5168/222 1639/4491/222
f 1645/4493/223 1643/5169/223 1639/4494/223
f 1642/4496/224 1640/5170/224 1644/4497/224
f 1648/4499/219 1650/5171/219 1649/4500/219
f 1650/4502/220 1654/5172/220 1653/4503/220
f 1654/4505/221 1652/5173/221 1651/4506/221
f 1652/4508/222 1648/5174/222 1647/4509/222
f 1653/4511/223 1651/5175/223 1647/4512/223
f 1650/4514/224 1648/5176/224 1652/4515/224
f 1656/4517/219 1658/5177/219 1657/4518/219
f 1658/4520/220 1662/5178/220 1661/4521/220
f 1662/4523/221 1660/5179/221 1659/4524/221
f 1660/4526/222 1656/5180/222 1655/4527/222
f 1661/4529/223 1659/5181/223 1655/4530/223
f 1658/4532/224 1656/5182/224 1660/4533/224
f 1664/4535/219 1666/5183/219 1665/4536/219
f 1666/4538/220 1670/5184/220 1669/4539/220
f 1670/4541/221 1668/5185/221 1667/4542/221
f 1668/4544/222 1664/5186/222 1663/4545/222
f 1669/4547/223 1667/5187/223 1663/4548/223
f 1666/4550/224 1664/5188/224 1668/4551/224
f 1672/4553/219 1674/5189/219 1673/4554/219
f 1674/4556/220 1678/5190/220 1677/4557/220
f 1678/4559/221 1676/5191/221 1675/4560/221
f 1676/4562/222 1672/5192/222 1671/4563/222
f 1677/4565/223 1675/5193/223 1671/4566/223
f 1674/4568/224 1672/5194/224 1676/4569/224
f 1680/4571/219 1682/5195/219 1681/4572/219
f 1682/4574/220 1686/5196/220 1685/4575/220
f 1686/4577/221 1684/5197/221 1683/4578/221
f 1684/4580/222 1680/5198/222 1679/4581/222
f 1685/4583/223 1683/5199/223 1679/4584/223
f 1682/4586/224 1680/5200/224 1684/4587/224
f 1688/4589/219 1690/5201/219 1689/4590/219
f 1690/4592/220 1694/5202/220 1693/4593/220
f 1694/4595/221 1692/5203/221 1691/4596/221
f 1692/4598/222 1688/5204/222 1687/4599/222
f 1693/4601/223 1691/5205/223 1687/4602/223
f 1690/4604/224 1688/5206/224 1692/4605/224
f 1696/4607/219 1698/5207/219 1697/4608/219
f 1698/4610/220 1702/5208/220 1701/4611/220
f 1702/4613/221 1700/5209/221 1699/4614/221
f 1700/4616/222 1696/5210/222 1695/4617/222
f 1701/4619/223 1699/5211/223 1695/4620/223
f 1698/4622/224 1696/5212/224 1700/4623/224
f 1704/4625/219 1706/5213/219 1705/4626/219
f 1706/4628/220 1710/5214/220 1709/4629/220
f 1710/4631/221 1708/5215/221 1707/4632/221
f 1708/4634/222 1704/5216/222 1703/4635/222
f 1709/4637/223 1707/5217/223 1703/4638/223
f 1706/4640/224 1704/5218/224 1708/4641/224
f 1712/4643/219 1714/5219/219 1713/4644/219
f 1714/4646/220 1718/5220/220 1717/4647/220
f 1718/4649/221 1716/5221/221 1715/4650/221
f 1716/4652/222 1712/5222/222 1711/4653/222
f 1717/4655/223 1715/5223/223 1711/4656/223
f 1714/4658/224 1712/5224/224 1716/4659/224
f 1720/4661/219 1722/5225/219 1721/4662/219
f 1722/4664/220 1726/5226/220 1725/4665/220
f 1726/4667/221 1724/5227/221 1723/4668/221
f 1724/4670/222 1720/5228/222 1719/4671/222
f 1725/4673/223 1723/5229/223 1719/4674/223
f 1722/4676/224 1720/5230/224 1724/4677/224
f 1728/4679/219 1730/5231/219 1729/4680/219
f 1730/4682/220 1734/5232/220 1733/4683/220
f 1734/4685/221 1732/5233/221 1731/4686/221
f 1732/4688/222 1728/5234/222 1727/4689/222
f 1733/4691/223 1731/5235/223 1727/4692/223
f 1730/4694/224 1728/5236/224 1732/4695/224
f 1736/4697/219 1738/5237/219 1737/4698/219
f 1738/4700/220 1742/5238/220 1741/4701/220
f 1742/4703/221 1740/5239/221 1739/4704/221
f 1740/4706/222 1736/5240/222 1735/4707/222
f 1741/4709/223 1739/5241/223 1735/4710/223
f 1738/4712/224 1736/5242/224 1740/4713/224
f 1744/4715/219 1746/5243/219 1745/4716/219
f 1746/4718/220 1750/5244/220 1749/4719/220
f 1750/4721/221 1748/5245/221 1747/4722/221
f 1748/4724/222 1744/5246/222 1743/4725/222
f 1749/4727/223 1747/5247/223 1743/4728/223
f 1746/4730/224 1744/5248/224 1748/4731/224
f 1752/4733/219 1754/5249/219 1753/4734/219
f 1754/4736/220 1758/5250/220 1757/4737/220
f 1758/4739/221 1756/5251/221 1755/4740/221
f 1756/4742/222 1752/5252/222 1751/4743/222
f 1757/4745/223 1755/5253/223 1751/4746/223
f 1754/4748/224 1752/5254/224 1756/4749/224
f 1760/4751/219 1762/5255/219 1761/4752/219
f 1762/4754/220 1766/5256/220 1765/4755/220
f 1766/4757/221 1764/5257/221 1763/4758/221
f 1764/4760/222 1760/5258/222 1759/4761/222
f 1765/4763/223 1763/5259/223 1759/4764/223
f 1762/4766/224 1760/5260/224 1764/4767/224
f 1768/4769/219 1770/5261/219 1769/4770/219
f 1770/4772/220 1774/5262/220 1773/4773/220
f 1774/4775/221 1772/5263/221 1771/4776/221
f 1772/4778/222 1768/5264/222 1767/4779/222
f 1773/4781/223 1771/5265/223 1767/4782/223
f 1770/4784/224 1768/5266/224 1772/4785/224
f 1776/4787/219 1778/5267/219 1777/4788/219
f 1778/4790/220 1782/5268/220 1781/4791/220
f 1782/4793/221 1780/5269/221 1779/4794/221
f 1780/4796/222 1776/5270/222 1775/4797/222
f 1781/4799/223 1779/5271/223 1775/4800/223
f 1778/4802/224 1776/5272/224 1780/4803/224
f 1784/4805/219 1786/5273/219 1785/4806/219
f 1786/4808/220 1790/5274/220 1789/4809/220
f 1790/4811/221 1788/5275/221 1787/4812/221
f 1788/4814/222 1784/5276/222 1783/4815/222
f 1789/4817/223 1787/5277/223 1783/4818/223
f 1786/4820/224 1784/5278/224 1788/4821/224
f 1792/4823/219 1794/5279/219 1793/4824/219
f 1794/4826/220 1798/5280/220 1797/4827/220
f 1798/4829/221 1796/5281/221 1795/4830/221
f 1796/4832/222 1792/5282/222 1791/4833/222
f 1797/4835/223 1795/5283/223 1791/4836/223
f 1794/4838/224 1792/5284/224 1796/4839/224
f 1800/4841/219 1802/5285/219 1801/4842/219
f 1802/4844/220 1806/5286/220 1805/4845/220
f 1806/4847/221 1804/5287/221 1803/4848/221
f 1804/4850/222 1800/5288/222 1799/4851/222
f 1805/4853/223 1803/5289/223 1799/4854/223
f 1802/4856/224 1800/5290/224 1804/4857/224
f 1808/4859/219 1810/5291/219 1809/4860/219
f 1810/4862/220 1814/5292/220 1813/4863/220
f 1814/4865/221 1812/5293/221 1811/4866/221
f 1812/4868/222 1808/5294/222 1807/4869/222
f 1813/4871/223 1811/5295/223 1807/4872/223
f 1810/4874/224 1808/5296/224 1812/4875/224
f 1816/4877/219 1818/5297/219 1817/4878/219
f 1818/4880/220 1822/5298/220 1821/4881/220
f 1822/4883/221 1820/5299/221 1819/4884/221
f 1820/4886/222 1816/5300/222 1815/4887/222
f 1821/4889/223 1819/5301/223 1815/4890/223
f 1818/4892/224 1816/5302/224 1820/4893/224
f 1824/4895/219 1826/5303/219 1825/4896/219
f 1826/4898/220 1830/5304/220 1829/4899/220
f 1830/4901/221 1828/5305/221 1827/4902/221
f 1828/4904/222 1824/5306/222 1823/4905/222
f 1829/4907/223 1827/5307/223 1823/4908/223
f 1826/4910/224 1824/5308/224 1828/4911/224
f 1832/4913/219 1834/5309/219 1833/4914/219
f 1834/4916/220 1838/5310/220 1837/4917/220
f 1838/4919/221 1836/5311/221 1835/4920/221
f 1836/4922/222 1832/5312/222 1831/4923/222
f 1837/4925/223 1835/5313/223 1831/4926/223
f 1834/4928/224 1832/5314/224 1836/4929/224
f 1840/4931/219 1842/5315/219 1841/4932/219
f 1842/4934/220 1846/5316/220 1845/4935/220
f 1846/4937/221 1844/5317/221 1843/4938/221
f 1844/4940/222 1840/5318/222 1839/4941/222
f 1845/4943/223 1843/5319/223 1839/4944/223
f 1842/4946/224 1840/5320/224 1844/4947/224
f 1848/4949/219 1850/5321/219 1849/4950/219
f 1850/4952/220 1854/5322/220 1853/4953/220
f 1854/4955/221 1852/5323/221 1851/4956/221
f 1852/4958/222 1848/5324/222 1847/4959/222
f 1853/4961/223 1851/5325/223 1847/4962/223
f 1850/4964/224 1848/5326/224 1852/4965/224
f 1856/4967/219 1858/5327/219 1857/4968/219
f 1858/4970/220 1862/5328/220 1861/4971/220
f 1862/4973/221 1860/5329/221 1859/4974/221
f 1860/4976/222 1856/5330/222 1855/4977/222
f 1861/4979/223 1859/5331/223 1855/4980/223
f 1858/4982/224 1856/5332/224 1860/4983/224
f 1864/4985/219 1866/5333/219 1865/4986/219
f 1866/4988/220 1870/5334/220 1869/4989/220
f 1870/4991/221 1868/5335/221 1867/4992/221
f 1868/4994/222 1864/5336/222 1863/4995/222
f 1869/4997/223 1867/5337/223 1863/4998/223
f 1866/5000/224 1864/5338/224 1868/5001/224
f 1872/5003/219 1874/5339/219 1873/5004/219
f 1874/5006/220 1878/5340/220 1877/5007/220
f 1878/5009/221 1876/5341/221 1875/5010/221
f 1876/5012/222 1872/5342/222 1871/5013/222
f 1877/5015/223 1875/5343/223 1871/5016/223
f 1874/5018/224 1872/5344/224 1876/5019/224
f 1880/5021/219 1882/5345/219 1881/5022/219
f 1882/5024/220 1886/5346/220 1885/5025/220
f 1886/5027/221 1884/5347/221 1883/5028/221
f 1884/5030/222 1880/5348/222 1879/5031/222
f 1885/5033/223 1883/5349/223 1879/5034/223
f 1882/5036/224 1880/5350/224 1884/5037/224
f 1888/5039/219 1890/5351/219 1889/5040/219
f 1890/5042/220 1894/5352/220 1893/5043/220
f 1894/5045/221 1892/5353/221 1891/5046/221
f 1892/5048/222 1888/5354/222 1887/5049/222
f 1893/5051/223 1891/5355/223 1887/5052/223
f 1890/5054/224 1888/5356/224 1892/5055/224
f 1896/5057/219 1898/5357/219 1897/5058/219
f 1898/5060/220 1902/5358/220 1901/5061/220
f 1902/5063/221 1900/5359/221 1899/5064/221
f 1900/5066/222 1896/5360/222 1895/5067/222
f 1901/5069/223 1899/5361/223 1895/5070/223
f 1898/5072/224 1896/5362/224 1900/5073/224
f 1904/5075/219 1906/5363/219 1905/5076/219
f 1906/5078/220 1910/5364/220 1909/5079/220
f 1910/5081/221 1908/5365/221 1907/5082/221
f 1908/5084/222 1904/5366/222 1903/5085/222
f 1909/5087/223 1907/5367/223 1903/5088/223
f 1906/5090/224 1904/5368/224 1908/5091/224
o Cube.031_Cube.045
v -125.999550 0.248732 -14.508216
v -125.999550 1.148732 -14.508216
v -125.999550 0.248732 -15.208216
v -125.999550 1.148732 -15.208216
v -123.899544 0.248732 -14.508217
v -123.899544 1.148732 -14.508217
v -123.899544 0.248732 -15.208217
v -123.899544 1.148732 -15.208217
v -121.799545 0.248732 -14.508217
v -121.799545 1.148732 -14.508217
v -121.799545 0.248732 -15.208218
v -121.799545 1.148732 -15.208218
v -119.699547 0.248732 -14.508218
v -119.699547 1.148732 -14.508218
v -119.699547 0.248732 -15.208218
v -119.699547 1.148732 -15.208218
v -117.599548 0.248732 -14.508219
v -117.599548 1.148732 -14.508219
v -117.599548 0.248732 -15.208219
v -117.599548 1.148732 -15.208219
v -115.499542 0.248732 -14.508220
v -115.499542 1.148732 -14.508220
v -115.499542 0.248732 -15.208220
v -115.499542 1.148732 -15.208220
v -113.399544 0.248732 -14.508220
v -113.399544 1.148732 -14.508220
v -113.399544 0.248732 -15.208220
v -113.399544 1.148732 -15.208220
v -111.299545 0.248732 -14.508221
v -111.299545 1.148732 -14.508221
v -111.299545 0.248732 -15.208220
v -111.299545 1.148732 -15.208220
v -109.199547 0.248732 -14.508222
v -109.199547 1.148732 -14.508222
v -109.199547 0.248732 -15.208221
v -109.199547 1.148732 -15.208221
v -107.099548 0.248732 -14.508222
v -107.099548 1.148732 -14.508222
v -107.099548 0.248732 -15.208222
v -107.099548 1.148732 -15.208222
v -104.999542 0.248732 -14.508223
v -104.999542 1.148732 -14.508223
v -104.999542 0.248732 -15.208222
v -104.999542 1.148732 -15.208222
v -102.899544 0.248732 -14.508224
v -102.899544 1.148732 -14.508224
v -102.899544 0.248732 -15.208223
v -102.899544 1.148732 -15.208223
v -100.799545 0.248732 -14.508224
v -100.799545 1.148732 -14.508224
v -100.799545 0.248732 -15.208224
v -100.799545 1.148732 -15.208224
v -98.699547 0.248732 -14.508224
v -98.699547 1.148732 -14.508224
v -98.699547 0.248732 -15.208225
v -98.699547 1.148732 -15.208225
v -96.599548 0.248732 -14.508225
v -96.599548 1.148732 -14.508225
v -96.599548 0.248732 -15.208225
v -96.599548 1.148732 -15.208225
v -94.499542 0.248732 -14.508226
v -94.499542 1.148732 -14.508226
v -94.499542 0.248732 -15.208226
v -94.499542 1.148732 -15.208226
v -92.399544 0.248732 -14.508226
v -92.399544 1.148732 -14.508226
v -92.399544 0.248732 -15.208227
v -92.399544 1.148732 -15.208227
v -90.299545 0.248732 -14.508227
v -90.299545 1.148732 -14.508227
v -90.299545 0.248732 -15.208227
v -90.299545 1.148732 -15.208227
v -88.199539 0.248732 -14.508228
v -88.199539 1.148732 -14.508228
v -88.199539 0.248732 -15.208228
v -88.199539 1.148732 -15.208228
v -86.099548 0.248732 -14.508229
v -86.099548 1.148732 -14.508229
v -86.099548 0.248732 -15.208229
v -86.099548 1.148732 -15.208229
v -83.999542 0.248732 -14.508229
v -83.999542 1.148732 -14.508229
v -83.999542 0.248732 -15.208230
v -83.999542 1.148732 -15.208230
v -81.899544 0.248732 -14.508230
v -81.899544 1.148732 -14.508230
v -81.899544 0.248732 -15.208230
v -81.899544 1.148732 -15.208230
v -79.799545 0.248732 -14.508231
v -79.799545 1.148732 -14.508231
v -79.799545 0.248732 -15.208231
v -79.799545 1.148732 -15.208231
v -77.699539 0.248732 -14.508232
v -77.699539 1.148732 -14.508232
v -77.699539 0.248732 -15.208232
v -77.699539 1.148732 -15.208232
v -75.599548 0.248732 -14.508232
v -75.599548 1.148732 -14.508232
v -75.599548 0.248732 -15.208233
v -75.599548 1.148732 -15.208233
v -73.499542 0.248732 -14.508233
v -73.499542 1.148732 -14.508233
v -73.499542 0.248732 -15.208233
v -73.499542 1.148732 -15.208233
v -71.399544 0.248732 -14.508234
v -71.399544 1.148732 -14.508234
v -71.399544 0.248732 -15.208234
v -71.399544 1.148732 -15.208234
v -69.299545 0.248732 -14.508234
v -69.299545 1.148732 -14.508234
v -69.299545 0.248732 -15.208235
v -69.299545 1.148732 -15.208235
v -67.199539 0.248732 -14.508235
v -67.199539 1.148732 -14.508235
v -67.199539 0.248732 -15.208235
v -67.199539 1.148732 -15.208235
v -65.099548 0.248732 -14.508236
v -65.099548 1.148732 -14.508236
v -65.099548 0.248732 -15.208236
v -65.099548 1.148732 -15.208236
v -62.999542 0.248732 -14.508237
v -62.999542 1.148732 -14.508237
v -62.999542 0.248732 -15.208237
v -62.999542 1.148732 -15.208237
v -60.899544 0.248732 -14.508237
v -60.899544 1.148732 -14.508237
v -60.899544 0.248732 -15.208237
v -60.899544 1.148732 -15.208237
v -58.799545 0.248732 -14.508238
v -58.799545 1.148732 -14.508238
v -58.799545 0.248732 -15.208238
v -58.799545 1.148732 -15.208238
v -56.699539 0.248732 -14.508239
v -56.699539 1.148732 -14.508239
v -56.699539 0.248732 -15.208239
v -56.699539 1.148732 -15.208239
v -54.599541 0.248732 -14.508239
v -54.599541 1.148732 -14.508239
v -54.599541 0.248732 -15.208240
v -54.599541 1.148732 -15.208240
v -52.499542 0.248732 -14.508240
v -52.499542 1.148732 -14.508240
v -52.499542 0.248732 -15.208240
v -52.499542 1.148732 -15.208240
v -50.399544 0.248732 -14.508241
v -50.399544 1.148732 -14.508241
v -50.399544 0.248732 -15.208241
v -50.399544 1.148732 -15.208241
v -48.299545 0.248732 -14.508242
v -48.299545 1.148732 -14.508242
v -48.299545 0.248732 -15.208241
v -48.299545 1.148732 -15.208241
v -46.199539 0.248732 -14.508242
v -46.199539 1.148732 -14.508242
v -46.199539 0.248732 -15.208242
v -46.199539 1.148732 -15.208242
v -44.099541 0.248732 -14.508243
v -44.099541 1.148732 -14.508243
v -44.099541 0.248732 -15.208242
v -44.099541 1.148732 -15.208242
v -41.999542 0.248732 -14.508244
v -41.999542 1.148732 -14.508244
v -41.999542 0.248732 -15.208243
v -41.999542 1.148732 -15.208243
v -39.899544 0.248732 -14.508244
v -39.899544 1.148732 -14.508244
v -39.899544 0.248732 -15.208244
v -39.899544 1.148732 -15.208244
v -37.799538 0.248732 -14.508245
v -37.799538 1.148732 -14.508245
v -37.799538 0.248732 -15.208244
v -37.799538 1.148732 -15.208244
v -35.699539 0.248732 -14.508245
v -35.699539 1.148732 -14.508245
v -35.699539 0.248732 -15.208245
v -35.699539 1.148732 -15.208245
v -33.599541 0.248732 -14.508246
v -33.599541 1.148732 -14.508246
v -33.599541 0.248732 -15.208246
v -33.599541 1.148732 -15.208246
v -31.499542 0.248732 -14.508246
v -31.499542 1.148732 -14.508246
v -31.499542 0.248732 -15.208247
v -31.499542 1.148732 -15.208247
v -29.399544 0.248732 -14.508247
v -29.399544 1.148732 -14.508247
v -29.399544 0.248732 -15.208247
v -29.399544 1.148732 -15.208247
v -27.299538 0.248732 -14.508248
v -27.299538 1.148732 -14.508248
v -27.299538 0.248732 -15.208248
v -27.299538 1.148732 -15.208248
v -25.199539 0.248732 -14.508248
v -25.199539 1.148732 -14.508248
v -25.199539 0.248732 -15.208249
v -25.199539 1.148732 -15.208249
v -23.099541 0.248732 -14.508249
v -23.099541 1.148732 -14.508249
v -23.099541 0.248732 -15.208249
v -23.099541 1.148732 -15.208249
v -20.999542 0.248732 -14.508250
v -20.999542 1.148732 -14.508250
v -20.999542 0.248732 -15.208250
v -20.999542 1.148732 -15.208250
v -18.899536 0.248732 -14.508251
v -18.899536 1.148732 -14.508251
v -18.899536 0.248732 -15.208251
v -18.899536 1.148732 -15.208251
vt 0.617904 0.405549
vt 0.609902 0.397547
vt 0.617904 0.397547
vt 0.617904 0.367881
vt 0.609902 0.359879
vt 0.617904 0.359879
vt 0.243506 0.617797
vt 0.235504 0.609795
vt 0.243506 0.609795
vt 0.224672 0.617797
vt 0.216670 0.609795
vt 0.224672 0.609795
vt 0.205838 0.609795
vt 0.197836 0.617797
vt 0.197836 0.609795
vt 0.316609 0.607523
vt 0.308607 0.615525
vt 0.308607 0.607523
vt 0.599070 0.612723
vt 0.591068 0.604721
vt 0.599070 0.604721
vt 0.806244 0.367881
vt 0.798242 0.359879
vt 0.806244 0.359879
vt 0.561402 0.612723
vt 0.553400 0.604721
vt 0.561402 0.604721
vt 0.806244 0.405549
vt 0.798242 0.397547
vt 0.806244 0.397547
vt 0.806244 0.416381
vt 0.798242 0.424383
vt 0.798242 0.416381
vt 0.806244 0.435215
vt 0.798242 0.443217
vt 0.798242 0.435215
vt 0.523734 0.612723
vt 0.515732 0.604721
vt 0.523734 0.604721
vt 0.806244 0.480885
vt 0.798242 0.472883
vt 0.806244 0.472883
vt 0.611537 0.300212
vt 0.603534 0.292209
vt 0.611537 0.292209
vt 0.806244 0.518553
vt 0.798242 0.510551
vt 0.806244 0.510551
vt 0.806244 0.529385
vt 0.798242 0.537387
vt 0.798242 0.529385
vt 0.806244 0.548219
vt 0.798242 0.556221
vt 0.798242 0.548219
vt 0.611537 0.281378
vt 0.603534 0.273375
vt 0.611537 0.273375
vt 0.806244 0.593889
vt 0.798242 0.585887
vt 0.806244 0.585887
vt 0.611537 0.262544
vt 0.603534 0.254541
vt 0.611537 0.254541
vt 0.806244 0.631557
vt 0.798242 0.623555
vt 0.806244 0.623555
vt 0.806244 0.642389
vt 0.798242 0.650391
vt 0.798242 0.642389
vt 0.806244 0.661223
vt 0.798242 0.669225
vt 0.798242 0.661223
vt 0.013418 0.608768
vt 0.005416 0.600766
vt 0.013418 0.600766
vt 0.069920 0.945470
vt 0.061918 0.937468
vt 0.069920 0.937468
vt 0.107588 0.606458
vt 0.099586 0.598456
vt 0.107588 0.598456
vt 0.051086 0.945470
vt 0.043084 0.937468
vt 0.051086 0.937468
vt 0.032252 0.937468
vt 0.024250 0.945470
vt 0.024250 0.937468
vt 0.448398 0.936551
vt 0.440396 0.944553
vt 0.440396 0.936551
vt 0.051086 0.606458
vt 0.043084 0.598456
vt 0.051086 0.598456
vt 0.187004 0.940005
vt 0.179002 0.932003
vt 0.187004 0.932003
vt 0.448398 0.605542
vt 0.440396 0.597539
vt 0.448398 0.597539
vt 0.168170 0.940005
vt 0.160168 0.932003
vt 0.168170 0.932003
vt 0.149336 0.932003
vt 0.141334 0.940005
vt 0.141334 0.932003
vt 0.939168 0.137254
vt 0.931166 0.145256
vt 0.931166 0.137254
vt 0.168170 0.600993
vt 0.160168 0.592991
vt 0.168170 0.592991
vt 0.939168 0.126422
vt 0.931166 0.118420
vt 0.939168 0.118420
vt 0.600156 0.107588
vt 0.592154 0.099586
vt 0.600156 0.099586
vt 0.939168 0.051086
vt 0.931166 0.043084
vt 0.939168 0.043084
vt 0.939168 0.005416
vt 0.931166 0.013418
vt 0.931166 0.005416
vt 0.938082 0.887231
vt 0.930080 0.895233
vt 0.930080 0.887231
vt 0.391896 0.599627
vt 0.383894 0.591625
vt 0.391896 0.591625
vt 0.938082 0.857565
vt 0.930080 0.849563
vt 0.938082 0.849563
vt 0.599070 0.575055
vt 0.591068 0.567053
vt 0.599070 0.567053
vt 0.938082 0.782229
vt 0.930080 0.774227
vt 0.938082 0.774227
vt 0.938082 0.736559
vt 0.930080 0.744561
vt 0.930080 0.736559
vt 0.938082 0.661223
vt 0.930080 0.669225
vt 0.930080 0.661223
vt 0.599070 0.462051
vt 0.591068 0.454049
vt 0.599070 0.454049
vt 0.126422 0.813632
vt 0.118420 0.805630
vt 0.126422 0.805630
vt 0.599070 0.424383
vt 0.591068 0.416381
vt 0.599070 0.416381
vt 0.013418 0.815942
vt 0.005416 0.807940
vt 0.013418 0.807940
vt 0.818711 0.235707
vt 0.810708 0.243710
vt 0.810708 0.235707
vt 0.818711 0.254541
vt 0.810708 0.262544
vt 0.810708 0.254541
vt 0.599070 0.386715
vt 0.591068 0.378713
vt 0.599070 0.378713
vt 0.818711 0.300212
vt 0.810708 0.292209
vt 0.818711 0.292209
vt 0.599070 0.367881
vt 0.591068 0.359879
vt 0.599070 0.359879
vt 0.818711 0.337880
vt 0.810708 0.329877
vt 0.818711 0.329877
vt 0.467232 0.811895
vt 0.459230 0.819897
vt 0.459230 0.811895
vt 0.486066 0.811895
vt 0.478064 0.819897
vt 0.478064 0.811895
vt 0.599070 0.220387
vt 0.591068 0.212384
vt 0.599070 0.212384
vt 0.523734 0.819897
vt 0.515732 0.811895
vt 0.523734 0.811895
vt 0.599070 0.182719
vt 0.591068 0.174717
vt 0.599070 0.174717
vt 0.561402 0.819897
vt 0.553400 0.811895
vt 0.561402 0.811895
vt 0.580236 0.811895
vt 0.572234 0.819897
vt 0.572234 0.811895
vt 0.599070 0.811895
vt 0.591068 0.819897
vt 0.591068 0.811895
vt 0.224672 0.598963
vt 0.216670 0.590961
vt 0.224672 0.590961
vt 0.636738 0.819897
vt 0.628736 0.811895
vt 0.636738 0.811895
vt 0.205838 0.598963
vt 0.197836 0.590961
vt 0.205838 0.590961
vt 0.674406 0.819897
vt 0.666404 0.811895
vt 0.674406 0.811895
vt 0.693240 0.811895
vt 0.685238 0.819897
vt 0.685238 0.811895
vt 0.712074 0.811895
vt 0.704072 0.819897
vt 0.704072 0.811895
vt 0.410730 0.598670
vt 0.402728 0.590668
vt 0.410730 0.590668
vt 0.749742 0.819897
vt 0.741740 0.811895
vt 0.749742 0.811895
vt 0.297775 0.597141
vt 0.289773 0.589139
vt 0.297775 0.589139
vt 0.787410 0.819897
vt 0.779408 0.811895
vt 0.787410 0.811895
vt 0.806244 0.811895
vt 0.798242 0.819897
vt 0.798242 0.811895
vt 0.354276 0.814474
vt 0.346274 0.822477
vt 0.346274 0.814474
vt 0.354276 0.596469
vt 0.346274 0.588466
vt 0.354276 0.588466
vt 0.297775 0.823149
vt 0.289773 0.815147
vt 0.297775 0.815147
vt 0.580236 0.593889
vt 0.572234 0.585887
vt 0.580236 0.585887
vt 0.410730 0.824678
vt 0.402728 0.816676
vt 0.410730 0.816676
vt 0.205838 0.816969
vt 0.197836 0.824971
vt 0.197836 0.816969
vt 0.224672 0.816969
vt 0.216670 0.824971
vt 0.216670 0.816969
vt 0.561402 0.593889
vt 0.553400 0.585887
vt 0.561402 0.585887
vt 0.825078 0.182719
vt 0.817076 0.174717
vt 0.825078 0.174717
vt 0.523734 0.593889
vt 0.515732 0.585887
vt 0.523734 0.585887
vt 0.825078 0.220387
vt 0.817076 0.212384
vt 0.825078 0.212384
vt 0.825078 0.359879
vt 0.817076 0.367881
vt 0.817076 0.359879
vt 0.825078 0.378713
vt 0.817076 0.386715
vt 0.817076 0.378713
vt 0.486066 0.593889
vt 0.478064 0.585887
vt 0.486066 0.585887
vt 0.825078 0.424383
vt 0.817076 0.416381
vt 0.825078 0.416381
vt 0.467232 0.593889
vt 0.459230 0.585887
vt 0.467232 0.585887
vt 0.825078 0.462051
vt 0.817076 0.454049
vt 0.825078 0.454049
vt 0.825078 0.472883
vt 0.817076 0.480885
vt 0.817076 0.472883
vt 0.825078 0.491717
vt 0.817076 0.499719
vt 0.817076 0.491717
vt 0.592703 0.337880
vt 0.584700 0.329877
vt 0.592703 0.329877
vt 0.825078 0.537387
vt 0.817076 0.529385
vt 0.825078 0.529385
vt 0.592703 0.300212
vt 0.584700 0.292209
vt 0.592703 0.292209
vt 0.825078 0.575055
vt 0.817076 0.567053
vt 0.825078 0.567053
vt 0.825078 0.585887
vt 0.817076 0.593889
vt 0.817076 0.585887
vt 0.825078 0.604721
vt 0.817076 0.612723
vt 0.817076 0.604721
vt 0.592703 0.262544
vt 0.584700 0.254541
vt 0.592703 0.254541
vt 0.825078 0.650391
vt 0.817076 0.642389
vt 0.825078 0.642389
vt 0.592703 0.243710
vt 0.584700 0.235707
vt 0.592703 0.235707
vt 0.825078 0.688059
vt 0.817076 0.680057
vt 0.825078 0.680057
vt 0.825078 0.698891
vt 0.817076 0.706893
vt 0.817076 0.698891
vt 0.825078 0.717725
vt 0.817076 0.725727
vt 0.817076 0.717725
vt 0.013418 0.589934
vt 0.005416 0.581932
vt 0.013418 0.581932
vt 0.825078 0.763395
vt 0.817076 0.755393
vt 0.825078 0.755393
vt 0.126422 0.587624
vt 0.118420 0.579622
vt 0.126422 0.579622
vt 0.825078 0.801063
vt 0.817076 0.793061
vt 0.825078 0.793061
vt 0.825078 0.811895
vt 0.817076 0.819897
vt 0.817076 0.811895
vt 0.391896 0.817633
vt 0.383894 0.825635
vt 0.383894 0.817633
vt 0.581322 0.145256
vt 0.573320 0.137254
vt 0.581322 0.137254
vt 0.938082 0.631557
vt 0.930080 0.623555
vt 0.938082 0.623555
vt 0.581322 0.051086
vt 0.573320 0.043084
vt 0.581322 0.043084
vt 0.938082 0.612723
vt 0.930080 0.604721
vt 0.938082 0.604721
vt 0.938082 0.585887
vt 0.930080 0.593889
vt 0.930080 0.585887
vt 0.938082 0.567053
vt 0.930080 0.575055
vt 0.930080 0.567053
vt 0.581322 0.032252
vt 0.573320 0.024250
vt 0.581322 0.024250
vt 0.938082 0.556221
vt 0.930080 0.548219
vt 0.938082 0.548219
vt 0.580236 0.518553
vt 0.572234 0.510551
vt 0.580236 0.510551
vt 0.938082 0.537387
vt 0.930080 0.529385
vt 0.938082 0.529385
vt 0.938082 0.510551
vt 0.930080 0.518553
vt 0.930080 0.510551
vt 0.938082 0.491717
vt 0.930080 0.499719
vt 0.930080 0.491717
vt 0.580236 0.443217
vt 0.572234 0.435215
vt 0.580236 0.435215
vt 0.938082 0.480885
vt 0.930080 0.472883
vt 0.938082 0.472883
vt 0.580236 0.424383
vt 0.572234 0.416381
vt 0.580236 0.416381
vt 0.938082 0.462051
vt 0.930080 0.454049
vt 0.938082 0.454049
vt 0.938082 0.435215
vt 0.930080 0.443217
vt 0.930080 0.435215
vt 0.938082 0.416381
vt 0.930080 0.424383
vt 0.930080 0.416381
vt 0.580236 0.367881
vt 0.572234 0.359879
vt 0.580236 0.359879
vt 0.938082 0.405549
vt 0.930080 0.397547
vt 0.938082 0.397547
vt 0.580236 0.182719
vt 0.572234 0.174717
vt 0.580236 0.174717
vt 0.938082 0.386715
vt 0.930080 0.378713
vt 0.938082 0.378713
vt 0.938082 0.359879
vt 0.930080 0.367881
vt 0.930080 0.359879
vt 0.938082 0.212384
vt 0.930080 0.220387
vt 0.930080 0.212384
vt 0.243506 0.580129
vt 0.235504 0.572127
vt 0.243506 0.572127
vt 0.837545 0.337880
vt 0.829542 0.329877
vt 0.837545 0.329877
vt 0.205838 0.580129
vt 0.197836 0.572127
vt 0.205838 0.572127
vt 0.486066 0.838731
vt 0.478064 0.830729
vt 0.486066 0.830729
vt 0.504900 0.830729
vt 0.496898 0.838731
vt 0.496898 0.830729
vt 0.523734 0.830729
vt 0.515732 0.838731
vt 0.515732 0.830729
vt 0.262340 0.579600
vt 0.254338 0.571598
vt 0.262340 0.571598
vt 0.561402 0.838731
vt 0.553400 0.830729
vt 0.561402 0.830729
vt 0.297775 0.578307
vt 0.289773 0.570305
vt 0.297775 0.570305
vt 0.599070 0.838731
vt 0.591068 0.830729
vt 0.599070 0.830729
vt 0.617904 0.830729
vt 0.609902 0.838731
vt 0.609902 0.830729
vt 0.636738 0.830729
vt 0.628736 0.838731
vt 0.628736 0.830729
vt 0.316609 0.577857
vt 0.308607 0.569855
vt 0.316609 0.569855
vt 0.674406 0.838731
vt 0.666404 0.830729
vt 0.674406 0.830729
vt 0.561402 0.575055
vt 0.553400 0.567053
vt 0.561402 0.567053
vt 0.712074 0.838731
vt 0.704072 0.830729
vt 0.712074 0.830729
vt 0.730908 0.830729
vt 0.722906 0.838731
vt 0.722906 0.830729
vt 0.749742 0.830729
vt 0.741740 0.838731
vt 0.741740 0.830729
vt 0.609902 0.405549
vt 0.609902 0.367881
vt 0.235504 0.617797
vt 0.216670 0.617797
vt 0.205838 0.617797
vt 0.316609 0.615525
vt 0.591068 0.612723
vt 0.798242 0.367881
vt 0.553400 0.612723
vt 0.798242 0.405549
vt 0.806244 0.424383
vt 0.806244 0.443217
vt 0.515732 0.612723
vt 0.798242 0.480885
vt 0.603534 0.300212
vt 0.798242 0.518553
vt 0.806244 0.537387
vt 0.806244 0.556221
vt 0.603534 0.281378
vt 0.798242 0.593889
vt 0.603534 0.262544
vt 0.798242 0.631557
vt 0.806244 0.650391
vt 0.806244 0.669225
vt 0.005416 0.608768
vt 0.061918 0.945470
vt 0.099586 0.606458
vt 0.043084 0.945470
vt 0.032252 0.945470
vt 0.448398 0.944553
vt 0.043084 0.606458
vt 0.179002 0.940005
vt 0.440396 0.605542
vt 0.160168 0.940005
vt 0.149336 0.940005
vt 0.939168 0.145256
vt 0.160168 0.600993
vt 0.931166 0.126422
vt 0.592154 0.107588
vt 0.931166 0.051086
vt 0.939168 0.013418
vt 0.938082 0.895233
vt 0.383894 0.599627
vt 0.930080 0.857565
vt 0.591068 0.575055
vt 0.930080 0.782229
vt 0.938082 0.744561
vt 0.938082 0.669225
vt 0.591068 0.462051
vt 0.118420 0.813632
vt 0.591068 0.424383
vt 0.005416 0.815942
vt 0.818711 0.243710
vt 0.818711 0.262544
vt 0.591068 0.386715
vt 0.810708 0.300212
vt 0.591068 0.367881
vt 0.810708 0.337880
vt 0.467232 0.819897
vt 0.486066 0.819897
vt 0.591068 0.220387
vt 0.515732 0.819897
vt 0.591068 0.182719
vt 0.553400 0.819897
vt 0.580236 0.819897
vt 0.599070 0.819897
vt 0.216670 0.598963
vt 0.628736 0.819897
vt 0.197836 0.598963
vt 0.666404 0.819897
vt 0.693240 0.819897
vt 0.712074 0.819897
vt 0.402728 0.598670
vt 0.741740 0.819897
vt 0.289773 0.597141
vt 0.779408 0.819897
vt 0.806244 0.819897
vt 0.354276 0.822477
vt 0.346274 0.596469
vt 0.289773 0.823149
vt 0.572234 0.593889
vt 0.402728 0.824678
vt 0.205838 0.824971
vt 0.224672 0.824971
vt 0.553400 0.593889
vt 0.817076 0.182719
vt 0.515732 0.593889
vt 0.817076 0.220387
vt 0.825078 0.367881
vt 0.825078 0.386715
vt 0.478064 0.593889
vt 0.817076 0.424383
vt 0.459230 0.593889
vt 0.817076 0.462051
vt 0.825078 0.480885
vt 0.825078 0.499719
vt 0.584700 0.337880
vt 0.817076 0.537387
vt 0.584700 0.300212
vt 0.817076 0.575055
vt 0.825078 0.593889
vt 0.825078 0.612723
vt 0.584700 0.262544
vt 0.817076 0.650391
vt 0.584700 0.243710
vt 0.817076 0.688059
vt 0.825078 0.706893
vt 0.825078 0.725727
vt 0.005416 0.589934
vt 0.817076 0.763395
vt 0.118420 0.587624
vt 0.817076 0.801063
vt 0.825078 0.819897
vt 0.391896 0.825635
vt 0.573320 0.145256
vt 0.930080 0.631557
vt 0.573320 0.051086
vt 0.930080 0.612723
vt 0.938082 0.593889
vt 0.938082 0.575055
vt 0.573320 0.032252
vt 0.930080 0.556221
vt 0.572234 0.518553
vt 0.930080 0.537387
vt 0.938082 0.518553
vt 0.938082 0.499719
vt 0.572234 0.443217
vt 0.930080 0.480885
vt 0.572234 0.424383
vt 0.930080 0.462051
vt 0.938082 0.443217
vt 0.938082 0.424383
vt 0.572234 0.367881
vt 0.930080 0.405549
vt 0.572234 0.182719
vt 0.930080 0.386715
vt 0.938082 0.367881
vt 0.938082 0.220387
vt 0.235504 0.580129
vt 0.829542 0.337880
vt 0.197836 0.580129
vt 0.478064 0.838731
vt 0.504900 0.838731
vt 0.523734 0.838731
vt 0.254338 0.579600
vt 0.553400 0.838731
vt 0.289773 0.578307
vt 0.591068 0.838731
vt 0.617904 0.838731
vt 0.636738 0.838731
vt 0.308607 0.577857
vt 0.666404 0.838731
vt 0.553400 0.575055
vt 0.704072 0.838731
vt 0.730908 0.838731
vt 0.749742 0.838731
vn -1.0000 0.0000 0.0000
vn 0.0000 0.0000 -1.0000
vn 1.0000 0.0000 0.0000
vn 0.0000 0.0000 1.0000
vn 0.0000 -1.0000 0.0000
vn 0.0000 1.0000 0.0000
s off
f 1912/5369/225 1913/5370/225 1911/5371/225
f 1914/5372/226 1917/5373/226 1913/5374/226
f 1918/5375/227 1915/5376/227 1917/5377/227
f 1916/5378/228 1911/5379/228 1915/5380/228
f 1917/5381/229 1911/5382/229 1913/5383/229
f 1914/5384/230 1916/5385/230 1918/5386/230
f 1920/5387/225 1921/5388/225 1919/5389/225
f 1922/5390/226 1925/5391/226 1921/5392/226
f 1926/5393/227 1923/5394/227 1925/5395/227
f 1924/5396/228 1919/5397/228 1923/5398/228
f 1925/5399/229 1919/5400/229 1921/5401/229
f 1922/5402/230 1924/5403/230 1926/5404/230
f 1928/5405/225 1929/5406/225 1927/5407/225
f 1930/5408/226 1933/5409/226 1929/5410/226
f 1934/5411/227 1931/5412/227 1933/5413/227
f 1932/5414/228 1927/5415/228 1931/5416/228
f 1933/5417/229 1927/5418/229 1929/5419/229
f 1930/5420/230 1932/5421/230 1934/5422/230
f 1936/5423/225 1937/5424/225 1935/5425/225
f 1938/5426/226 1941/5427/226 1937/5428/226
f 1942/5429/227 1939/5430/227 1941/5431/227
f 1940/5432/228 1935/5433/228 1939/5434/228
f 1941/5435/229 1935/5436/229 1937/5437/229
f 1938/5438/230 1940/5439/230 1942/5440/230
f 1944/5441/225 1945/5442/225 1943/5443/225
f 1946/5444/226 1949/5445/226 1945/5446/226
f 1950/5447/227 1947/5448/227 1949/5449/227
f 1948/5450/228 1943/5451/228 1947/5452/228
f 1949/5453/229 1943/5454/229 1945/5455/229
f 1946/5456/230 1948/5457/230 1950/5458/230
f 1952/5459/225 1953/5460/225 1951/5461/225
f 1954/5462/226 1957/5463/226 1953/5464/226
f 1958/5465/227 1955/5466/227 1957/5467/227
f 1956/5468/228 1951/5469/228 1955/5470/228
f 1957/5471/229 1951/5472/229 1953/5473/229
f 1954/5474/230 1956/5475/230 1958/5476/230
f 1960/5477/225 1961/5478/225 1959/5479/225
f 1962/5480/226 1965/5481/226 1961/5482/226
f 1966/5483/227 1963/5484/227 1965/5485/227
f 1964/5486/228 1959/5487/228 1963/5488/228
f 1965/5489/229 1959/5490/229 1961/5491/229
f 1962/5492/230 1964/5493/230 1966/5494/230
f 1968/5495/225 1969/5496/225 1967/5497/225
f 1970/5498/226 1973/5499/226 1969/5500/226
f 1974/5501/227 1971/5502/227 1973/5503/227
f 1972/5504/228 1967/5505/228 1971/5506/228
f 1973/5507/229 1967/5508/229 1969/5509/229
f 1970/5510/230 1972/5511/230 1974/5512/230
f 1976/5513/225 1977/5514/225 1975/5515/225
f 1978/5516/226 1981/5517/226 1977/5518/226
f 1982/5519/227 1979/5520/227 1981/5521/227
f 1980/5522/228 1975/5523/228 1979/5524/228
f 1981/5525/229 1975/5526/229 1977/5527/229
f 1978/5528/230 1980/5529/230 1982/5530/230
f 1984/5531/225 1985/5532/225 1983/5533/225
f 1986/5534/226 1989/5535/226 1985/5536/226
f 1990/5537/227 1987/5538/227 1989/5539/227
f 1988/5540/228 1983/5541/228 1987/5542/228
f 1989/5543/229 1983/5544/229 1985/5545/229
f 1986/5546/230 1988/5547/230 1990/5548/230
f 1992/5549/225 1993/5550/225 1991/5551/225
f 1994/5552/226 1997/5553/226 1993/5554/226
f 1998/5555/227 1995/5556/227 1997/5557/227
f 1996/5558/228 1991/5559/228 1995/5560/228
f 1997/5561/229 1991/5562/229 1993/5563/229
f 1994/5564/230 1996/5565/230 1998/5566/230
f 2000/5567/225 2001/5568/225 1999/5569/225
f 2002/5570/226 2005/5571/226 2001/5572/226
f 2006/5573/227 2003/5574/227 2005/5575/227
f 2004/5576/228 1999/5577/228 2003/5578/228
f 2005/5579/229 1999/5580/229 2001/5581/229
f 2002/5582/230 2004/5583/230 2006/5584/230
f 2008/5585/225 2009/5586/225 2007/5587/225
f 2010/5588/226 2013/5589/226 2009/5590/226
f 2014/5591/227 2011/5592/227 2013/5593/227
f 2012/5594/228 2007/5595/228 2011/5596/228
f 2013/5597/229 2007/5598/229 2009/5599/229
f 2010/5600/230 2012/5601/230 2014/5602/230
f 2016/5603/225 2017/5604/225 2015/5605/225
f 2018/5606/226 2021/5607/226 2017/5608/226
f 2022/5609/227 2019/5610/227 2021/5611/227
f 2020/5612/228 2015/5613/228 2019/5614/228
f 2021/5615/229 2015/5616/229 2017/5617/229
f 2018/5618/230 2020/5619/230 2022/5620/230
f 2024/5621/225 2025/5622/225 2023/5623/225
f 2026/5624/226 2029/5625/226 2025/5626/226
f 2030/5627/227 2027/5628/227 2029/5629/227
f 2028/5630/228 2023/5631/228 2027/5632/228
f 2029/5633/229 2023/5634/229 2025/5635/229
f 2026/5636/230 2028/5637/230 2030/5638/230
f 2032/5639/225 2033/5640/225 2031/5641/225
f 2034/5642/226 2037/5643/226 2033/5644/226
f 2038/5645/227 2035/5646/227 2037/5647/227
f 2036/5648/228 2031/5649/228 2035/5650/228
f 2037/5651/229 2031/5652/229 2033/5653/229
f 2034/5654/230 2036/5655/230 2038/5656/230
f 2040/5657/225 2041/5658/225 2039/5659/225
f 2042/5660/226 2045/5661/226 2041/5662/226
f 2046/5663/227 2043/5664/227 2045/5665/227
f 2044/5666/228 2039/5667/228 2043/5668/228
f 2045/5669/229 2039/5670/229 2041/5671/229
f 2042/5672/230 2044/5673/230 2046/5674/230
f 2048/5675/225 2049/5676/225 2047/5677/225
f 2050/5678/226 2053/5679/226 2049/5680/226
f 2054/5681/227 2051/5682/227 2053/5683/227
f 2052/5684/228 2047/5685/228 2051/5686/228
f 2053/5687/229 2047/5688/229 2049/5689/229
f 2050/5690/230 2052/5691/230 2054/5692/230
f 2056/5693/225 2057/5694/225 2055/5695/225
f 2058/5696/226 2061/5697/226 2057/5698/226
f 2062/5699/227 2059/5700/227 2061/5701/227
f 2060/5702/228 2055/5703/228 2059/5704/228
f 2061/5705/229 2055/5706/229 2057/5707/229
f 2058/5708/230 2060/5709/230 2062/5710/230
f 2064/5711/225 2065/5712/225 2063/5713/225
f 2066/5714/226 2069/5715/226 2065/5716/226
f 2070/5717/227 2067/5718/227 2069/5719/227
f 2068/5720/228 2063/5721/228 2067/5722/228
f 2069/5723/229 2063/5724/229 2065/5725/229
f 2066/5726/230 2068/5727/230 2070/5728/230
f 2072/5729/225 2073/5730/225 2071/5731/225
f 2074/5732/226 2077/5733/226 2073/5734/226
f 2078/5735/227 2075/5736/227 2077/5737/227
f 2076/5738/228 2071/5739/228 2075/5740/228
f 2077/5741/229 2071/5742/229 2073/5743/229
f 2074/5744/230 2076/5745/230 2078/5746/230
f 2080/5747/225 2081/5748/225 2079/5749/225
f 2082/5750/226 2085/5751/226 2081/5752/226
f 2086/5753/227 2083/5754/227 2085/5755/227
f 2084/5756/228 2079/5757/228 2083/5758/228
f 2085/5759/229 2079/5760/229 2081/5761/229
f 2082/5762/230 2084/5763/230 2086/5764/230
f 2088/5765/225 2089/5766/225 2087/5767/225
f 2090/5768/226 2093/5769/226 2089/5770/226
f 2094/5771/227 2091/5772/227 2093/5773/227
f 2092/5774/228 2087/5775/228 2091/5776/228
f 2093/5777/229 2087/5778/229 2089/5779/229
f 2090/5780/230 2092/5781/230 2094/5782/230
f 2096/5783/225 2097/5784/225 2095/5785/225
f 2098/5786/226 2101/5787/226 2097/5788/226
f 2102/5789/227 2099/5790/227 2101/5791/227
f 2100/5792/228 2095/5793/228 2099/5794/228
f 2101/5795/229 2095/5796/229 2097/5797/229
f 2098/5798/230 2100/5799/230 2102/5800/230
f 2104/5801/225 2105/5802/225 2103/5803/225
f 2106/5804/226 2109/5805/226 2105/5806/226
f 2110/5807/227 2107/5808/227 2109/5809/227
f 2108/5810/228 2103/5811/228 2107/5812/228
f 2109/5813/229 2103/5814/229 2105/5815/229
f 2106/5816/230 2108/5817/230 2110/5818/230
f 2112/5819/225 2113/5820/225 2111/5821/225
f 2114/5822/226 2117/5823/226 2113/5824/226
f 2118/5825/227 2115/5826/227 2117/5827/227
f 2116/5828/228 2111/5829/228 2115/5830/228
f 2117/5831/229 2111/5832/229 2113/5833/229
f 2114/5834/230 2116/5835/230 2118/5836/230
f 1912/5369/225 1914/5837/225 1913/5370/225
f 1914/5372/226 1918/5838/226 1917/5373/226
f 1918/5375/227 1916/5839/227 1915/5376/227
f 1916/5378/228 1912/5840/228 1911/5379/228
f 1917/5381/229 1915/5841/229 1911/5382/229
f 1914/5384/230 1912/5842/230 1916/5385/230
f 1920/5387/225 1922/5843/225 1921/5388/225
f 1922/5390/226 1926/5844/226 1925/5391/226
f 1926/5393/227 1924/5845/227 1923/5394/227
f 1924/5396/228 1920/5846/228 1919/5397/228
f 1925/5399/229 1923/5847/229 1919/5400/229
f 1922/5402/230 1920/5848/230 1924/5403/230
f 1928/5405/225 1930/5849/225 1929/5406/225
f 1930/5408/226 1934/5850/226 1933/5409/226
f 1934/5411/227 1932/5851/227 1931/5412/227
f 1932/5414/228 1928/5852/228 1927/5415/228
f 1933/5417/229 1931/5853/229 1927/5418/229
f 1930/5420/230 1928/5854/230 1932/5421/230
f 1936/5423/225 1938/5855/225 1937/5424/225
f 1938/5426/226 1942/5856/226 1941/5427/226
f 1942/5429/227 1940/5857/227 1939/5430/227
f 1940/5432/228 1936/5858/228 1935/5433/228
f 1941/5435/229 1939/5859/229 1935/5436/229
f 1938/5438/230 1936/5860/230 1940/5439/230
f 1944/5441/225 1946/5861/225 1945/5442/225
f 1946/5444/226 1950/5862/226 1949/5445/226
f 1950/5447/227 1948/5863/227 1947/5448/227
f 1948/5450/228 1944/5864/228 1943/5451/228
f 1949/5453/229 1947/5865/229 1943/5454/229
f 1946/5456/230 1944/5866/230 1948/5457/230
f 1952/5459/225 1954/5867/225 1953/5460/225
f 1954/5462/226 1958/5868/226 1957/5463/226
f 1958/5465/227 1956/5869/227 1955/5466/227
f 1956/5468/228 1952/5870/228 1951/5469/228
f 1957/5471/229 1955/5871/229 1951/5472/229
f 1954/5474/230 1952/5872/230 1956/5475/230
f 1960/5477/225 1962/5873/225 1961/5478/225
f 1962/5480/226 1966/5874/226 1965/5481/226
f 1966/5483/227 1964/5875/227 1963/5484/227
f 1964/5486/228 1960/5876/228 1959/5487/228
f 1965/5489/229 1963/5877/229 1959/5490/229
f 1962/5492/230 1960/5878/230 1964/5493/230
f 1968/5495/225 1970/5879/225 1969/5496/225
f 1970/5498/226 1974/5880/226 1973/5499/226
f 1974/5501/227 1972/5881/227 1971/5502/227
f 1972/5504/228 1968/5882/228 1967/5505/228
f 1973/5507/229 1971/5883/229 1967/5508/229
f 1970/5510/230 1968/5884/230 1972/5511/230
f 1976/5513/225 1978/5885/225 1977/5514/225
f 1978/5516/226 1982/5886/226 1981/5517/226
f 1982/5519/227 1980/5887/227 1979/5520/227
f 1980/5522/228 1976/5888/228 1975/5523/228
f 1981/5525/229 1979/5889/229 1975/5526/229
f 1978/5528/230 1976/5890/230 1980/5529/230
f 1984/5531/225 1986/5891/225 1985/5532/225
f 1986/5534/226 1990/5892/226 1989/5535/226
f 1990/5537/227 1988/5893/227 1987/5538/227
f 1988/5540/228 1984/5894/228 1983/5541/228
f 1989/5543/229 1987/5895/229 1983/5544/229
f 1986/5546/230 1984/5896/230 1988/5547/230
f 1992/5549/225 1994/5897/225 1993/5550/225
f 1994/5552/226 1998/5898/226 1997/5553/226
f 1998/5555/227 1996/5899/227 1995/5556/227
f 1996/5558/228 1992/5900/228 1991/5559/228
f 1997/5561/229 1995/5901/229 1991/5562/229
f 1994/5564/230 1992/5902/230 1996/5565/230
f 2000/5567/225 2002/5903/225 2001/5568/225
f 2002/5570/226 2006/5904/226 2005/5571/226
f 2006/5573/227 2004/5905/227 2003/5574/227
f 2004/5576/228 2000/5906/228 1999/5577/228
f 2005/5579/229 2003/5907/229 1999/5580/229
f 2002/5582/230 2000/5908/230 2004/5583/230
f 2008/5585/225 2010/5909/225 2009/5586/225
f 2010/5588/226 2014/5910/226 2013/5589/226
f 2014/5591/227 2012/5911/227 2011/5592/227
f 2012/5594/228 2008/5912/228 2007/5595/228
f 2013/5597/229 2011/5913/229 2007/5598/229
f 2010/5600/230 2008/5914/230 2012/5601/230
f 2016/5603/225 2018/5915/225 2017/5604/225
f 2018/5606/226 2022/5916/226 2021/5607/226
f 2022/5609/227 2020/5917/227 2019/5610/227
f 2020/5612/228 2016/5918/228 2015/5613/228
f 2021/5615/229 2019/5919/229 2015/5616/229
f 2018/5618/230 2016/5920/230 2020/5619/230
f 2024/5621/225 2026/5921/225 2025/5622/225
f 2026/5624/226 2030/5922/226 2029/5625/226
f 2030/5627/227 2028/5923/227 2027/5628/227
f 2028/5630/228 2024/5924/228 2023/5631/228
f 2029/5633/229 2027/5925/229 2023/5634/229
f 2026/5636/230 2024/5926/230 2028/5637/230
f 2032/5639/225 2034/5927/225 2033/5640/225
f 2034/5642/226 2038/5928/226 2037/5643/226
f 2038/5645/227 2036/5929/227 2035/5646/227
f 2036/5648/228 2032/5930/228 2031/5649/228
f 2037/5651/229 2035/5931/229 2031/5652/229
f 2034/5654/230 2032/5932/230 2036/5655/230
f 2040/5657/225 2042/5933/225 2041/5658/225
f 2042/5660/226 2046/5934/226 2045/5661/226
f 2046/5663/227 2044/5935/227 2043/5664/227
f 2044/5666/228 2040/5936/228 2039/5667/228
f 2045/5669/229 2043/5937/229 2039/5670/229
f 2042/5672/230 2040/5938/230 2044/5673/230
f 2048/5675/225 2050/5939/225 2049/5676/225
f 2050/5678/226 2054/5940/226 2053/5679/226
f 2054/5681/227 2052/5941/227 2051/5682/227
f 2052/5684/228 2048/5942/228 2047/5685/228
f 2053/5687/229 2051/5943/229 2047/5688/229
f 2050/5690/230 2048/5944/230 2052/5691/230
f 2056/5693/225 2058/5945/225 2057/5694/225
f 2058/5696/226 2062/5946/226 2061/5697/226
f 2062/5699/227 2060/5947/227 2059/5700/227
f 2060/5702/228 2056/5948/228 2055/5703/228
f 2061/5705/229 2059/5949/229 2055/5706/229
f 2058/5708/230 2056/5950/230 2060/5709/230
f 2064/5711/225 2066/5951/225 2065/5712/225
f 2066/5714/226 2070/5952/226 2069/5715/226
f 2070/5717/227 2068/5953/227 2067/5718/227
f 2068/5720/228 2064/5954/228 2063/5721/228
f 2069/5723/229 2067/5955/229 2063/5724/229
f 2066/5726/230 2064/5956/230 2068/5727/230
f 2072/5729/225 2074/5957/225 2073/5730/225
f 2074/5732/226 2078/5958/226 2077/5733/226
f 2078/5735/227 2076/5959/227 2075/5736/227
f 2076/5738/228 2072/5960/228 2071/5739/228
f 2077/5741/229 2075/5961/229 2071/5742/229
f 2074/5744/230 2072/5962/230 2076/5745/230
f 2080/5747/225 2082/5963/225 2081/5748/225
f 2082/5750/226 2086/5964/226 2085/5751/226
f 2086/5753/227 2084/5965/227 2083/5754/227
f 2084/5756/228 2080/5966/228 2079/5757/228
f 2085/5759/229 2083/5967/229 2079/5760/229
f 2082/5762/230 2080/5968/230 2084/5763/230
f 2088/5765/225 2090/5969/225 2089/5766/225
f 2090/5768/226 2094/5970/226 2093/5769/226
f 2094/5771/227 2092/5971/227 2091/5772/227
f 2092/5774/228 2088/5972/228 2087/5775/228
f 2093/5777/229 2091/5973/229 2087/5778/229
f 2090/5780/230 2088/5974/230 2092/5781/230
f 2096/5783/225 2098/5975/225 2097/5784/225
f 2098/5786/226 2102/5976/226 2101/5787/226
f 2102/5789/227 2100/5977/227 2099/5790/227
f 2100/5792/228 2096/5978/228 2095/5793/228
f 2101/5795/229 2099/5979/229 2095/5796/229
f 2098/5798/230 2096/5980/230 2100/5799/230
f 2104/5801/225 2106/5981/225 2105/5802/225
f 2106/5804/226 2110/5982/226 2109/5805/226
f 2110/5807/227 2108/5983/227 2107/5808/227
f 2108/5810/228 2104/5984/228 2103/5811/228
f 2109/5813/229 2107/5985/229 2103/5814/229
f 2106/5816/230 2104/5986/230 2108/5817/230
f 2112/5819/225 2114/5987/225 2113/5820/225
f 2114/5822/226 2118/5988/226 2117/5823/226
f 2118/5825/227 2116/5989/227 2115/5826/227
f 2116/5828/228 2112/5990/228 2111/5829/228
f 2117/5831/229 2115/5991/229 2111/5832/229
f 2114/5834/230 2112/5992/230 2116/5835/230
o Cube.033_Cube.047
v 133.444504 0.248732 14.527330
v 133.444504 1.148732 14.527330
v 133.444504 0.248732 15.227330
v 133.444504 1.148732 15.227330
v 131.344498 0.248732 14.527331
v 131.344498 1.148732 14.527331
v 131.344498 0.248732 15.227331
v 131.344498 1.148732 15.227331
v 129.244507 0.248732 14.527333
v 129.244507 1.148732 14.527333
v 129.244507 0.248732 15.227333
v 129.244507 1.148732 15.227333
v 127.144501 0.248732 14.527334
v 127.144501 1.148732 14.527334
v 127.144501 0.248732 15.227334
v 127.144501 1.148732 15.227334
v 125.044502 0.248732 14.527335
v 125.044502 1.148732 14.527335
v 125.044502 0.248732 15.227336
v 125.044502 1.148732 15.227336
v 122.944504 0.248732 14.527337
v 122.944504 1.148732 14.527337
v 122.944504 0.248732 15.227337
v 122.944504 1.148732 15.227337
v 120.844498 0.248732 14.527338
v 120.844498 1.148732 14.527338
v 120.844498 0.248732 15.227339
v 120.844498 1.148732 15.227339
v 118.744499 0.248732 14.527340
v 118.744499 1.148732 14.527340
v 118.744499 0.248732 15.227340
v 118.744499 1.148732 15.227340
v 116.644501 0.248732 14.527341
v 116.644501 1.148732 14.527341
v 116.644501 0.248732 15.227341
v 116.644501 1.148732 15.227341
v 114.544502 0.248732 14.527343
v 114.544502 1.148732 14.527343
v 114.544502 0.248732 15.227343
v 114.544502 1.148732 15.227343
v 112.444504 0.248732 14.527344
v 112.444504 1.148732 14.527344
v 112.444504 0.248732 15.227344
v 112.444504 1.148732 15.227344
v 110.344498 0.248732 14.527345
v 110.344498 1.148732 14.527345
v 110.344498 0.248732 15.227345
v 110.344498 1.148732 15.227345
v 108.244499 0.248732 14.527347
v 108.244499 1.148732 14.527347
v 108.244499 0.248732 15.227346
v 108.244499 1.148732 15.227346
v 106.144501 0.248732 14.527348
v 106.144501 1.148732 14.527348
v 106.144501 0.248732 15.227348
v 106.144501 1.148732 15.227348
v 104.044495 0.248732 14.527349
v 104.044495 1.148732 14.527349
v 104.044495 0.248732 15.227349
v 104.044495 1.148732 15.227349
v 101.944496 0.248732 14.527350
v 101.944496 1.148732 14.527350
v 101.944496 0.248732 15.227350
v 101.944496 1.148732 15.227350
v 99.844498 0.248732 14.527352
v 99.844498 1.148732 14.527352
v 99.844498 0.248732 15.227352
v 99.844498 1.148732 15.227352
v 97.744499 0.248732 14.527353
v 97.744499 1.148732 14.527353
v 97.744499 0.248732 15.227353
v 97.744499 1.148732 15.227353
v 95.644501 0.248732 14.527355
v 95.644501 1.148732 14.527355
v 95.644501 0.248732 15.227355
v 95.644501 1.148732 15.227355
v 93.544495 0.248732 14.527356
v 93.544495 1.148732 14.527356
v 93.544495 0.248732 15.227356
v 93.544495 1.148732 15.227356
v 91.444496 0.248732 14.527357
v 91.444496 1.148732 14.527357
v 91.444496 0.248732 15.227358
v 91.444496 1.148732 15.227358
v 89.344498 0.248732 14.527359
v 89.344498 1.148732 14.527359
v 89.344498 0.248732 15.227359
v 89.344498 1.148732 15.227359
v 87.244499 0.248732 14.527360
v 87.244499 1.148732 14.527360
v 87.244499 0.248732 15.227360
v 87.244499 1.148732 15.227360
v 85.144501 0.248732 14.527362
v 85.144501 1.148732 14.527362
v 85.144501 0.248732 15.227362
v 85.144501 1.148732 15.227362
v 83.044495 0.248732 14.527363
v 83.044495 1.148732 14.527363
v 83.044495 0.248732 15.227363
v 83.044495 1.148732 15.227363
v 80.944496 0.248732 14.527365
v 80.944496 1.148732 14.527365
v 80.944496 0.248732 15.227365
v 80.944496 1.148732 15.227365
v 78.844498 0.248732 14.527366
v 78.844498 1.148732 14.527366
v 78.844498 0.248732 15.227365
v 78.844498 1.148732 15.227365
v 76.744492 0.248732 14.527367
v 76.744492 1.148732 14.527367
v 76.744492 0.248732 15.227367
v 76.744492 1.148732 15.227367
v 74.644501 0.248732 14.527369
v 74.644501 1.148732 14.527369
v 74.644501 0.248732 15.227368
v 74.644501 1.148732 15.227368
v 72.544495 0.248732 14.527369
v 72.544495 1.148732 14.527369
v 72.544495 0.248732 15.227370
v 72.544495 1.148732 15.227370
v 70.444496 0.248732 14.527371
v 70.444496 1.148732 14.527371
v 70.444496 0.248732 15.227371
v 70.444496 1.148732 15.227371
v 68.344498 0.248732 14.527372
v 68.344498 1.148732 14.527372
v 68.344498 0.248732 15.227372
v 68.344498 1.148732 15.227372
v 66.244499 0.248732 14.527374
v 66.244499 1.148732 14.527374
v 66.244499 0.248732 15.227374
v 66.244499 1.148732 15.227374
v 64.144493 0.248732 14.527375
v 64.144493 1.148732 14.527375
v 64.144493 0.248732 15.227375
v 64.144493 1.148732 15.227375
v 62.044495 0.248732 14.527376
v 62.044495 1.148732 14.527376
v 62.044495 0.248732 15.227377
v 62.044495 1.148732 15.227377
v 59.944496 0.248732 14.527378
v 59.944496 1.148732 14.527378
v 59.944496 0.248732 15.227378
v 59.944496 1.148732 15.227378
v 57.844498 0.248732 14.527379
v 57.844498 1.148732 14.527379
v 57.844498 0.248732 15.227380
v 57.844498 1.148732 15.227380
v 55.744499 0.248732 14.527381
v 55.744499 1.148732 14.527381
v 55.744499 0.248732 15.227381
v 55.744499 1.148732 15.227381
v 53.644493 0.248732 14.527382
v 53.644493 1.148732 14.527382
v 53.644493 0.248732 15.227382
v 53.644493 1.148732 15.227382
v 51.544495 0.248732 14.527384
v 51.544495 1.148732 14.527384
v 51.544495 0.248732 15.227384
v 51.544495 1.148732 15.227384
v 49.444496 0.248732 14.527385
v 49.444496 1.148732 14.527385
v 49.444496 0.248732 15.227385
v 49.444496 1.148732 15.227385
v 47.344498 0.248732 14.527386
v 47.344498 1.148732 14.527386
v 47.344498 0.248732 15.227386
v 47.344498 1.148732 15.227386
v 45.244492 0.248732 14.527388
v 45.244492 1.148732 14.527388
v 45.244492 0.248732 15.227387
v 45.244492 1.148732 15.227387
v 43.144493 0.248732 14.527389
v 43.144493 1.148732 14.527389
v 43.144493 0.248732 15.227389
v 43.144493 1.148732 15.227389
v 41.044495 0.248732 14.527390
v 41.044495 1.148732 14.527390
v 41.044495 0.248732 15.227390
v 41.044495 1.148732 15.227390
v 38.944496 0.248732 14.527391
v 38.944496 1.148732 14.527391
v 38.944496 0.248732 15.227391
v 38.944496 1.148732 15.227391
v 36.844498 0.248732 14.527393
v 36.844498 1.148732 14.527393
v 36.844498 0.248732 15.227393
v 36.844498 1.148732 15.227393
v 34.744492 0.248732 14.527394
v 34.744492 1.148732 14.527394
v 34.744492 0.248732 15.227394
v 34.744492 1.148732 15.227394
v 32.644493 0.248732 14.527396
v 32.644493 1.148732 14.527396
v 32.644493 0.248732 15.227396
v 32.644493 1.148732 15.227396
v 30.544495 0.248732 14.527397
v 30.544495 1.148732 14.527397
v 30.544495 0.248732 15.227397
v 30.544495 1.148732 15.227397
vt 0.573869 0.300212
vt 0.565866 0.292209
vt 0.573869 0.292209
vt 0.573869 0.281378
vt 0.565866 0.273375
vt 0.573869 0.273375
vt 0.573869 0.262544
vt 0.565866 0.254541
vt 0.573869 0.254541
vt 0.013418 0.571100
vt 0.005416 0.563098
vt 0.013418 0.563098
vt 0.126422 0.560788
vt 0.118420 0.568790
vt 0.118420 0.560788
vt 0.107588 0.560788
vt 0.099586 0.568790
vt 0.099586 0.560788
vt 0.088754 0.568790
vt 0.080752 0.560788
vt 0.088754 0.560788
vt 0.262340 0.843276
vt 0.254338 0.835274
vt 0.262340 0.835274
vt 0.051086 0.568790
vt 0.043084 0.560788
vt 0.051086 0.560788
vt 0.205838 0.843805
vt 0.197836 0.835803
vt 0.205838 0.835803
vt 0.224672 0.835803
vt 0.216670 0.843805
vt 0.216670 0.835803
vt 0.243506 0.835803
vt 0.235504 0.843805
vt 0.235504 0.835803
vt 0.448398 0.567874
vt 0.440396 0.559871
vt 0.448398 0.559871
vt 0.843912 0.201553
vt 0.835910 0.193550
vt 0.843912 0.193550
vt 0.187004 0.563325
vt 0.179002 0.555323
vt 0.187004 0.555323
vt 0.843912 0.367881
vt 0.835910 0.359879
vt 0.843912 0.359879
vt 0.843912 0.378713
vt 0.835910 0.386715
vt 0.835910 0.378713
vt 0.843912 0.397547
vt 0.835910 0.405549
vt 0.835910 0.397547
vt 0.168170 0.563325
vt 0.160168 0.555323
vt 0.168170 0.555323
vt 0.843912 0.443217
vt 0.835910 0.435215
vt 0.843912 0.435215
vt 0.562488 0.145256
vt 0.554486 0.137254
vt 0.562488 0.137254
vt 0.843912 0.480885
vt 0.835910 0.472883
vt 0.843912 0.472883
vt 0.843912 0.491717
vt 0.835910 0.499719
vt 0.835910 0.491717
vt 0.843912 0.510551
vt 0.835910 0.518553
vt 0.835910 0.510551
vt 0.562488 0.107588
vt 0.554486 0.099586
vt 0.562488 0.099586
vt 0.938082 0.201553
vt 0.930080 0.193550
vt 0.938082 0.193550
vt 0.562488 0.069920
vt 0.554486 0.061918
vt 0.562488 0.061918
vt 0.938082 0.182719
vt 0.930080 0.174717
vt 0.938082 0.174717
vt 0.243506 0.929973
vt 0.235504 0.937975
vt 0.235504 0.929973
vt 0.224672 0.929973
vt 0.216670 0.937975
vt 0.216670 0.929973
vt 0.561402 0.556221
vt 0.553400 0.548219
vt 0.561402 0.548219
vt 0.205838 0.937975
vt 0.197836 0.929973
vt 0.205838 0.929973
vt 0.561402 0.499719
vt 0.553400 0.491717
vt 0.561402 0.491717
vt 0.410730 0.937682
vt 0.402728 0.929680
vt 0.410730 0.929680
vt 0.262340 0.929444
vt 0.254338 0.937446
vt 0.254338 0.929444
vt 0.297775 0.928151
vt 0.289773 0.936153
vt 0.289773 0.928151
vt 0.561402 0.386715
vt 0.553400 0.378713
vt 0.561402 0.378713
vt 0.316609 0.935703
vt 0.308607 0.927701
vt 0.316609 0.927701
vt 0.561402 0.201553
vt 0.553400 0.193550
vt 0.561402 0.193550
vt 0.354276 0.935481
vt 0.346274 0.927478
vt 0.354276 0.927478
vt 0.919248 0.924899
vt 0.911246 0.932901
vt 0.911246 0.924899
vt 0.900414 0.924899
vt 0.892412 0.932901
vt 0.892412 0.924899
vt 0.561402 0.182719
vt 0.553400 0.174717
vt 0.561402 0.174717
vt 0.881580 0.932901
vt 0.873578 0.924899
vt 0.881580 0.924899
vt 0.410730 0.561002
vt 0.402728 0.553000
vt 0.410730 0.553000
vt 0.862746 0.932901
vt 0.854744 0.924899
vt 0.862746 0.924899
vt 0.843912 0.924899
vt 0.835910 0.932901
vt 0.835910 0.924899
vt 0.825078 0.924899
vt 0.817076 0.932901
vt 0.817076 0.924899
vt 0.297775 0.559473
vt 0.289773 0.551471
vt 0.297775 0.551471
vt 0.844998 0.145256
vt 0.836996 0.137254
vt 0.844998 0.137254
vt 0.354276 0.558801
vt 0.346274 0.550798
vt 0.354276 0.550798
vt 0.168170 0.845835
vt 0.160168 0.837833
vt 0.168170 0.837833
vt 0.187004 0.837833
vt 0.179002 0.845835
vt 0.179002 0.837833
vt 0.448398 0.842381
vt 0.440396 0.850384
vt 0.440396 0.842381
vt 0.523734 0.556221
vt 0.515732 0.548219
vt 0.523734 0.548219
vt 0.051086 0.851300
vt 0.043084 0.843298
vt 0.051086 0.843298
vt 0.486066 0.556221
vt 0.478064 0.548219
vt 0.486066 0.548219
vt 0.088754 0.851300
vt 0.080752 0.843298
vt 0.088754 0.843298
vt 0.107588 0.843298
vt 0.099586 0.851300
vt 0.099586 0.843298
vt 0.126422 0.843298
vt 0.118420 0.851300
vt 0.118420 0.843298
vt 0.555035 0.300212
vt 0.547032 0.292209
vt 0.555035 0.292209
vt 0.013418 0.853610
vt 0.005416 0.845608
vt 0.013418 0.845608
vt 0.555035 0.281378
vt 0.547032 0.273375
vt 0.555035 0.273375
vt 0.856379 0.262544
vt 0.848376 0.254541
vt 0.856379 0.254541
vt 0.856379 0.273375
vt 0.848376 0.281378
vt 0.848376 0.273375
vt 0.856379 0.292209
vt 0.848376 0.300212
vt 0.848376 0.292209
vt 0.555035 0.262544
vt 0.547032 0.254541
vt 0.555035 0.254541
vt 0.856379 0.337880
vt 0.848376 0.329877
vt 0.856379 0.329877
vt 0.126422 0.549956
vt 0.118420 0.541954
vt 0.126422 0.541954
vt 0.486066 0.857565
vt 0.478064 0.849563
vt 0.486066 0.849563
vt 0.504900 0.849563
vt 0.496898 0.857565
vt 0.496898 0.849563
vt 0.523734 0.849563
vt 0.515732 0.857565
vt 0.515732 0.849563
vt 0.088754 0.549956
vt 0.080752 0.541954
vt 0.088754 0.541954
vt 0.561402 0.857565
vt 0.553400 0.849563
vt 0.561402 0.849563
vt 0.051086 0.549956
vt 0.043084 0.541954
vt 0.051086 0.541954
vt 0.599070 0.857565
vt 0.591068 0.849563
vt 0.599070 0.849563
vt 0.617904 0.849563
vt 0.609902 0.857565
vt 0.609902 0.849563
vt 0.636738 0.849563
vt 0.628736 0.857565
vt 0.628736 0.849563
vt 0.448398 0.549040
vt 0.440396 0.541037
vt 0.448398 0.541037
vt 0.674406 0.857565
vt 0.666404 0.849563
vt 0.674406 0.849563
vt 0.168170 0.544491
vt 0.160168 0.536489
vt 0.168170 0.536489
vt 0.712074 0.857565
vt 0.704072 0.849563
vt 0.712074 0.849563
vt 0.730908 0.849563
vt 0.722906 0.857565
vt 0.722906 0.849563
vt 0.749742 0.849563
vt 0.741740 0.857565
vt 0.741740 0.849563
vt 0.543654 0.107588
vt 0.535652 0.099586
vt 0.543654 0.099586
vt 0.787410 0.857565
vt 0.779408 0.849563
vt 0.787410 0.849563
vt 0.543654 0.088754
vt 0.535652 0.080752
vt 0.543654 0.080752
vt 0.825078 0.857565
vt 0.817076 0.849563
vt 0.825078 0.849563
vt 0.843912 0.849563
vt 0.835910 0.857565
vt 0.835910 0.849563
vt 0.354276 0.852142
vt 0.346274 0.860145
vt 0.346274 0.852142
vt 0.543654 0.069920
vt 0.535652 0.061918
vt 0.543654 0.061918
vt 0.297775 0.860817
vt 0.289773 0.852815
vt 0.297775 0.852815
vt 0.543654 0.032252
vt 0.535652 0.024250
vt 0.543654 0.024250
vt 0.410730 0.862346
vt 0.402728 0.854344
vt 0.410730 0.854344
vt 0.205838 0.854637
vt 0.197836 0.862639
vt 0.197836 0.854637
vt 0.224672 0.854637
vt 0.216670 0.862639
vt 0.216670 0.854637
vt 0.391896 0.543125
vt 0.383894 0.535123
vt 0.391896 0.535123
vt 0.862746 0.182719
vt 0.854744 0.174717
vt 0.862746 0.174717
vt 0.542568 0.537387
vt 0.534566 0.529385
vt 0.542568 0.529385
vt 0.862746 0.220387
vt 0.854744 0.212384
vt 0.862746 0.212384
vt 0.862746 0.359879
vt 0.854744 0.367881
vt 0.854744 0.359879
vt 0.862746 0.378713
vt 0.854744 0.386715
vt 0.854744 0.378713
vt 0.542568 0.518553
vt 0.534566 0.510551
vt 0.542568 0.510551
vt 0.862746 0.424383
vt 0.854744 0.416381
vt 0.862746 0.416381
vt 0.542568 0.480885
vt 0.534566 0.472883
vt 0.542568 0.472883
vt 0.862746 0.462051
vt 0.854744 0.454049
vt 0.862746 0.454049
vt 0.862746 0.472883
vt 0.854744 0.480885
vt 0.854744 0.472883
vt 0.862746 0.491717
vt 0.854744 0.499719
vt 0.854744 0.491717
vt 0.542568 0.443217
vt 0.534566 0.435215
vt 0.542568 0.435215
vt 0.862746 0.537387
vt 0.854744 0.529385
vt 0.862746 0.529385
vt 0.542568 0.424383
vt 0.534566 0.416381
vt 0.542568 0.416381
vt 0.862746 0.575055
vt 0.854744 0.567053
vt 0.862746 0.567053
vt 0.862746 0.585887
vt 0.854744 0.593889
vt 0.854744 0.585887
vt 0.862746 0.604721
vt 0.854744 0.612723
vt 0.854744 0.604721
vt 0.542568 0.405549
vt 0.534566 0.397547
vt 0.542568 0.397547
vt 0.806244 0.932901
vt 0.798242 0.924899
vt 0.806244 0.924899
vt 0.542568 0.367881
vt 0.534566 0.359879
vt 0.542568 0.359879
vt 0.787410 0.932901
vt 0.779408 0.924899
vt 0.787410 0.924899
vt 0.768576 0.924899
vt 0.760574 0.932901
vt 0.760574 0.924899
vt 0.749742 0.924899
vt 0.741740 0.932901
vt 0.741740 0.924899
vt 0.542568 0.182719
vt 0.534566 0.174717
vt 0.542568 0.174717
vt 0.730908 0.932901
vt 0.722906 0.924899
vt 0.730908 0.924899
vt 0.205838 0.542461
vt 0.197836 0.534459
vt 0.205838 0.534459
vt 0.655572 0.932901
vt 0.647570 0.924899
vt 0.655572 0.924899
vt 0.617904 0.924899
vt 0.609902 0.932901
vt 0.609902 0.924899
vt 0.542568 0.924899
vt 0.534566 0.932901
vt 0.534566 0.924899
vt 0.523734 0.537387
vt 0.515732 0.529385
vt 0.523734 0.529385
vt 0.504900 0.932901
vt 0.496898 0.924899
vt 0.504900 0.924899
vt 0.467232 0.537387
vt 0.459230 0.529385
vt 0.467232 0.529385
vt 0.931715 0.319046
vt 0.923712 0.311043
vt 0.931715 0.311043
vt 0.931715 0.273375
vt 0.923712 0.281378
vt 0.923712 0.273375
vt 0.429564 0.919121
vt 0.421562 0.927123
vt 0.421562 0.919121
vt 0.536201 0.243710
vt 0.528198 0.235707
vt 0.536201 0.235707
vt 0.107588 0.926636
vt 0.099586 0.918634
vt 0.107588 0.918634
vt 0.126422 0.531122
vt 0.118420 0.523120
vt 0.126422 0.523120
vt 0.088754 0.926636
vt 0.080752 0.918634
vt 0.088754 0.918634
vt 0.069920 0.918634
vt 0.061918 0.926636
vt 0.061918 0.918634
vt 0.051086 0.918634
vt 0.043084 0.926636
vt 0.043084 0.918634
vt 0.088754 0.531122
vt 0.080752 0.523120
vt 0.088754 0.523120
vt 0.448398 0.869218
vt 0.440396 0.861215
vt 0.448398 0.861215
vt 0.069920 0.531122
vt 0.061918 0.523120
vt 0.069920 0.523120
vt 0.051086 0.870134
vt 0.043084 0.862132
vt 0.051086 0.862132
vt 0.069920 0.862132
vt 0.061918 0.870134
vt 0.061918 0.862132
vt 0.088754 0.862132
vt 0.080752 0.870134
vt 0.080752 0.862132
vt 0.051086 0.531122
vt 0.043084 0.523120
vt 0.051086 0.523120
vt 0.126422 0.870134
vt 0.118420 0.862132
vt 0.126422 0.862132
vt 0.448398 0.530206
vt 0.440396 0.522203
vt 0.448398 0.522203
vt 0.013418 0.872444
vt 0.005416 0.864442
vt 0.013418 0.864442
vt 0.875213 0.235707
vt 0.867210 0.243710
vt 0.867210 0.235707
vt 0.875213 0.254541
vt 0.867210 0.262544
vt 0.867210 0.254541
vt 0.565866 0.300212
vt 0.565866 0.281378
vt 0.565866 0.262544
vt 0.005416 0.571100
vt 0.126422 0.568790
vt 0.107588 0.568790
vt 0.080752 0.568790
vt 0.254338 0.843276
vt 0.043084 0.568790
vt 0.197836 0.843805
vt 0.224672 0.843805
vt 0.243506 0.843805
vt 0.440396 0.567874
vt 0.835910 0.201553
vt 0.179002 0.563325
vt 0.835910 0.367881
vt 0.843912 0.386715
vt 0.843912 0.405549
vt 0.160168 0.563325
vt 0.835910 0.443217
vt 0.554486 0.145256
vt 0.835910 0.480885
vt 0.843912 0.499719
vt 0.843912 0.518553
vt 0.554486 0.107588
vt 0.930080 0.201553
vt 0.554486 0.069920
vt 0.930080 0.182719
vt 0.243506 0.937975
vt 0.224672 0.937975
vt 0.553400 0.556221
vt 0.197836 0.937975
vt 0.553400 0.499719
vt 0.402728 0.937682
vt 0.262340 0.937446
vt 0.297775 0.936153
vt 0.553400 0.386715
vt 0.308607 0.935703
vt 0.553400 0.201553
vt 0.346274 0.935481
vt 0.919248 0.932901
vt 0.900414 0.932901
vt 0.553400 0.182719
vt 0.873578 0.932901
vt 0.402728 0.561002
vt 0.854744 0.932901
vt 0.843912 0.932901
vt 0.825078 0.932901
vt 0.289773 0.559473
vt 0.836996 0.145256
vt 0.346274 0.558801
vt 0.160168 0.845835
vt 0.187004 0.845835
vt 0.448398 0.850384
vt 0.515732 0.556221
vt 0.043084 0.851300
vt 0.478064 0.556221
vt 0.080752 0.851300
vt 0.107588 0.851300
vt 0.126422 0.851300
vt 0.547032 0.300212
vt 0.005416 0.853610
vt 0.547032 0.281378
vt 0.848376 0.262544
vt 0.856379 0.281378
vt 0.856379 0.300212
vt 0.547032 0.262544
vt 0.848376 0.337880
vt 0.118420 0.549956
vt 0.478064 0.857565
vt 0.504900 0.857565
vt 0.523734 0.857565
vt 0.080752 0.549956
vt 0.553400 0.857565
vt 0.043084 0.549956
vt 0.591068 0.857565
vt 0.617904 0.857565
vt 0.636738 0.857565
vt 0.440396 0.549040
vt 0.666404 0.857565
vt 0.160168 0.544491
vt 0.704072 0.857565
vt 0.730908 0.857565
vt 0.749742 0.857565
vt 0.535652 0.107588
vt 0.779408 0.857565
vt 0.535652 0.088754
vt 0.817076 0.857565
vt 0.843912 0.857565
vt 0.354276 0.860145
vt 0.535652 0.069920
vt 0.289773 0.860817
vt 0.535652 0.032252
vt 0.402728 0.862346
vt 0.205838 0.862639
vt 0.224672 0.862639
vt 0.383894 0.543125
vt 0.854744 0.182719
vt 0.534566 0.537387
vt 0.854744 0.220387
vt 0.862746 0.367881
vt 0.862746 0.386715
vt 0.534566 0.518553
vt 0.854744 0.424383
vt 0.534566 0.480885
vt 0.854744 0.462051
vt 0.862746 0.480885
vt 0.862746 0.499719
vt 0.534566 0.443217
vt 0.854744 0.537387
vt 0.534566 0.424383
vt 0.854744 0.575055
vt 0.862746 0.593889
vt 0.862746 0.612723
vt 0.534566 0.405549
vt 0.798242 0.932901
vt 0.534566 0.367881
vt 0.779408 0.932901
vt 0.768576 0.932901
vt 0.749742 0.932901
vt 0.534566 0.182719
vt 0.722906 0.932901
vt 0.197836 0.542461
vt 0.647570 0.932901
vt 0.617904 0.932901
vt 0.542568 0.932901
vt 0.515732 0.537387
vt 0.496898 0.932901
vt 0.459230 0.537387
vt 0.923712 0.319046
vt 0.931715 0.281378
vt 0.429564 0.927123
vt 0.528198 0.243710
vt 0.099586 0.926636
vt 0.118420 0.531122
vt 0.080752 0.926636
vt 0.069920 0.926636
vt 0.051086 0.926636
vt 0.080752 0.531122
vt 0.440396 0.869218
vt 0.061918 0.531122
vt 0.043084 0.870134
vt 0.069920 0.870134
vt 0.088754 0.870134
vt 0.043084 0.531122
vt 0.118420 0.870134
vt 0.440396 0.530206
vt 0.005416 0.872444
vt 0.875213 0.243710
vt 0.875213 0.262544
vn 1.0000 0.0000 0.0000
vn 0.0000 0.0000 1.0000
vn -1.0000 0.0000 0.0000
vn -0.0000 0.0000 -1.0000
vn 0.0000 -1.0000 0.0000
vn 0.0000 1.0000 0.0000
s off
f 2120/5993/231 2121/5994/231 2119/5995/231
f 2122/5996/232 2125/5997/232 2121/5998/232
f 2126/5999/233 2123/6000/233 2125/6001/233
f 2124/6002/234 2119/6003/234 2123/6004/234
f 2125/6005/235 2119/6006/235 2121/6007/235
f 2122/6008/236 2124/6009/236 2126/6010/236
f 2128/6011/231 2129/6012/231 2127/6013/231
f 2130/6014/232 2133/6015/232 2129/6016/232
f 2134/6017/233 2131/6018/233 2133/6019/233
f 2132/6020/234 2127/6021/234 2131/6022/234
f 2133/6023/235 2127/6024/235 2129/6025/235
f 2130/6026/236 2132/6027/236 2134/6028/236
f 2136/6029/231 2137/6030/231 2135/6031/231
f 2138/6032/232 2141/6033/232 2137/6034/232
f 2142/6035/233 2139/6036/233 2141/6037/233
f 2140/6038/234 2135/6039/234 2139/6040/234
f 2141/6041/235 2135/6042/235 2137/6043/235
f 2138/6044/236 2140/6045/236 2142/6046/236
f 2144/6047/231 2145/6048/231 2143/6049/231
f 2146/6050/232 2149/6051/232 2145/6052/232
f 2150/6053/233 2147/6054/233 2149/6055/233
f 2148/6056/234 2143/6057/234 2147/6058/234
f 2149/6059/235 2143/6060/235 2145/6061/235
f 2146/6062/236 2148/6063/236 2150/6064/236
f 2152/6065/231 2153/6066/231 2151/6067/231
f 2154/6068/232 2157/6069/232 2153/6070/232
f 2158/6071/233 2155/6072/233 2157/6073/233
f 2156/6074/234 2151/6075/234 2155/6076/234
f 2157/6077/235 2151/6078/235 2153/6079/235
f 2154/6080/236 2156/6081/236 2158/6082/236
f 2160/6083/231 2161/6084/231 2159/6085/231
f 2162/6086/232 2165/6087/232 2161/6088/232
f 2166/6089/233 2163/6090/233 2165/6091/233
f 2164/6092/234 2159/6093/234 2163/6094/234
f 2165/6095/235 2159/6096/235 2161/6097/235
f 2162/6098/236 2164/6099/236 2166/6100/236
f 2168/6101/231 2169/6102/231 2167/6103/231
f 2170/6104/232 2173/6105/232 2169/6106/232
f 2174/6107/233 2171/6108/233 2173/6109/233
f 2172/6110/234 2167/6111/234 2171/6112/234
f 2173/6113/235 2167/6114/235 2169/6115/235
f 2170/6116/236 2172/6117/236 2174/6118/236
f 2176/6119/231 2177/6120/231 2175/6121/231
f 2178/6122/232 2181/6123/232 2177/6124/232
f 2182/6125/233 2179/6126/233 2181/6127/233
f 2180/6128/234 2175/6129/234 2179/6130/234
f 2181/6131/235 2175/6132/235 2177/6133/235
f 2178/6134/236 2180/6135/236 2182/6136/236
f 2184/6137/231 2185/6138/231 2183/6139/231
f 2186/6140/232 2189/6141/232 2185/6142/232
f 2190/6143/233 2187/6144/233 2189/6145/233
f 2188/6146/234 2183/6147/234 2187/6148/234
f 2189/6149/235 2183/6150/235 2185/6151/235
f 2186/6152/236 2188/6153/236 2190/6154/236
f 2192/6155/231 2193/6156/231 2191/6157/231
f 2194/6158/232 2197/6159/232 2193/6160/232
f 2198/6161/233 2195/6162/233 2197/6163/233
f 2196/6164/234 2191/6165/234 2195/6166/234
f 2197/6167/235 2191/6168/235 2193/6169/235
f 2194/6170/236 2196/6171/236 2198/6172/236
f 2200/6173/231 2201/6174/231 2199/6175/231
f 2202/6176/232 2205/6177/232 2201/6178/232
f 2206/6179/233 2203/6180/233 2205/6181/233
f 2204/6182/234 2199/6183/234 2203/6184/234
f 2205/6185/235 2199/6186/235 2201/6187/235
f 2202/6188/236 2204/6189/236 2206/6190/236
f 2208/6191/231 2209/6192/231 2207/6193/231
f 2210/6194/232 2213/6195/232 2209/6196/232
f 2214/6197/233 2211/6198/233 2213/6199/233
f 2212/6200/234 2207/6201/234 2211/6202/234
f 2213/6203/235 2207/6204/235 2209/6205/235
f 2210/6206/236 2212/6207/236 2214/6208/236
f 2216/6209/231 2217/6210/231 2215/6211/231
f 2218/6212/232 2221/6213/232 2217/6214/232
f 2222/6215/233 2219/6216/233 2221/6217/233
f 2220/6218/234 2215/6219/234 2219/6220/234
f 2221/6221/235 2215/6222/235 2217/6223/235
f 2218/6224/236 2220/6225/236 2222/6226/236
f 2224/6227/231 2225/6228/231 2223/6229/231
f 2226/6230/232 2229/6231/232 2225/6232/232
f 2230/6233/233 2227/6234/233 2229/6235/233
f 2228/6236/234 2223/6237/234 2227/6238/234
f 2229/6239/235 2223/6240/235 2225/6241/235
f 2226/6242/236 2228/6243/236 2230/6244/236
f 2232/6245/231 2233/6246/231 2231/6247/231
f 2234/6248/232 2237/6249/232 2233/6250/232
f 2238/6251/233 2235/6252/233 2237/6253/233
f 2236/6254/234 2231/6255/234 2235/6256/234
f 2237/6257/235 2231/6258/235 2233/6259/235
f 2234/6260/236 2236/6261/236 2238/6262/236
f 2240/6263/231 2241/6264/231 2239/6265/231
f 2242/6266/232 2245/6267/232 2241/6268/232
f 2246/6269/233 2243/6270/233 2245/6271/233
f 2244/6272/234 2239/6273/234 2243/6274/234
f 2245/6275/235 2239/6276/235 2241/6277/235
f 2242/6278/236 2244/6279/236 2246/6280/236
f 2248/6281/231 2249/6282/231 2247/6283/231
f 2250/6284/232 2253/6285/232 2249/6286/232
f 2254/6287/233 2251/6288/233 2253/6289/233
f 2252/6290/234 2247/6291/234 2251/6292/234
f 2253/6293/235 2247/6294/235 2249/6295/235
f 2250/6296/236 2252/6297/236 2254/6298/236
f 2256/6299/231 2257/6300/231 2255/6301/231
f 2258/6302/232 2261/6303/232 2257/6304/232
f 2262/6305/233 2259/6306/233 2261/6307/233
f 2260/6308/234 2255/6309/234 2259/6310/234
f 2261/6311/235 2255/6312/235 2257/6313/235
f 2258/6314/236 2260/6315/236 2262/6316/236
f 2264/6317/231 2265/6318/231 2263/6319/231
f 2266/6320/232 2269/6321/232 2265/6322/232
f 2270/6323/233 2267/6324/233 2269/6325/233
f 2268/6326/234 2263/6327/234 2267/6328/234
f 2269/6329/235 2263/6330/235 2265/6331/235
f 2266/6332/236 2268/6333/236 2270/6334/236
f 2272/6335/231 2273/6336/231 2271/6337/231
f 2274/6338/232 2277/6339/232 2273/6340/232
f 2278/6341/233 2275/6342/233 2277/6343/233
f 2276/6344/234 2271/6345/234 2275/6346/234
f 2277/6347/235 2271/6348/235 2273/6349/235
f 2274/6350/236 2276/6351/236 2278/6352/236
f 2280/6353/231 2281/6354/231 2279/6355/231
f 2282/6356/232 2285/6357/232 2281/6358/232
f 2286/6359/233 2283/6360/233 2285/6361/233
f 2284/6362/234 2279/6363/234 2283/6364/234
f 2285/6365/235 2279/6366/235 2281/6367/235
f 2282/6368/236 2284/6369/236 2286/6370/236
f 2288/6371/231 2289/6372/231 2287/6373/231
f 2290/6374/232 2293/6375/232 2289/6376/232
f 2294/6377/233 2291/6378/233 2293/6379/233
f 2292/6380/234 2287/6381/234 2291/6382/234
f 2293/6383/235 2287/6384/235 2289/6385/235
f 2290/6386/236 2292/6387/236 2294/6388/236
f 2296/6389/231 2297/6390/231 2295/6391/231
f 2298/6392/232 2301/6393/232 2297/6394/232
f 2302/6395/233 2299/6396/233 2301/6397/233
f 2300/6398/234 2295/6399/234 2299/6400/234
f 2301/6401/235 2295/6402/235 2297/6403/235
f 2298/6404/236 2300/6405/236 2302/6406/236
f 2304/6407/231 2305/6408/231 2303/6409/231
f 2306/6410/232 2309/6411/232 2305/6412/232
f 2310/6413/233 2307/6414/233 2309/6415/233
f 2308/6416/234 2303/6417/234 2307/6418/234
f 2309/6419/235 2303/6420/235 2305/6421/235
f 2306/6422/236 2308/6423/236 2310/6424/236
f 2312/6425/231 2313/6426/231 2311/6427/231
f 2314/6428/232 2317/6429/232 2313/6430/232
f 2318/6431/233 2315/6432/233 2317/6433/233
f 2316/6434/234 2311/6435/234 2315/6436/234
f 2317/6437/235 2311/6438/235 2313/6439/235
f 2314/6440/236 2316/6441/236 2318/6442/236
f 2120/5993/231 2122/6443/231 2121/5994/231
f 2122/5996/232 2126/6444/232 2125/5997/232
f 2126/5999/233 2124/6445/233 2123/6000/233
f 2124/6002/234 2120/6446/234 2119/6003/234
f 2125/6005/235 2123/6447/235 2119/6006/235
f 2122/6008/236 2120/6448/236 2124/6009/236
f 2128/6011/231 2130/6449/231 2129/6012/231
f 2130/6014/232 2134/6450/232 2133/6015/232
f 2134/6017/233 2132/6451/233 2131/6018/233
f 2132/6020/234 2128/6452/234 2127/6021/234
f 2133/6023/235 2131/6453/235 2127/6024/235
f 2130/6026/236 2128/6454/236 2132/6027/236
f 2136/6029/231 2138/6455/231 2137/6030/231
f 2138/6032/232 2142/6456/232 2141/6033/232
f 2142/6035/233 2140/6457/233 2139/6036/233
f 2140/6038/234 2136/6458/234 2135/6039/234
f 2141/6041/235 2139/6459/235 2135/6042/235
f 2138/6044/236 2136/6460/236 2140/6045/236
f 2144/6047/231 2146/6461/231 2145/6048/231
f 2146/6050/232 2150/6462/232 2149/6051/232
f 2150/6053/233 2148/6463/233 2147/6054/233
f 2148/6056/234 2144/6464/234 2143/6057/234
f 2149/6059/235 2147/6465/235 2143/6060/235
f 2146/6062/236 2144/6466/236 2148/6063/236
f 2152/6065/231 2154/6467/231 2153/6066/231
f 2154/6068/232 2158/6468/232 2157/6069/232
f 2158/6071/233 2156/6469/233 2155/6072/233
f 2156/6074/234 2152/6470/234 2151/6075/234
f 2157/6077/235 2155/6471/235 2151/6078/235
f 2154/6080/236 2152/6472/236 2156/6081/236
f 2160/6083/231 2162/6473/231 2161/6084/231
f 2162/6086/232 2166/6474/232 2165/6087/232
f 2166/6089/233 2164/6475/233 2163/6090/233
f 2164/6092/234 2160/6476/234 2159/6093/234
f 2165/6095/235 2163/6477/235 2159/6096/235
f 2162/6098/236 2160/6478/236 2164/6099/236
f 2168/6101/231 2170/6479/231 2169/6102/231
f 2170/6104/232 2174/6480/232 2173/6105/232
f 2174/6107/233 2172/6481/233 2171/6108/233
f 2172/6110/234 2168/6482/234 2167/6111/234
f 2173/6113/235 2171/6483/235 2167/6114/235
f 2170/6116/236 2168/6484/236 2172/6117/236
f 2176/6119/231 2178/6485/231 2177/6120/231
f 2178/6122/232 2182/6486/232 2181/6123/232
f 2182/6125/233 2180/6487/233 2179/6126/233
f 2180/6128/234 2176/6488/234 2175/6129/234
f 2181/6131/235 2179/6489/235 2175/6132/235
f 2178/6134/236 2176/6490/236 2180/6135/236
f 2184/6137/231 2186/6491/231 2185/6138/231
f 2186/6140/232 2190/6492/232 2189/6141/232
f 2190/6143/233 2188/6493/233 2187/6144/233
f 2188/6146/234 2184/6494/234 2183/6147/234
f 2189/6149/235 2187/6495/235 2183/6150/235
f 2186/6152/236 2184/6496/236 2188/6153/236
f 2192/6155/231 2194/6497/231 2193/6156/231
f 2194/6158/232 2198/6498/232 2197/6159/232
f 2198/6161/233 2196/6499/233 2195/6162/233
f 2196/6164/234 2192/6500/234 2191/6165/234
f 2197/6167/235 2195/6501/235 2191/6168/235
f 2194/6170/236 2192/6502/236 2196/6171/236
f 2200/6173/231 2202/6503/231 2201/6174/231
f 2202/6176/232 2206/6504/232 2205/6177/232
f 2206/6179/233 2204/6505/233 2203/6180/233
f 2204/6182/234 2200/6506/234 2199/6183/234
f 2205/6185/235 2203/6507/235 2199/6186/235
f 2202/6188/236 2200/6508/236 2204/6189/236
f 2208/6191/231 2210/6509/231 2209/6192/231
f 2210/6194/232 2214/6510/232 2213/6195/232
f 2214/6197/233 2212/6511/233 2211/6198/233
f 2212/6200/234 2208/6512/234 2207/6201/234
f 2213/6203/235 2211/6513/235 2207/6204/235
f 2210/6206/236 2208/6514/236 2212/6207/236
f 2216/6209/231 2218/6515/231 2217/6210/231
f 2218/6212/232 2222/6516/232 2221/6213/232
f 2222/6215/233 2220/6517/233 2219/6216/233
f 2220/6218/234 2216/6518/234 2215/6219/234
f 2221/6221/235 2219/6519/235 2215/6222/235
f 2218/6224/236 2216/6520/236 2220/6225/236
f 2224/6227/231 2226/6521/231 2225/6228/231
f 2226/6230/232 2230/6522/232 2229/6231/232
f 2230/6233/233 2228/6523/233 2227/6234/233
f 2228/6236/234 2224/6524/234 2223/6237/234
f 2229/6239/235 2227/6525/235 2223/6240/235
f 2226/6242/236 2224/6526/236 2228/6243/236
f 2232/6245/231 2234/6527/231 2233/6246/231
f 2234/6248/232 2238/6528/232 2237/6249/232
f 2238/6251/233 2236/6529/233 2235/6252/233
f 2236/6254/234 2232/6530/234 2231/6255/234
f 2237/6257/235 2235/6531/235 2231/6258/235
f 2234/6260/236 2232/6532/236 2236/6261/236
f 2240/6263/231 2242/6533/231 2241/6264/231
f 2242/6266/232 2246/6534/232 2245/6267/232
f 2246/6269/233 2244/6535/233 2243/6270/233
f 2244/6272/234 2240/6536/234 2239/6273/234
f 2245/6275/235 2243/6537/235 2239/6276/235
f 2242/6278/236 2240/6538/236 2244/6279/236
f 2248/6281/231 2250/6539/231 2249/6282/231
f 2250/6284/232 2254/6540/232 2253/6285/232
f 2254/6287/233 2252/6541/233 2251/6288/233
f 2252/6290/234 2248/6542/234 2247/6291/234
f 2253/6293/235 2251/6543/235 2247/6294/235
f 2250/6296/236 2248/6544/236 2252/6297/236
f 2256/6299/231 2258/6545/231 2257/6300/231
f 2258/6302/232 2262/6546/232 2261/6303/232
f 2262/6305/233 2260/6547/233 2259/6306/233
f 2260/6308/234 2256/6548/234 2255/6309/234
f 2261/6311/235 2259/6549/235 2255/6312/235
f 2258/6314/236 2256/6550/236 2260/6315/236
f 2264/6317/231 2266/6551/231 2265/6318/231
f 2266/6320/232 2270/6552/232 2269/6321/232
f 2270/6323/233 2268/6553/233 2267/6324/233
f 2268/6326/234 2264/6554/234 2263/6327/234
f 2269/6329/235 2267/6555/235 2263/6330/235
f 2266/6332/236 2264/6556/236 2268/6333/236
f 2272/6335/231 2274/6557/231 2273/6336/231
f 2274/6338/232 2278/6558/232 2277/6339/232
f 2278/6341/233 2276/6559/233 2275/6342/233
f 2276/6344/234 2272/6560/234 2271/6345/234
f 2277/6347/235 2275/6561/235 2271/6348/235
f 2274/6350/236 2272/6562/236 2276/6351/236
f 2280/6353/231 2282/6563/231 2281/6354/231
f 2282/6356/232 2286/6564/232 2285/6357/232
f 2286/6359/233 2284/6565/233 2283/6360/233
f 2284/6362/234 2280/6566/234 2279/6363/234
f 2285/6365/235 2283/6567/235 2279/6366/235
f 2282/6368/236 2280/6568/236 2284/6369/236
f 2288/6371/231 2290/6569/231 2289/6372/231
f 2290/6374/232 2294/6570/232 2293/6375/232
f 2294/6377/233 2292/6571/233 2291/6378/233
f 2292/6380/234 2288/6572/234 2287/6381/234
f 2293/6383/235 2291/6573/235 2287/6384/235
f 2290/6386/236 2288/6574/236 2292/6387/236
f 2296/6389/231 2298/6575/231 2297/6390/231
f 2298/6392/232 2302/6576/232 2301/6393/232
f 2302/6395/233 2300/6577/233 2299/6396/233
f 2300/6398/234 2296/6578/234 2295/6399/234
f 2301/6401/235 2299/6579/235 2295/6402/235
f 2298/6404/236 2296/6580/236 2300/6405/236
f 2304/6407/231 2306/6581/231 2305/6408/231
f 2306/6410/232 2310/6582/232 2309/6411/232
f 2310/6413/233 2308/6583/233 2307/6414/233
f 2308/6416/234 2304/6584/234 2303/6417/234
f 2309/6419/235 2307/6585/235 2303/6420/235
f 2306/6422/236 2304/6586/236 2308/6423/236
f 2312/6425/231 2314/6587/231 2313/6426/231
f 2314/6428/232 2318/6588/232 2317/6429/232
f 2318/6431/233 2316/6589/233 2315/6432/233
f 2316/6434/234 2312/6590/234 2311/6435/234
f 2317/6437/235 2315/6591/235 2311/6438/235
f 2314/6440/236 2312/6592/236 2316/6441/236
o Cube.034_Cube.048
v 120.575859 0.248732 2.733710
v 120.575859 1.148732 2.733710
v 120.575859 0.248732 3.433710
v 120.575859 1.148732 3.433710
v 118.475853 0.248732 2.733711
v 118.475853 1.148732 2.733711
v 118.475853 0.248732 3.433711
v 118.475853 1.148732 3.433711
v 116.375854 0.248732 2.733712
v 116.375854 1.148732 2.733712
v 116.375854 0.248732 3.433712
v 116.375854 1.148732 3.433712
v 114.275856 0.248732 2.733714
v 114.275856 1.148732 2.733714
v 114.275856 0.248732 3.433714
v 114.275856 1.148732 3.433714
v 112.175858 0.248732 2.733715
v 112.175858 1.148732 2.733715
v 112.175858 0.248732 3.433715
v 112.175858 1.148732 3.433715
v 110.075851 0.248732 2.733716
v 110.075851 1.148732 2.733716
v 110.075851 0.248732 3.433717
v 110.075851 1.148732 3.433717
v 107.975853 0.248732 2.733718
v 107.975853 1.148732 2.733718
v 107.975853 0.248732 3.433718
v 107.975853 1.148732 3.433718
v 105.875854 0.248732 2.733719
v 105.875854 1.148732 2.733719
v 105.875854 0.248732 3.433719
v 105.875854 1.148732 3.433719
v 103.775856 0.248732 2.733721
v 103.775856 1.148732 2.733721
v 103.775856 0.248732 3.433721
v 103.775856 1.148732 3.433721
v 101.675858 0.248732 2.733722
v 101.675858 1.148732 2.733722
v 101.675858 0.248732 3.433722
v 101.675858 1.148732 3.433722
v 99.575851 0.248732 2.733723
v 99.575851 1.148732 2.733723
v 99.575851 0.248732 3.433723
v 99.575851 1.148732 3.433723
v 97.475853 0.248732 2.733725
v 97.475853 1.148732 2.733725
v 97.475853 0.248732 3.433725
v 97.475853 1.148732 3.433725
v 95.375854 0.248732 2.733726
v 95.375854 1.148732 2.733726
v 95.375854 0.248732 3.433726
v 95.375854 1.148732 3.433726
v 93.275856 0.248732 2.733727
v 93.275856 1.148732 2.733727
v 93.275856 0.248732 3.433728
v 93.275856 1.148732 3.433728
v 91.175858 0.248732 2.733729
v 91.175858 1.148732 2.733729
v 91.175858 0.248732 3.433729
v 91.175858 1.148732 3.433729
v 89.075851 0.248732 2.733730
v 89.075851 1.148732 2.733730
v 89.075851 0.248732 3.433730
v 89.075851 1.148732 3.433730
v 86.975853 0.248732 2.733732
v 86.975853 1.148732 2.733732
v 86.975853 0.248732 3.433732
v 86.975853 1.148732 3.433732
v 84.875854 0.248732 2.733733
v 84.875854 1.148732 2.733733
v 84.875854 0.248732 3.433733
v 84.875854 1.148732 3.433733
v 82.775848 0.248732 2.733734
v 82.775848 1.148732 2.733734
v 82.775848 0.248732 3.433734
v 82.775848 1.148732 3.433734
v 80.675858 0.248732 2.733736
v 80.675858 1.148732 2.733736
v 80.675858 0.248732 3.433736
v 80.675858 1.148732 3.433736
v 78.575851 0.248732 2.733737
v 78.575851 1.148732 2.733737
v 78.575851 0.248732 3.433737
v 78.575851 1.148732 3.433737
v 76.475853 0.248732 2.733738
v 76.475853 1.148732 2.733738
v 76.475853 0.248732 3.433738
v 76.475853 1.148732 3.433738
v 74.375854 0.248732 2.733740
v 74.375854 1.148732 2.733740
v 74.375854 0.248732 3.433740
v 74.375854 1.148732 3.433740
v 72.275848 0.248732 2.733741
v 72.275848 1.148732 2.733741
v 72.275848 0.248732 3.433741
v 72.275848 1.148732 3.433741
v 70.175858 0.248732 2.733742
v 70.175858 1.148732 2.733742
v 70.175858 0.248732 3.433743
v 70.175858 1.148732 3.433743
v 68.075851 0.248732 2.733744
v 68.075851 1.148732 2.733744
v 68.075851 0.248732 3.433744
v 68.075851 1.148732 3.433744
v 65.975853 0.248732 2.733745
v 65.975853 1.148732 2.733745
v 65.975853 0.248732 3.433745
v 65.975853 1.148732 3.433745
v 63.875851 0.248732 2.733747
v 63.875851 1.148732 2.733747
v 63.875851 0.248732 3.433747
v 63.875851 1.148732 3.433747
v 61.775852 0.248732 2.733748
v 61.775852 1.148732 2.733748
v 61.775852 0.248732 3.433748
v 61.775852 1.148732 3.433748
v 59.675854 0.248732 2.733749
v 59.675854 1.148732 2.733749
v 59.675854 0.248732 3.433749
v 59.675854 1.148732 3.433749
v 57.575851 0.248732 2.733751
v 57.575851 1.148732 2.733751
v 57.575851 0.248732 3.433751
v 57.575851 1.148732 3.433751
v 55.475853 0.248732 2.733752
v 55.475853 1.148732 2.733752
v 55.475853 0.248732 3.433752
v 55.475853 1.148732 3.433752
v 53.375854 0.248732 2.733753
v 53.375854 1.148732 2.733753
v 53.375854 0.248732 3.433753
v 53.375854 1.148732 3.433753
v 51.275848 0.248732 2.733755
v 51.275848 1.148732 2.733755
v 51.275848 0.248732 3.433755
v 51.275848 1.148732 3.433755
v 49.175850 0.248732 2.733756
v 49.175850 1.148732 2.733756
v 49.175850 0.248732 3.433756
v 49.175850 1.148732 3.433756
v 47.075851 0.248732 2.733757
v 47.075851 1.148732 2.733757
v 47.075851 0.248732 3.433758
v 47.075851 1.148732 3.433758
v 44.975853 0.248732 2.733759
v 44.975853 1.148732 2.733759
v 44.975853 0.248732 3.433759
v 44.975853 1.148732 3.433759
v 42.875854 0.248732 2.733760
v 42.875854 1.148732 2.733760
v 42.875854 0.248732 3.433760
v 42.875854 1.148732 3.433760
v 40.775848 0.248732 2.733762
v 40.775848 1.148732 2.733762
v 40.775848 0.248732 3.433762
v 40.775848 1.148732 3.433762
v 38.675850 0.248732 2.733763
v 38.675850 1.148732 2.733763
v 38.675850 0.248732 3.433763
v 38.675850 1.148732 3.433763
v 36.575851 0.248732 2.733764
v 36.575851 1.148732 2.733764
v 36.575851 0.248732 3.433764
v 36.575851 1.148732 3.433764
v 34.475853 0.248732 2.733766
v 34.475853 1.148732 2.733766
v 34.475853 0.248732 3.433766
v 34.475853 1.148732 3.433766
v 32.375847 0.248732 2.733767
v 32.375847 1.148732 2.733767
v 32.375847 0.248732 3.433767
v 32.375847 1.148732 3.433767
v 30.275848 0.248732 2.733768
v 30.275848 1.148732 2.733768
v 30.275848 0.248732 3.433769
v 30.275848 1.148732 3.433769
v 28.175850 0.248732 2.733770
v 28.175850 1.148732 2.733770
v 28.175850 0.248732 3.433770
v 28.175850 1.148732 3.433770
v 26.075851 0.248732 2.733771
v 26.075851 1.148732 2.733771
v 26.075851 0.248732 3.433771
v 26.075851 1.148732 3.433771
v 23.975853 0.248732 2.733773
v 23.975853 1.148732 2.733773
v 23.975853 0.248732 3.433773
v 23.975853 1.148732 3.433773
v 21.875847 0.248732 2.733774
v 21.875847 1.148732 2.733774
v 21.875847 0.248732 3.433774
v 21.875847 1.148732 3.433774
v 19.775848 0.248732 2.733775
v 19.775848 1.148732 2.733775
v 19.775848 0.248732 3.433775
v 19.775848 1.148732 3.433775
v 17.675850 0.248732 2.733777
v 17.675850 1.148732 2.733777
v 17.675850 0.248732 3.433777
v 17.675850 1.148732 3.433777
vt 0.168170 0.525657
vt 0.160168 0.517655
vt 0.168170 0.517655
vt 0.149336 0.525657
vt 0.141334 0.517655
vt 0.149336 0.517655
vt 0.524820 0.145256
vt 0.516818 0.137254
vt 0.524820 0.137254
vt 0.524820 0.107588
vt 0.516818 0.099586
vt 0.524820 0.099586
vt 0.524820 0.061918
vt 0.516818 0.069920
vt 0.516818 0.061918
vt 0.524820 0.043084
vt 0.516818 0.051086
vt 0.516818 0.043084
vt 0.524820 0.032252
vt 0.516818 0.024250
vt 0.524820 0.024250
vt 0.523734 0.876399
vt 0.515732 0.868397
vt 0.523734 0.868397
vt 0.391896 0.524291
vt 0.383894 0.516289
vt 0.391896 0.516289
vt 0.561402 0.876399
vt 0.553400 0.868397
vt 0.561402 0.868397
vt 0.580236 0.868397
vt 0.572234 0.876399
vt 0.572234 0.868397
vt 0.599070 0.868397
vt 0.591068 0.876399
vt 0.591068 0.868397
vt 0.523734 0.499719
vt 0.515732 0.491717
vt 0.523734 0.491717
vt 0.636738 0.876399
vt 0.628736 0.868397
vt 0.636738 0.868397
vt 0.523734 0.480885
vt 0.515732 0.472883
vt 0.523734 0.472883
vt 0.674406 0.876399
vt 0.666404 0.868397
vt 0.674406 0.868397
vt 0.693240 0.868397
vt 0.685238 0.876399
vt 0.685238 0.868397
vt 0.712074 0.868397
vt 0.704072 0.876399
vt 0.704072 0.868397
vt 0.523734 0.462051
vt 0.515732 0.454049
vt 0.523734 0.454049
vt 0.749742 0.876399
vt 0.741740 0.868397
vt 0.749742 0.868397
vt 0.523734 0.424383
vt 0.515732 0.416381
vt 0.523734 0.416381
vt 0.787410 0.876399
vt 0.779408 0.868397
vt 0.787410 0.868397
vt 0.806244 0.868397
vt 0.798242 0.876399
vt 0.798242 0.868397
vt 0.825078 0.868397
vt 0.817076 0.876399
vt 0.817076 0.868397
vt 0.523734 0.386715
vt 0.515732 0.378713
vt 0.523734 0.378713
vt 0.032252 0.926636
vt 0.024250 0.918634
vt 0.032252 0.918634
vt 0.523734 0.220387
vt 0.515732 0.212384
vt 0.523734 0.212384
vt 0.448398 0.925720
vt 0.440396 0.917717
vt 0.448398 0.917717
vt 0.187004 0.913169
vt 0.179002 0.921171
vt 0.179002 0.913169
vt 0.168170 0.913169
vt 0.160168 0.921171
vt 0.160168 0.913169
vt 0.410730 0.523334
vt 0.402728 0.515332
vt 0.410730 0.515332
vt 0.149336 0.921171
vt 0.141334 0.913169
vt 0.149336 0.913169
vt 0.297775 0.521805
vt 0.289773 0.513803
vt 0.297775 0.513803
vt 0.920334 0.145256
vt 0.912332 0.137254
vt 0.920334 0.137254
vt 0.920334 0.118420
vt 0.912332 0.126422
vt 0.912332 0.118420
vt 0.920334 0.099586
vt 0.912332 0.107588
vt 0.912332 0.099586
vt 0.486066 0.518553
vt 0.478064 0.510551
vt 0.486066 0.510551
vt 0.920334 0.088754
vt 0.912332 0.080752
vt 0.920334 0.080752
vt 0.517367 0.281378
vt 0.509364 0.273375
vt 0.517367 0.273375
vt 0.920334 0.069920
vt 0.912332 0.061918
vt 0.920334 0.061918
vt 0.920334 0.043084
vt 0.912332 0.051086
vt 0.912332 0.043084
vt 0.920334 0.024250
vt 0.912332 0.032252
vt 0.912332 0.024250
vt 0.517367 0.262544
vt 0.509364 0.254541
vt 0.517367 0.254541
vt 0.920334 0.013418
vt 0.912332 0.005416
vt 0.920334 0.005416
vt 0.107588 0.512288
vt 0.099586 0.504286
vt 0.107588 0.504286
vt 0.391896 0.919805
vt 0.383894 0.911803
vt 0.391896 0.911803
vt 0.919248 0.906065
vt 0.911246 0.914067
vt 0.911246 0.906065
vt 0.919248 0.887231
vt 0.911246 0.895233
vt 0.911246 0.887231
vt 0.051086 0.512288
vt 0.043084 0.504286
vt 0.051086 0.504286
vt 0.881580 0.593889
vt 0.873578 0.585887
vt 0.881580 0.585887
vt 0.448398 0.511372
vt 0.440396 0.503369
vt 0.448398 0.503369
vt 0.881580 0.631557
vt 0.873578 0.623555
vt 0.881580 0.623555
vt 0.881580 0.642389
vt 0.873578 0.650391
vt 0.873578 0.642389
vt 0.881580 0.661223
vt 0.873578 0.669225
vt 0.873578 0.661223
vt 0.187004 0.506823
vt 0.179002 0.498821
vt 0.187004 0.498821
vt 0.881580 0.706893
vt 0.873578 0.698891
vt 0.881580 0.698891
vt 0.168170 0.506823
vt 0.160168 0.498821
vt 0.168170 0.498821
vt 0.881580 0.744561
vt 0.873578 0.736559
vt 0.881580 0.736559
vt 0.881580 0.755393
vt 0.873578 0.763395
vt 0.873578 0.755393
vt 0.881580 0.774227
vt 0.873578 0.782229
vt 0.873578 0.774227
vt 0.505986 0.145256
vt 0.497984 0.137254
vt 0.505986 0.137254
vt 0.881580 0.819897
vt 0.873578 0.811895
vt 0.881580 0.811895
vt 0.505986 0.107588
vt 0.497984 0.099586
vt 0.505986 0.099586
vt 0.881580 0.857565
vt 0.873578 0.849563
vt 0.881580 0.849563
vt 0.881580 0.868397
vt 0.873578 0.876399
vt 0.873578 0.868397
vt 0.391896 0.874135
vt 0.383894 0.882137
vt 0.383894 0.874135
vt 0.505986 0.088754
vt 0.497984 0.080752
vt 0.505986 0.080752
vt 0.882666 0.032252
vt 0.874664 0.024250
vt 0.882666 0.024250
vt 0.505986 0.069920
vt 0.497984 0.061918
vt 0.505986 0.061918
vt 0.882666 0.069920
vt 0.874664 0.061918
vt 0.882666 0.061918
vt 0.882666 0.080752
vt 0.874664 0.088754
vt 0.874664 0.080752
vt 0.882666 0.099586
vt 0.874664 0.107588
vt 0.874664 0.099586
vt 0.505986 0.032252
vt 0.497984 0.024250
vt 0.505986 0.024250
vt 0.882666 0.145256
vt 0.874664 0.137254
vt 0.882666 0.137254
vt 0.391896 0.505457
vt 0.383894 0.497455
vt 0.391896 0.497455
vt 0.168170 0.883503
vt 0.160168 0.875501
vt 0.168170 0.875501
vt 0.187004 0.875501
vt 0.179002 0.883503
vt 0.179002 0.875501
vt 0.448398 0.880049
vt 0.440396 0.888052
vt 0.440396 0.880049
vt 0.504900 0.499719
vt 0.496898 0.491717
vt 0.504900 0.491717
vt 0.051086 0.888968
vt 0.043084 0.880966
vt 0.051086 0.880966
vt 0.504900 0.480885
vt 0.496898 0.472883
vt 0.504900 0.472883
vt 0.088754 0.888968
vt 0.080752 0.880966
vt 0.088754 0.880966
vt 0.107588 0.880966
vt 0.099586 0.888968
vt 0.099586 0.880966
vt 0.126422 0.880966
vt 0.118420 0.888968
vt 0.118420 0.880966
vt 0.504900 0.443217
vt 0.496898 0.435215
vt 0.504900 0.435215
vt 0.013418 0.891278
vt 0.005416 0.883276
vt 0.013418 0.883276
vt 0.504900 0.405549
vt 0.496898 0.397547
vt 0.504900 0.397547
vt 0.894047 0.262544
vt 0.886044 0.254541
vt 0.894047 0.254541
vt 0.894047 0.273375
vt 0.886044 0.281378
vt 0.886044 0.273375
vt 0.894047 0.292209
vt 0.886044 0.300212
vt 0.886044 0.292209
vt 0.504900 0.386715
vt 0.496898 0.378713
vt 0.504900 0.378713
vt 0.894047 0.337880
vt 0.886044 0.329877
vt 0.894047 0.329877
vt 0.504900 0.367881
vt 0.496898 0.359879
vt 0.504900 0.359879
vt 0.486066 0.895233
vt 0.478064 0.887231
vt 0.486066 0.887231
vt 0.504900 0.887231
vt 0.496898 0.895233
vt 0.496898 0.887231
vt 0.523734 0.887231
vt 0.515732 0.895233
vt 0.515732 0.887231
vt 0.504900 0.201553
vt 0.496898 0.193550
vt 0.504900 0.193550
vt 0.561402 0.895233
vt 0.553400 0.887231
vt 0.561402 0.887231
vt 0.243506 0.504793
vt 0.235504 0.496791
vt 0.243506 0.496791
vt 0.599070 0.895233
vt 0.591068 0.887231
vt 0.599070 0.887231
vt 0.617904 0.887231
vt 0.609902 0.895233
vt 0.609902 0.887231
vt 0.636738 0.887231
vt 0.628736 0.895233
vt 0.628736 0.887231
vt 0.224672 0.504793
vt 0.216670 0.496791
vt 0.224672 0.496791
vt 0.674406 0.895233
vt 0.666404 0.887231
vt 0.674406 0.887231
vt 0.205838 0.504793
vt 0.197836 0.496791
vt 0.205838 0.496791
vt 0.712074 0.895233
vt 0.704072 0.887231
vt 0.712074 0.887231
vt 0.730908 0.887231
vt 0.722906 0.895233
vt 0.722906 0.887231
vt 0.749742 0.887231
vt 0.741740 0.895233
vt 0.741740 0.887231
vt 0.262340 0.504264
vt 0.254338 0.496262
vt 0.262340 0.496262
vt 0.787410 0.895233
vt 0.779408 0.887231
vt 0.787410 0.887231
vt 0.316609 0.502522
vt 0.308607 0.494519
vt 0.316609 0.494519
vt 0.825078 0.895233
vt 0.817076 0.887231
vt 0.825078 0.887231
vt 0.843912 0.887231
vt 0.835910 0.895233
vt 0.835910 0.887231
vt 0.862746 0.887231
vt 0.854744 0.895233
vt 0.854744 0.887231
vt 0.354276 0.502299
vt 0.346274 0.494296
vt 0.354276 0.494296
vt 0.919248 0.876399
vt 0.911246 0.868397
vt 0.919248 0.868397
vt 0.486066 0.499719
vt 0.478064 0.491717
vt 0.486066 0.491717
vt 0.919248 0.857565
vt 0.911246 0.849563
vt 0.919248 0.849563
vt 0.919248 0.830729
vt 0.911246 0.838731
vt 0.911246 0.830729
vt 0.919248 0.811895
vt 0.911246 0.819897
vt 0.911246 0.811895
vt 0.498533 0.300212
vt 0.490530 0.292209
vt 0.498533 0.292209
vt 0.919248 0.801063
vt 0.911246 0.793061
vt 0.919248 0.793061
vt 0.498533 0.262544
vt 0.490530 0.254541
vt 0.498533 0.254541
vt 0.919248 0.782229
vt 0.911246 0.774227
vt 0.919248 0.774227
vt 0.919248 0.755393
vt 0.911246 0.763395
vt 0.911246 0.755393
vt 0.919248 0.736559
vt 0.911246 0.744561
vt 0.911246 0.736559
vt 0.013418 0.495764
vt 0.005416 0.487762
vt 0.013418 0.487762
vt 0.919248 0.725727
vt 0.911246 0.717725
vt 0.919248 0.717725
vt 0.107588 0.493454
vt 0.099586 0.485452
vt 0.107588 0.485452
vt 0.919248 0.706893
vt 0.911246 0.698891
vt 0.919248 0.698891
vt 0.919248 0.680057
vt 0.911246 0.688059
vt 0.911246 0.680057
vt 0.919248 0.661223
vt 0.911246 0.669225
vt 0.911246 0.661223
vt 0.051086 0.493454
vt 0.043084 0.485452
vt 0.051086 0.485452
vt 0.919248 0.650391
vt 0.911246 0.642389
vt 0.919248 0.642389
vt 0.448398 0.492538
vt 0.440396 0.484535
vt 0.448398 0.484535
vt 0.919248 0.631557
vt 0.911246 0.623555
vt 0.919248 0.623555
vt 0.919248 0.604721
vt 0.911246 0.612723
vt 0.911246 0.604721
vt 0.919248 0.585887
vt 0.911246 0.593889
vt 0.911246 0.585887
vt 0.168170 0.487989
vt 0.160168 0.479987
vt 0.168170 0.479987
vt 0.900414 0.612723
vt 0.892412 0.604721
vt 0.900414 0.604721
vt 0.487152 0.145256
vt 0.479150 0.137254
vt 0.487152 0.137254
vt 0.900414 0.650391
vt 0.892412 0.642389
vt 0.900414 0.642389
vt 0.900414 0.661223
vt 0.892412 0.669225
vt 0.892412 0.661223
vt 0.900414 0.680057
vt 0.892412 0.688059
vt 0.892412 0.680057
vt 0.487152 0.107588
vt 0.479150 0.099586
vt 0.487152 0.099586
vt 0.900414 0.725727
vt 0.892412 0.717725
vt 0.900414 0.717725
vt 0.487152 0.088754
vt 0.479150 0.080752
vt 0.487152 0.080752
vt 0.900414 0.763395
vt 0.892412 0.755393
vt 0.900414 0.755393
vt 0.900414 0.774227
vt 0.892412 0.782229
vt 0.892412 0.774227
vt 0.900414 0.793061
vt 0.892412 0.801063
vt 0.892412 0.793061
vt 0.160168 0.525657
vt 0.141334 0.525657
vt 0.516818 0.145256
vt 0.516818 0.107588
vt 0.524820 0.069920
vt 0.524820 0.051086
vt 0.516818 0.032252
vt 0.515732 0.876399
vt 0.383894 0.524291
vt 0.553400 0.876399
vt 0.580236 0.876399
vt 0.599070 0.876399
vt 0.515732 0.499719
vt 0.628736 0.876399
vt 0.515732 0.480885
vt 0.666404 0.876399
vt 0.693240 0.876399
vt 0.712074 0.876399
vt 0.515732 0.462051
vt 0.741740 0.876399
vt 0.515732 0.424383
vt 0.779408 0.876399
vt 0.806244 0.876399
vt 0.825078 0.876399
vt 0.515732 0.386715
vt 0.024250 0.926636
vt 0.515732 0.220387
vt 0.440396 0.925720
vt 0.187004 0.921171
vt 0.168170 0.921171
vt 0.402728 0.523334
vt 0.141334 0.921171
vt 0.289773 0.521805
vt 0.912332 0.145256
vt 0.920334 0.126422
vt 0.920334 0.107588
vt 0.478064 0.518553
vt 0.912332 0.088754
vt 0.509364 0.281378
vt 0.912332 0.069920
vt 0.920334 0.051086
vt 0.920334 0.032252
vt 0.509364 0.262544
vt 0.912332 0.013418
vt 0.099586 0.512288
vt 0.383894 0.919805
vt 0.919248 0.914067
vt 0.919248 0.895233
vt 0.043084 0.512288
vt 0.873578 0.593889
vt 0.440396 0.511372
vt 0.873578 0.631557
vt 0.881580 0.650391
vt 0.881580 0.669225
vt 0.179002 0.506823
vt 0.873578 0.706893
vt 0.160168 0.506823
vt 0.873578 0.744561
vt 0.881580 0.763395
vt 0.881580 0.782229
vt 0.497984 0.145256
vt 0.873578 0.819897
vt 0.497984 0.107588
vt 0.873578 0.857565
vt 0.881580 0.876399
vt 0.391896 0.882137
vt 0.497984 0.088754
vt 0.874664 0.032252
vt 0.497984 0.069920
vt 0.874664 0.069920
vt 0.882666 0.088754
vt 0.882666 0.107588
vt 0.497984 0.032252
vt 0.874664 0.145256
vt 0.383894 0.505457
vt 0.160168 0.883503
vt 0.187004 0.883503
vt 0.448398 0.888052
vt 0.496898 0.499719
vt 0.043084 0.888968
vt 0.496898 0.480885
vt 0.080752 0.888968
vt 0.107588 0.888968
vt 0.126422 0.888968
vt 0.496898 0.443217
vt 0.005416 0.891278
vt 0.496898 0.405549
vt 0.886044 0.262544
vt 0.894047 0.281378
vt 0.894047 0.300212
vt 0.496898 0.386715
vt 0.886044 0.337880
vt 0.496898 0.367881
vt 0.478064 0.895233
vt 0.504900 0.895233
vt 0.523734 0.895233
vt 0.496898 0.201553
vt 0.553400 0.895233
vt 0.235504 0.504793
vt 0.591068 0.895233
vt 0.617904 0.895233
vt 0.636738 0.895233
vt 0.216670 0.504793
vt 0.666404 0.895233
vt 0.197836 0.504793
vt 0.704072 0.895233
vt 0.730908 0.895233
vt 0.749742 0.895233
vt 0.254338 0.504264
vt 0.779408 0.895233
vt 0.308607 0.502522
vt 0.817076 0.895233
vt 0.843912 0.895233
vt 0.862746 0.895233
vt 0.346274 0.502299
vt 0.911246 0.876399
vt 0.478064 0.499719
vt 0.911246 0.857565
vt 0.919248 0.838731
vt 0.919248 0.819897
vt 0.490530 0.300212
vt 0.911246 0.801063
vt 0.490530 0.262544
vt 0.911246 0.782229
vt 0.919248 0.763395
vt 0.919248 0.744561
vt 0.005416 0.495764
vt 0.911246 0.725727
vt 0.099586 0.493454
vt 0.911246 0.706893
vt 0.919248 0.688059
vt 0.919248 0.669225
vt 0.043084 0.493454
vt 0.911246 0.650391
vt 0.440396 0.492538
vt 0.911246 0.631557
vt 0.919248 0.612723
vt 0.919248 0.593889
vt 0.160168 0.487989
vt 0.892412 0.612723
vt 0.479150 0.145256
vt 0.892412 0.650391
vt 0.900414 0.669225
vt 0.900414 0.688059
vt 0.479150 0.107588
vt 0.892412 0.725727
vt 0.479150 0.088754
vt 0.892412 0.763395
vt 0.900414 0.782229
vt 0.900414 0.801063
vn 1.0000 0.0000 0.0000
vn 0.0000 0.0000 1.0000
vn -1.0000 0.0000 0.0000
vn -0.0000 0.0000 -1.0000
vn 0.0000 -1.0000 0.0000
vn 0.0000 1.0000 0.0000
s off
f 2320/6593/237 2321/6594/237 2319/6595/237
f 2322/6596/238 2325/6597/238 2321/6598/238
f 2326/6599/239 2323/6600/239 2325/6601/239
f 2324/6602/240 2319/6603/240 2323/6604/240
f 2325/6605/241 2319/6606/241 2321/6607/241
f 2322/6608/242 2324/6609/242 2326/6610/242
f 2328/6611/237 2329/6612/237 2327/6613/237
f 2330/6614/238 2333/6615/238 2329/6616/238
f 2334/6617/239 2331/6618/239 2333/6619/239
f 2332/6620/240 2327/6621/240 2331/6622/240
f 2333/6623/241 2327/6624/241 2329/6625/241
f 2330/6626/242 2332/6627/242 2334/6628/242
f 2336/6629/237 2337/6630/237 2335/6631/237
f 2338/6632/238 2341/6633/238 2337/6634/238
f 2342/6635/239 2339/6636/239 2341/6637/239
f 2340/6638/240 2335/6639/240 2339/6640/240
f 2341/6641/241 2335/6642/241 2337/6643/241
f 2338/6644/242 2340/6645/242 2342/6646/242
f 2344/6647/237 2345/6648/237 2343/6649/237
f 2346/6650/238 2349/6651/238 2345/6652/238
f 2350/6653/239 2347/6654/239 2349/6655/239
f 2348/6656/240 2343/6657/240 2347/6658/240
f 2349/6659/241 2343/6660/241 2345/6661/241
f 2346/6662/242 2348/6663/242 2350/6664/242
f 2352/6665/237 2353/6666/237 2351/6667/237
f 2354/6668/238 2357/6669/238 2353/6670/238
f 2358/6671/239 2355/6672/239 2357/6673/239
f 2356/6674/240 2351/6675/240 2355/6676/240
f 2357/6677/241 2351/6678/241 2353/6679/241
f 2354/6680/242 2356/6681/242 2358/6682/242
f 2360/6683/237 2361/6684/237 2359/6685/237
f 2362/6686/238 2365/6687/238 2361/6688/238
f 2366/6689/239 2363/6690/239 2365/6691/239
f 2364/6692/240 2359/6693/240 2363/6694/240
f 2365/6695/241 2359/6696/241 2361/6697/241
f 2362/6698/242 2364/6699/242 2366/6700/242
f 2368/6701/237 2369/6702/237 2367/6703/237
f 2370/6704/238 2373/6705/238 2369/6706/238
f 2374/6707/239 2371/6708/239 2373/6709/239
f 2372/6710/240 2367/6711/240 2371/6712/240
f 2373/6713/241 2367/6714/241 2369/6715/241
f 2370/6716/242 2372/6717/242 2374/6718/242
f 2376/6719/237 2377/6720/237 2375/6721/237
f 2378/6722/238 2381/6723/238 2377/6724/238
f 2382/6725/239 2379/6726/239 2381/6727/239
f 2380/6728/240 2375/6729/240 2379/6730/240
f 2381/6731/241 2375/6732/241 2377/6733/241
f 2378/6734/242 2380/6735/242 2382/6736/242
f 2384/6737/237 2385/6738/237 2383/6739/237
f 2386/6740/238 2389/6741/238 2385/6742/238
f 2390/6743/239 2387/6744/239 2389/6745/239
f 2388/6746/240 2383/6747/240 2387/6748/240
f 2389/6749/241 2383/6750/241 2385/6751/241
f 2386/6752/242 2388/6753/242 2390/6754/242
f 2392/6755/237 2393/6756/237 2391/6757/237
f 2394/6758/238 2397/6759/238 2393/6760/238
f 2398/6761/239 2395/6762/239 2397/6763/239
f 2396/6764/240 2391/6765/240 2395/6766/240
f 2397/6767/241 2391/6768/241 2393/6769/241
f 2394/6770/242 2396/6771/242 2398/6772/242
f 2400/6773/237 2401/6774/237 2399/6775/237
f 2402/6776/238 2405/6777/238 2401/6778/238
f 2406/6779/239 2403/6780/239 2405/6781/239
f 2404/6782/240 2399/6783/240 2403/6784/240
f 2405/6785/241 2399/6786/241 2401/6787/241
f 2402/6788/242 2404/6789/242 2406/6790/242
f 2408/6791/237 2409/6792/237 2407/6793/237
f 2410/6794/238 2413/6795/238 2409/6796/238
f 2414/6797/239 2411/6798/239 2413/6799/239
f 2412/6800/240 2407/6801/240 2411/6802/240
f 2413/6803/241 2407/6804/241 2409/6805/241
f 2410/6806/242 2412/6807/242 2414/6808/242
f 2416/6809/237 2417/6810/237 2415/6811/237
f 2418/6812/238 2421/6813/238 2417/6814/238
f 2422/6815/239 2419/6816/239 2421/6817/239
f 2420/6818/240 2415/6819/240 2419/6820/240
f 2421/6821/241 2415/6822/241 2417/6823/241
f 2418/6824/242 2420/6825/242 2422/6826/242
f 2424/6827/237 2425/6828/237 2423/6829/237
f 2426/6830/238 2429/6831/238 2425/6832/238
f 2430/6833/239 2427/6834/239 2429/6835/239
f 2428/6836/240 2423/6837/240 2427/6838/240
f 2429/6839/241 2423/6840/241 2425/6841/241
f 2426/6842/242 2428/6843/242 2430/6844/242
f 2432/6845/237 2433/6846/237 2431/6847/237
f 2434/6848/238 2437/6849/238 2433/6850/238
f 2438/6851/239 2435/6852/239 2437/6853/239
f 2436/6854/240 2431/6855/240 2435/6856/240
f 2437/6857/241 2431/6858/241 2433/6859/241
f 2434/6860/242 2436/6861/242 2438/6862/242
f 2440/6863/237 2441/6864/237 2439/6865/237
f 2442/6866/238 2445/6867/238 2441/6868/238
f 2446/6869/239 2443/6870/239 2445/6871/239
f 2444/6872/240 2439/6873/240 2443/6874/240
f 2445/6875/241 2439/6876/241 2441/6877/241
f 2442/6878/242 2444/6879/242 2446/6880/242
f 2448/6881/237 2449/6882/237 2447/6883/237
f 2450/6884/238 2453/6885/238 2449/6886/238
f 2454/6887/239 2451/6888/239 2453/6889/239
f 2452/6890/240 2447/6891/240 2451/6892/240
f 2453/6893/241 2447/6894/241 2449/6895/241
f 2450/6896/242 2452/6897/242 2454/6898/242
f 2456/6899/237 2457/6900/237 2455/6901/237
f 2458/6902/238 2461/6903/238 2457/6904/238
f 2462/6905/239 2459/6906/239 2461/6907/239
f 2460/6908/240 2455/6909/240 2459/6910/240
f 2461/6911/241 2455/6912/241 2457/6913/241
f 2458/6914/242 2460/6915/242 2462/6916/242
f 2464/6917/237 2465/6918/237 2463/6919/237
f 2466/6920/238 2469/6921/238 2465/6922/238
f 2470/6923/239 2467/6924/239 2469/6925/239
f 2468/6926/240 2463/6927/240 2467/6928/240
f 2469/6929/241 2463/6930/241 2465/6931/241
f 2466/6932/242 2468/6933/242 2470/6934/242
f 2472/6935/237 2473/6936/237 2471/6937/237
f 2474/6938/238 2477/6939/238 2473/6940/238
f 2478/6941/239 2475/6942/239 2477/6943/239
f 2476/6944/240 2471/6945/240 2475/6946/240
f 2477/6947/241 2471/6948/241 2473/6949/241
f 2474/6950/242 2476/6951/242 2478/6952/242
f 2480/6953/237 2481/6954/237 2479/6955/237
f 2482/6956/238 2485/6957/238 2481/6958/238
f 2486/6959/239 2483/6960/239 2485/6961/239
f 2484/6962/240 2479/6963/240 2483/6964/240
f 2485/6965/241 2479/6966/241 2481/6967/241
f 2482/6968/242 2484/6969/242 2486/6970/242
f 2488/6971/237 2489/6972/237 2487/6973/237
f 2490/6974/238 2493/6975/238 2489/6976/238
f 2494/6977/239 2491/6978/239 2493/6979/239
f 2492/6980/240 2487/6981/240 2491/6982/240
f 2493/6983/241 2487/6984/241 2489/6985/241
f 2490/6986/242 2492/6987/242 2494/6988/242
f 2496/6989/237 2497/6990/237 2495/6991/237
f 2498/6992/238 2501/6993/238 2497/6994/238
f 2502/6995/239 2499/6996/239 2501/6997/239
f 2500/6998/240 2495/6999/240 2499/7000/240
f 2501/7001/241 2495/7002/241 2497/7003/241
f 2498/7004/242 2500/7005/242 2502/7006/242
f 2504/7007/237 2505/7008/237 2503/7009/237
f 2506/7010/238 2509/7011/238 2505/7012/238
f 2510/7013/239 2507/7014/239 2509/7015/239
f 2508/7016/240 2503/7017/240 2507/7018/240
f 2509/7019/241 2503/7020/241 2505/7021/241
f 2506/7022/242 2508/7023/242 2510/7024/242
f 2512/7025/237 2513/7026/237 2511/7027/237
f 2514/7028/238 2517/7029/238 2513/7030/238
f 2518/7031/239 2515/7032/239 2517/7033/239
f 2516/7034/240 2511/7035/240 2515/7036/240
f 2517/7037/241 2511/7038/241 2513/7039/241
f 2514/7040/242 2516/7041/242 2518/7042/242
f 2320/6593/237 2322/7043/237 2321/6594/237
f 2322/6596/238 2326/7044/238 2325/6597/238
f 2326/6599/239 2324/7045/239 2323/6600/239
f 2324/6602/240 2320/7046/240 2319/6603/240
f 2325/6605/241 2323/7047/241 2319/6606/241
f 2322/6608/242 2320/7048/242 2324/6609/242
f 2328/6611/237 2330/7049/237 2329/6612/237
f 2330/6614/238 2334/7050/238 2333/6615/238
f 2334/6617/239 2332/7051/239 2331/6618/239
f 2332/6620/240 2328/7052/240 2327/6621/240
f 2333/6623/241 2331/7053/241 2327/6624/241
f 2330/6626/242 2328/7054/242 2332/6627/242
f 2336/6629/237 2338/7055/237 2337/6630/237
f 2338/6632/238 2342/7056/238 2341/6633/238
f 2342/6635/239 2340/7057/239 2339/6636/239
f 2340/6638/240 2336/7058/240 2335/6639/240
f 2341/6641/241 2339/7059/241 2335/6642/241
f 2338/6644/242 2336/7060/242 2340/6645/242
f 2344/6647/237 2346/7061/237 2345/6648/237
f 2346/6650/238 2350/7062/238 2349/6651/238
f 2350/6653/239 2348/7063/239 2347/6654/239
f 2348/6656/240 2344/7064/240 2343/6657/240
f 2349/6659/241 2347/7065/241 2343/6660/241
f 2346/6662/242 2344/7066/242 2348/6663/242
f 2352/6665/237 2354/7067/237 2353/6666/237
f 2354/6668/238 2358/7068/238 2357/6669/238
f 2358/6671/239 2356/7069/239 2355/6672/239
f 2356/6674/240 2352/7070/240 2351/6675/240
f 2357/6677/241 2355/7071/241 2351/6678/241
f 2354/6680/242 2352/7072/242 2356/6681/242
f 2360/6683/237 2362/7073/237 2361/6684/237
f 2362/6686/238 2366/7074/238 2365/6687/238
f 2366/6689/239 2364/7075/239 2363/6690/239
f 2364/6692/240 2360/7076/240 2359/6693/240
f 2365/6695/241 2363/7077/241 2359/6696/241
f 2362/6698/242 2360/7078/242 2364/6699/242
f 2368/6701/237 2370/7079/237 2369/6702/237
f 2370/6704/238 2374/7080/238 2373/6705/238
f 2374/6707/239 2372/7081/239 2371/6708/239
f 2372/6710/240 2368/7082/240 2367/6711/240
f 2373/6713/241 2371/7083/241 2367/6714/241
f 2370/6716/242 2368/7084/242 2372/6717/242
f 2376/6719/237 2378/7085/237 2377/6720/237
f 2378/6722/238 2382/7086/238 2381/6723/238
f 2382/6725/239 2380/7087/239 2379/6726/239
f 2380/6728/240 2376/7088/240 2375/6729/240
f 2381/6731/241 2379/7089/241 2375/6732/241
f 2378/6734/242 2376/7090/242 2380/6735/242
f 2384/6737/237 2386/7091/237 2385/6738/237
f 2386/6740/238 2390/7092/238 2389/6741/238
f 2390/6743/239 2388/7093/239 2387/6744/239
f 2388/6746/240 2384/7094/240 2383/6747/240
f 2389/6749/241 2387/7095/241 2383/6750/241
f 2386/6752/242 2384/7096/242 2388/6753/242
f 2392/6755/237 2394/7097/237 2393/6756/237
f 2394/6758/238 2398/7098/238 2397/6759/238
f 2398/6761/239 2396/7099/239 2395/6762/239
f 2396/6764/240 2392/7100/240 2391/6765/240
f 2397/6767/241 2395/7101/241 2391/6768/241
f 2394/6770/242 2392/7102/242 2396/6771/242
f 2400/6773/237 2402/7103/237 2401/6774/237
f 2402/6776/238 2406/7104/238 2405/6777/238
f 2406/6779/239 2404/7105/239 2403/6780/239
f 2404/6782/240 2400/7106/240 2399/6783/240
f 2405/6785/241 2403/7107/241 2399/6786/241
f 2402/6788/242 2400/7108/242 2404/6789/242
f 2408/6791/237 2410/7109/237 2409/6792/237
f 2410/6794/238 2414/7110/238 2413/6795/238
f 2414/6797/239 2412/7111/239 2411/6798/239
f 2412/6800/240 2408/7112/240 2407/6801/240
f 2413/6803/241 2411/7113/241 2407/6804/241
f 2410/6806/242 2408/7114/242 2412/6807/242
f 2416/6809/237 2418/7115/237 2417/6810/237
f 2418/6812/238 2422/7116/238 2421/6813/238
f 2422/6815/239 2420/7117/239 2419/6816/239
f 2420/6818/240 2416/7118/240 2415/6819/240
f 2421/6821/241 2419/7119/241 2415/6822/241
f 2418/6824/242 2416/7120/242 2420/6825/242
f 2424/6827/237 2426/7121/237 2425/6828/237
f 2426/6830/238 2430/7122/238 2429/6831/238
f 2430/6833/239 2428/7123/239 2427/6834/239
f 2428/6836/240 2424/7124/240 2423/6837/240
f 2429/6839/241 2427/7125/241 2423/6840/241
f 2426/6842/242 2424/7126/242 2428/6843/242
f 2432/6845/237 2434/7127/237 2433/6846/237
f 2434/6848/238 2438/7128/238 2437/6849/238
f 2438/6851/239 2436/7129/239 2435/6852/239
f 2436/6854/240 2432/7130/240 2431/6855/240
f 2437/6857/241 2435/7131/241 2431/6858/241
f 2434/6860/242 2432/7132/242 2436/6861/242
f 2440/6863/237 2442/7133/237 2441/6864/237
f 2442/6866/238 2446/7134/238 2445/6867/238
f 2446/6869/239 2444/7135/239 2443/6870/239
f 2444/6872/240 2440/7136/240 2439/6873/240
f 2445/6875/241 2443/7137/241 2439/6876/241
f 2442/6878/242 2440/7138/242 2444/6879/242
f 2448/6881/237 2450/7139/237 2449/6882/237
f 2450/6884/238 2454/7140/238 2453/6885/238
f 2454/6887/239 2452/7141/239 2451/6888/239
f 2452/6890/240 2448/7142/240 2447/6891/240
f 2453/6893/241 2451/7143/241 2447/6894/241
f 2450/6896/242 2448/7144/242 2452/6897/242
f 2456/6899/237 2458/7145/237 2457/6900/237
f 2458/6902/238 2462/7146/238 2461/6903/238
f 2462/6905/239 2460/7147/239 2459/6906/239
f 2460/6908/240 2456/7148/240 2455/6909/240
f 2461/6911/241 2459/7149/241 2455/6912/241
f 2458/6914/242 2456/7150/242 2460/6915/242
f 2464/6917/237 2466/7151/237 2465/6918/237
f 2466/6920/238 2470/7152/238 2469/6921/238
f 2470/6923/239 2468/7153/239 2467/6924/239
f 2468/6926/240 2464/7154/240 2463/6927/240
f 2469/6929/241 2467/7155/241 2463/6930/241
f 2466/6932/242 2464/7156/242 2468/6933/242
f 2472/6935/237 2474/7157/237 2473/6936/237
f 2474/6938/238 2478/7158/238 2477/6939/238
f 2478/6941/239 2476/7159/239 2475/6942/239
f 2476/6944/240 2472/7160/240 2471/6945/240
f 2477/6947/241 2475/7161/241 2471/6948/241
f 2474/6950/242 2472/7162/242 2476/6951/242
f 2480/6953/237 2482/7163/237 2481/6954/237
f 2482/6956/238 2486/7164/238 2485/6957/238
f 2486/6959/239 2484/7165/239 2483/6960/239
f 2484/6962/240 2480/7166/240 2479/6963/240
f 2485/6965/241 2483/7167/241 2479/6966/241
f 2482/6968/242 2480/7168/242 2484/6969/242
f 2488/6971/237 2490/7169/237 2489/6972/237
f 2490/6974/238 2494/7170/238 2493/6975/238
f 2494/6977/239 2492/7171/239 2491/6978/239
f 2492/6980/240 2488/7172/240 2487/6981/240
f 2493/6983/241 2491/7173/241 2487/6984/241
f 2490/6986/242 2488/7174/242 2492/6987/242
f 2496/6989/237 2498/7175/237 2497/6990/237
f 2498/6992/238 2502/7176/238 2501/6993/238
f 2502/6995/239 2500/7177/239 2499/6996/239
f 2500/6998/240 2496/7178/240 2495/6999/240
f 2501/7001/241 2499/7179/241 2495/7002/241
f 2498/7004/242 2496/7180/242 2500/7005/242
f 2504/7007/237 2506/7181/237 2505/7008/237
f 2506/7010/238 2510/7182/238 2509/7011/238
f 2510/7013/239 2508/7183/239 2507/7014/239
f 2508/7016/240 2504/7184/240 2503/7017/240
f 2509/7019/241 2507/7185/241 2503/7020/241
f 2506/7022/242 2504/7186/242 2508/7023/242
f 2512/7025/237 2514/7187/237 2513/7026/237
f 2514/7028/238 2518/7188/238 2517/7029/238
f 2518/7031/239 2516/7189/239 2515/7032/239
f 2516/7034/240 2512/7190/240 2511/7035/240
f 2517/7037/241 2515/7191/241 2511/7038/241
f 2514/7040/242 2512/7192/242 2516/7041/242
o Cube.035_Cube.049
v -119.081886 0.248732 -3.124484
v -119.081886 1.148732 -3.124484
v -119.081886 0.248732 -3.824484
v -119.081886 1.148732 -3.824484
v -116.981880 0.248732 -3.124486
v -116.981880 1.148732 -3.124486
v -116.981880 0.248732 -3.824486
v -116.981880 1.148732 -3.824486
v -114.881882 0.248732 -3.124488
v -114.881882 1.148732 -3.124488
v -114.881882 0.248732 -3.824488
v -114.881882 1.148732 -3.824488
v -112.781883 0.248732 -3.124490
v -112.781883 1.148732 -3.124490
v -112.781883 0.248732 -3.824490
v -112.781883 1.148732 -3.824490
v -110.681885 0.248732 -3.124492
v -110.681885 1.148732 -3.124492
v -110.681885 0.248732 -3.824492
v -110.681885 1.148732 -3.824492
v -108.581879 0.248732 -3.124494
v -108.581879 1.148732 -3.124494
v -108.581879 0.248732 -3.824494
v -108.581879 1.148732 -3.824494
v -106.481880 0.248732 -3.124496
v -106.481880 1.148732 -3.124496
v -106.481880 0.248732 -3.824497
v -106.481880 1.148732 -3.824497
v -104.381882 0.248732 -3.124498
v -104.381882 1.148732 -3.124498
v -104.381882 0.248732 -3.824499
v -104.381882 1.148732 -3.824499
v -102.281883 0.248732 -3.124501
v -102.281883 1.148732 -3.124501
v -102.281883 0.248732 -3.824501
v -102.281883 1.148732 -3.824501
v -100.181885 0.248732 -3.124503
v -100.181885 1.148732 -3.124503
v -100.181885 0.248732 -3.824503
v -100.181885 1.148732 -3.824503
v -98.081879 0.248732 -3.124505
v -98.081879 1.148732 -3.124505
v -98.081879 0.248732 -3.824505
v -98.081879 1.148732 -3.824505
v -95.981880 0.248732 -3.124507
v -95.981880 1.148732 -3.124507
v -95.981880 0.248732 -3.824507
v -95.981880 1.148732 -3.824507
v -93.881882 0.248732 -3.124509
v -93.881882 1.148732 -3.124509
v -93.881882 0.248732 -3.824509
v -93.881882 1.148732 -3.824509
v -91.781883 0.248732 -3.124511
v -91.781883 1.148732 -3.124511
v -91.781883 0.248732 -3.824511
v -91.781883 1.148732 -3.824511
v -89.681885 0.248732 -3.124513
v -89.681885 1.148732 -3.124513
v -89.681885 0.248732 -3.824513
v -89.681885 1.148732 -3.824513
v -87.581879 0.248732 -3.124515
v -87.581879 1.148732 -3.124515
v -87.581879 0.248732 -3.824515
v -87.581879 1.148732 -3.824515
v -85.481880 0.248732 -3.124517
v -85.481880 1.148732 -3.124517
v -85.481880 0.248732 -3.824517
v -85.481880 1.148732 -3.824517
v -83.381882 0.248732 -3.124519
v -83.381882 1.148732 -3.124519
v -83.381882 0.248732 -3.824519
v -83.381882 1.148732 -3.824519
v -81.281876 0.248732 -3.124521
v -81.281876 1.148732 -3.124521
v -81.281876 0.248732 -3.824521
v -81.281876 1.148732 -3.824521
v -79.181885 0.248732 -3.124523
v -79.181885 1.148732 -3.124523
v -79.181885 0.248732 -3.824523
v -79.181885 1.148732 -3.824523
v -77.081879 0.248732 -3.124525
v -77.081879 1.148732 -3.124525
v -77.081879 0.248732 -3.824525
v -77.081879 1.148732 -3.824525
v -74.981880 0.248732 -3.124527
v -74.981880 1.148732 -3.124527
v -74.981880 0.248732 -3.824527
v -74.981880 1.148732 -3.824527
v -72.881882 0.248732 -3.124529
v -72.881882 1.148732 -3.124529
v -72.881882 0.248732 -3.824529
v -72.881882 1.148732 -3.824529
v -70.781876 0.248732 -3.124531
v -70.781876 1.148732 -3.124531
v -70.781876 0.248732 -3.824531
v -70.781876 1.148732 -3.824531
v -68.681885 0.248732 -3.124533
v -68.681885 1.148732 -3.124533
v -68.681885 0.248732 -3.824533
v -68.681885 1.148732 -3.824533
v -66.581879 0.248732 -3.124536
v -66.581879 1.148732 -3.124536
v -66.581879 0.248732 -3.824535
v -66.581879 1.148732 -3.824535
v -64.481880 0.248732 -3.124537
v -64.481880 1.148732 -3.124537
v -64.481880 0.248732 -3.824538
v -64.481880 1.148732 -3.824538
v -62.381878 0.248732 -3.124540
v -62.381878 1.148732 -3.124540
v -62.381878 0.248732 -3.824540
v -62.381878 1.148732 -3.824540
v -60.281879 0.248732 -3.124542
v -60.281879 1.148732 -3.124542
v -60.281879 0.248732 -3.824542
v -60.281879 1.148732 -3.824542
v -58.181881 0.248732 -3.124544
v -58.181881 1.148732 -3.124544
v -58.181881 0.248732 -3.824544
v -58.181881 1.148732 -3.824544
v -56.081879 0.248732 -3.124546
v -56.081879 1.148732 -3.124546
v -56.081879 0.248732 -3.824546
v -56.081879 1.148732 -3.824546
v -53.981880 0.248732 -3.124548
v -53.981880 1.148732 -3.124548
v -53.981880 0.248732 -3.824548
v -53.981880 1.148732 -3.824548
v -51.881882 0.248732 -3.124550
v -51.881882 1.148732 -3.124550
v -51.881882 0.248732 -3.824550
v -51.881882 1.148732 -3.824550
v -49.781876 0.248732 -3.124552
v -49.781876 1.148732 -3.124552
v -49.781876 0.248732 -3.824552
v -49.781876 1.148732 -3.824552
v -47.681877 0.248732 -3.124554
v -47.681877 1.148732 -3.124554
v -47.681877 0.248732 -3.824554
v -47.681877 1.148732 -3.824554
v -45.581879 0.248732 -3.124556
v -45.581879 1.148732 -3.124556
v -45.581879 0.248732 -3.824556
v -45.581879 1.148732 -3.824556
v -43.481880 0.248732 -3.124558
v -43.481880 1.148732 -3.124558
v -43.481880 0.248732 -3.824558
v -43.481880 1.148732 -3.824558
v -41.381882 0.248732 -3.124560
v -41.381882 1.148732 -3.124560
v -41.381882 0.248732 -3.824560
v -41.381882 1.148732 -3.824560
v -39.281876 0.248732 -3.124562
v -39.281876 1.148732 -3.124562
v -39.281876 0.248732 -3.824562
v -39.281876 1.148732 -3.824562
v -37.181877 0.248732 -3.124564
v -37.181877 1.148732 -3.124564
v -37.181877 0.248732 -3.824564
v -37.181877 1.148732 -3.824564
v -35.081879 0.248732 -3.124566
v -35.081879 1.148732 -3.124566
v -35.081879 0.248732 -3.824566
v -35.081879 1.148732 -3.824566
v -32.981880 0.248732 -3.124568
v -32.981880 1.148732 -3.124568
v -32.981880 0.248732 -3.824568
v -32.981880 1.148732 -3.824568
v -30.881874 0.248732 -3.124570
v -30.881874 1.148732 -3.124570
v -30.881874 0.248732 -3.824570
v -30.881874 1.148732 -3.824570
v -28.781876 0.248732 -3.124572
v -28.781876 1.148732 -3.124572
v -28.781876 0.248732 -3.824572
v -28.781876 1.148732 -3.824572
v -26.681877 0.248732 -3.124574
v -26.681877 1.148732 -3.124574
v -26.681877 0.248732 -3.824574
v -26.681877 1.148732 -3.824574
v -24.581879 0.248732 -3.124577
v -24.581879 1.148732 -3.124577
v -24.581879 0.248732 -3.824577
v -24.581879 1.148732 -3.824577
v -22.481880 0.248732 -3.124578
v -22.481880 1.148732 -3.124578
v -22.481880 0.248732 -3.824579
v -22.481880 1.148732 -3.824579
v -20.381874 0.248732 -3.124581
v -20.381874 1.148732 -3.124581
v -20.381874 0.248732 -3.824581
v -20.381874 1.148732 -3.824581
v -18.281876 0.248732 -3.124583
v -18.281876 1.148732 -3.124583
v -18.281876 0.248732 -3.824583
v -18.281876 1.148732 -3.824583
v -16.181877 0.248732 -3.124585
v -16.181877 1.148732 -3.124585
v -16.181877 0.248732 -3.824585
v -16.181877 1.148732 -3.824585
vt 0.487152 0.069920
vt 0.479150 0.061918
vt 0.487152 0.061918
vt 0.487152 0.032252
vt 0.479150 0.024250
vt 0.487152 0.024250
vt 0.391896 0.486623
vt 0.383894 0.478621
vt 0.391896 0.478621
vt 0.486066 0.462051
vt 0.478064 0.454049
vt 0.486066 0.454049
vt 0.486066 0.416381
vt 0.478064 0.424383
vt 0.478064 0.416381
vt 0.486066 0.378713
vt 0.478064 0.386715
vt 0.478064 0.378713
vt 0.486066 0.220387
vt 0.478064 0.212384
vt 0.486066 0.212384
vt 0.901500 0.032252
vt 0.893498 0.024250
vt 0.901500 0.024250
vt 0.224672 0.485959
vt 0.216670 0.477957
vt 0.224672 0.477957
vt 0.901500 0.069920
vt 0.893498 0.061918
vt 0.901500 0.061918
vt 0.901500 0.080752
vt 0.893498 0.088754
vt 0.893498 0.080752
vt 0.901500 0.099586
vt 0.893498 0.107588
vt 0.893498 0.099586
vt 0.205838 0.485959
vt 0.197836 0.477957
vt 0.205838 0.477957
vt 0.901500 0.145256
vt 0.893498 0.137254
vt 0.901500 0.137254
vt 0.410730 0.485666
vt 0.402728 0.477664
vt 0.410730 0.477664
vt 0.168170 0.902337
vt 0.160168 0.894335
vt 0.168170 0.894335
vt 0.187004 0.894335
vt 0.179002 0.902337
vt 0.179002 0.894335
vt 0.448398 0.898883
vt 0.440396 0.906886
vt 0.440396 0.898883
vt 0.354276 0.483465
vt 0.346274 0.475462
vt 0.354276 0.475462
vt 0.051086 0.907802
vt 0.043084 0.899800
vt 0.051086 0.899800
vt 0.479699 0.337880
vt 0.471696 0.329877
vt 0.479699 0.329877
vt 0.088754 0.907802
vt 0.080752 0.899800
vt 0.088754 0.899800
vt 0.107588 0.899800
vt 0.099586 0.907802
vt 0.099586 0.899800
vt 0.126422 0.899800
vt 0.118420 0.907802
vt 0.118420 0.899800
vt 0.479699 0.300212
vt 0.471696 0.292209
vt 0.479699 0.292209
vt 0.919248 0.575055
vt 0.911246 0.567053
vt 0.919248 0.567053
vt 0.479699 0.243710
vt 0.471696 0.235707
vt 0.479699 0.235707
vt 0.919248 0.556221
vt 0.911246 0.548219
vt 0.919248 0.548219
vt 0.919248 0.529385
vt 0.911246 0.537387
vt 0.911246 0.529385
vt 0.919248 0.510551
vt 0.911246 0.518553
vt 0.911246 0.510551
vt 0.013418 0.476930
vt 0.005416 0.468928
vt 0.013418 0.468928
vt 0.919248 0.499719
vt 0.911246 0.491717
vt 0.919248 0.491717
vt 0.088754 0.474620
vt 0.080752 0.466618
vt 0.088754 0.466618
vt 0.919248 0.480885
vt 0.911246 0.472883
vt 0.919248 0.472883
vt 0.919248 0.454049
vt 0.911246 0.462051
vt 0.911246 0.454049
vt 0.919248 0.435215
vt 0.911246 0.443217
vt 0.911246 0.435215
vt 0.051086 0.474620
vt 0.043084 0.466618
vt 0.051086 0.466618
vt 0.919248 0.424383
vt 0.911246 0.416381
vt 0.919248 0.416381
vt 0.448398 0.473704
vt 0.440396 0.465701
vt 0.448398 0.465701
vt 0.919248 0.405549
vt 0.911246 0.397547
vt 0.919248 0.397547
vt 0.919248 0.378713
vt 0.911246 0.386715
vt 0.911246 0.378713
vt 0.919248 0.359879
vt 0.911246 0.367881
vt 0.911246 0.359879
vt 0.149336 0.469155
vt 0.141334 0.461153
vt 0.149336 0.461153
vt 0.919248 0.220387
vt 0.911246 0.212384
vt 0.919248 0.212384
vt 0.468318 0.107588
vt 0.460316 0.099586
vt 0.468318 0.099586
vt 0.919248 0.201553
vt 0.911246 0.193550
vt 0.919248 0.193550
vt 0.919248 0.174717
vt 0.911246 0.182719
vt 0.911246 0.174717
vt 0.243506 0.911139
vt 0.235504 0.919141
vt 0.235504 0.911139
vt 0.224672 0.467125
vt 0.216670 0.459123
vt 0.224672 0.459123
vt 0.787410 0.914067
vt 0.779408 0.906065
vt 0.787410 0.906065
vt 0.410730 0.466832
vt 0.402728 0.458830
vt 0.410730 0.458830
vt 0.825078 0.914067
vt 0.817076 0.906065
vt 0.825078 0.906065
vt 0.843912 0.906065
vt 0.835910 0.914067
vt 0.835910 0.906065
vt 0.862746 0.906065
vt 0.854744 0.914067
vt 0.854744 0.906065
vt 0.297775 0.465303
vt 0.289773 0.457301
vt 0.297775 0.457301
vt 0.900414 0.914067
vt 0.892412 0.906065
vt 0.900414 0.906065
vt 0.316609 0.464854
vt 0.308607 0.456851
vt 0.316609 0.456851
vt 0.316609 0.916869
vt 0.308607 0.908867
vt 0.316609 0.908867
vt 0.297775 0.909317
vt 0.289773 0.917319
vt 0.289773 0.909317
vt 0.262340 0.910610
vt 0.254338 0.918612
vt 0.254338 0.910610
vt 0.354276 0.464631
vt 0.346274 0.456629
vt 0.354276 0.456629
vt 0.205838 0.919141
vt 0.197836 0.911139
vt 0.205838 0.911139
vt 0.686873 0.337880
vt 0.678870 0.329877
vt 0.686873 0.329877
vt 0.749742 0.914067
vt 0.741740 0.906065
vt 0.749742 0.906065
vt 0.730908 0.906065
vt 0.722906 0.914067
vt 0.722906 0.906065
vt 0.712074 0.906065
vt 0.704072 0.914067
vt 0.704072 0.906065
vt 0.468318 0.145256
vt 0.460316 0.137254
vt 0.468318 0.137254
vt 0.636738 0.914067
vt 0.628736 0.906065
vt 0.636738 0.906065
vt 0.168170 0.469155
vt 0.160168 0.461153
vt 0.168170 0.461153
vt 0.599070 0.914067
vt 0.591068 0.906065
vt 0.599070 0.906065
vt 0.561402 0.906065
vt 0.553400 0.914067
vt 0.553400 0.906065
vt 0.523734 0.906065
vt 0.515732 0.914067
vt 0.515732 0.906065
vt 0.069920 0.474620
vt 0.061918 0.466618
vt 0.069920 0.466618
vt 0.486066 0.914067
vt 0.478064 0.906065
vt 0.486066 0.906065
vt 0.126422 0.474620
vt 0.118420 0.466618
vt 0.126422 0.466618
vt 0.912881 0.300212
vt 0.904878 0.292209
vt 0.912881 0.292209
vt 0.912881 0.273375
vt 0.904878 0.281378
vt 0.904878 0.273375
vt 0.912881 0.254541
vt 0.904878 0.262544
vt 0.904878 0.254541
vt 0.479699 0.262544
vt 0.471696 0.254541
vt 0.479699 0.254541
vt 0.900414 0.575055
vt 0.892412 0.567053
vt 0.900414 0.567053
vt 0.187004 0.487989
vt 0.179002 0.479987
vt 0.187004 0.479987
vt 0.900414 0.537387
vt 0.892412 0.529385
vt 0.900414 0.529385
vt 0.900414 0.491717
vt 0.892412 0.499719
vt 0.892412 0.491717
vt 0.900414 0.454049
vt 0.892412 0.462051
vt 0.892412 0.454049
vt 0.088754 0.493454
vt 0.080752 0.485452
vt 0.088754 0.485452
vt 0.900414 0.424383
vt 0.892412 0.416381
vt 0.900414 0.416381
vt 0.126422 0.493454
vt 0.118420 0.485452
vt 0.126422 0.485452
vt 0.900414 0.220387
vt 0.892412 0.212384
vt 0.900414 0.212384
vt 0.900414 0.193550
vt 0.892412 0.201553
vt 0.892412 0.193550
vt 0.900414 0.174717
vt 0.892412 0.182719
vt 0.892412 0.174717
vt 0.498533 0.281378
vt 0.490530 0.273375
vt 0.498533 0.273375
vt 0.410730 0.900014
vt 0.402728 0.892012
vt 0.410730 0.892012
vt 0.498533 0.337880
vt 0.490530 0.329877
vt 0.498533 0.329877
vt 0.297775 0.898485
vt 0.289773 0.890483
vt 0.297775 0.890483
vt 0.354276 0.889810
vt 0.346274 0.897813
vt 0.346274 0.889810
vt 0.881580 0.548219
vt 0.873578 0.556221
vt 0.873578 0.548219
vt 0.088754 0.512288
vt 0.080752 0.504286
vt 0.088754 0.504286
vt 0.881580 0.518553
vt 0.873578 0.510551
vt 0.881580 0.510551
vt 0.126422 0.512288
vt 0.118420 0.504286
vt 0.126422 0.504286
vt 0.881580 0.443217
vt 0.873578 0.435215
vt 0.881580 0.435215
vt 0.881580 0.416381
vt 0.873578 0.424383
vt 0.873578 0.416381
vt 0.881580 0.397547
vt 0.873578 0.405549
vt 0.873578 0.397547
vt 0.517367 0.300212
vt 0.509364 0.292209
vt 0.517367 0.292209
vt 0.881580 0.201553
vt 0.873578 0.193550
vt 0.881580 0.193550
vt 0.354276 0.521133
vt 0.346274 0.513130
vt 0.354276 0.513130
vt 0.243506 0.881473
vt 0.235504 0.873471
vt 0.243506 0.873471
vt 0.205838 0.873471
vt 0.197836 0.881473
vt 0.197836 0.873471
vt 0.262340 0.872942
vt 0.254338 0.880944
vt 0.254338 0.872942
vt 0.224672 0.523627
vt 0.216670 0.515625
vt 0.224672 0.515625
vt 0.316609 0.879201
vt 0.308607 0.871199
vt 0.316609 0.871199
vt 0.523734 0.367881
vt 0.515732 0.359879
vt 0.523734 0.359879
vt 0.168170 0.864669
vt 0.160168 0.856667
vt 0.168170 0.856667
vt 0.149337 0.856667
vt 0.141334 0.864669
vt 0.141334 0.856667
vt 0.863832 0.137254
vt 0.855830 0.145256
vt 0.855830 0.137254
vt 0.013418 0.533432
vt 0.005416 0.525430
vt 0.013418 0.525430
vt 0.126422 0.926636
vt 0.118420 0.918634
vt 0.126422 0.918634
vt 0.536201 0.262544
vt 0.528198 0.254541
vt 0.536201 0.254541
vt 0.013418 0.928946
vt 0.005416 0.920944
vt 0.013418 0.920944
vt 0.931715 0.235707
vt 0.923712 0.243710
vt 0.923712 0.235707
vt 0.931715 0.254541
vt 0.923712 0.262544
vt 0.923712 0.254541
vt 0.536201 0.300212
vt 0.528198 0.292209
vt 0.536201 0.292209
vt 0.931715 0.300212
vt 0.923712 0.292209
vt 0.931715 0.292209
vt 0.536201 0.337880
vt 0.528198 0.329877
vt 0.536201 0.329877
vt 0.931715 0.337880
vt 0.923712 0.329877
vt 0.931715 0.329877
vt 0.467232 0.924899
vt 0.459230 0.932901
vt 0.459230 0.924899
vt 0.486066 0.924899
vt 0.478064 0.932901
vt 0.478064 0.924899
vt 0.486066 0.537387
vt 0.478064 0.529385
vt 0.486066 0.529385
vt 0.523734 0.932901
vt 0.515732 0.924899
vt 0.523734 0.924899
vt 0.316609 0.540189
vt 0.308607 0.532187
vt 0.316609 0.532187
vt 0.561402 0.932901
vt 0.553400 0.924899
vt 0.561402 0.924899
vt 0.580236 0.924899
vt 0.572234 0.932901
vt 0.572234 0.924899
vt 0.599070 0.924899
vt 0.591068 0.932901
vt 0.591068 0.924899
vt 0.297775 0.540639
vt 0.289773 0.532637
vt 0.297775 0.532637
vt 0.636738 0.932901
vt 0.628736 0.924899
vt 0.636738 0.924899
vt 0.262340 0.541932
vt 0.254338 0.533930
vt 0.262340 0.533930
vt 0.674406 0.932901
vt 0.666404 0.924899
vt 0.674406 0.924899
vt 0.693240 0.924899
vt 0.685238 0.932901
vt 0.685238 0.924899
vt 0.712074 0.924899
vt 0.704072 0.932901
vt 0.704072 0.924899
vt 0.243506 0.542461
vt 0.235504 0.534459
vt 0.243506 0.534459
vt 0.862746 0.725727
vt 0.854744 0.717725
vt 0.862746 0.717725
vt 0.542568 0.201553
vt 0.534566 0.193550
vt 0.542568 0.193550
vt 0.862746 0.688059
vt 0.854744 0.680057
vt 0.862746 0.680057
vt 0.862746 0.642389
vt 0.854744 0.650391
vt 0.854744 0.642389
vt 0.844998 0.099586
vt 0.836996 0.107588
vt 0.836996 0.099586
vt 0.262340 0.560766
vt 0.254338 0.552764
vt 0.262340 0.552764
vt 0.844998 0.069920
vt 0.836996 0.061918
vt 0.844998 0.061918
vt 0.224672 0.561295
vt 0.216670 0.553293
vt 0.224672 0.553293
vt 0.391896 0.844469
vt 0.383894 0.836467
vt 0.391896 0.836467
vt 0.843912 0.830729
vt 0.835910 0.838731
vt 0.835910 0.830729
vt 0.843912 0.811895
vt 0.835910 0.819897
vt 0.835910 0.811895
vt 0.479150 0.069920
vt 0.479150 0.032252
vt 0.383894 0.486623
vt 0.478064 0.462051
vt 0.486066 0.424383
vt 0.486066 0.386715
vt 0.478064 0.220387
vt 0.893498 0.032252
vt 0.216670 0.485959
vt 0.893498 0.069920
vt 0.901500 0.088754
vt 0.901500 0.107588
vt 0.197836 0.485959
vt 0.893498 0.145256
vt 0.402728 0.485666
vt 0.160168 0.902337
vt 0.187004 0.902337
vt 0.448398 0.906886
vt 0.346274 0.483465
vt 0.043084 0.907802
vt 0.471696 0.337880
vt 0.080752 0.907802
vt 0.107588 0.907802
vt 0.126422 0.907802
vt 0.471696 0.300212
vt 0.911246 0.575055
vt 0.471696 0.243710
vt 0.911246 0.556221
vt 0.919248 0.537387
vt 0.919248 0.518553
vt 0.005416 0.476930
vt 0.911246 0.499719
vt 0.080752 0.474620
vt 0.911246 0.480885
vt 0.919248 0.462051
vt 0.919248 0.443217
vt 0.043084 0.474620
vt 0.911246 0.424383
vt 0.440396 0.473704
vt 0.911246 0.405549
vt 0.919248 0.386715
vt 0.919248 0.367881
vt 0.141334 0.469155
vt 0.911246 0.220387
vt 0.460316 0.107588
vt 0.911246 0.201553
vt 0.919248 0.182719
vt 0.243506 0.919141
vt 0.216670 0.467125
vt 0.779408 0.914067
vt 0.402728 0.466832
vt 0.817076 0.914067
vt 0.843912 0.914067
vt 0.862746 0.914067
vt 0.289773 0.465303
vt 0.892412 0.914067
vt 0.308607 0.464854
vt 0.308607 0.916869
vt 0.297775 0.917319
vt 0.262340 0.918612
vt 0.346274 0.464631
vt 0.197836 0.919141
vt 0.678870 0.337880
vt 0.741740 0.914067
vt 0.730908 0.914067
vt 0.712074 0.914067
vt 0.460316 0.145256
vt 0.628736 0.914067
vt 0.160168 0.469155
vt 0.591068 0.914067
vt 0.561402 0.914067
vt 0.523734 0.914067
vt 0.061918 0.474620
vt 0.478064 0.914067
vt 0.118420 0.474620
vt 0.904878 0.300212
vt 0.912881 0.281378
vt 0.912881 0.262544
vt 0.471696 0.262544
vt 0.892412 0.575055
vt 0.179002 0.487989
vt 0.892412 0.537387
vt 0.900414 0.499719
vt 0.900414 0.462051
vt 0.080752 0.493454
vt 0.892412 0.424383
vt 0.118420 0.493454
vt 0.892412 0.220387
vt 0.900414 0.201553
vt 0.900414 0.182719
vt 0.490530 0.281378
vt 0.402728 0.900014
vt 0.490530 0.337880
vt 0.289773 0.898485
vt 0.354276 0.897813
vt 0.881580 0.556221
vt 0.080752 0.512288
vt 0.873578 0.518553
vt 0.118420 0.512288
vt 0.873578 0.443217
vt 0.881580 0.424383
vt 0.881580 0.405549
vt 0.509364 0.300212
vt 0.873578 0.201553
vt 0.346274 0.521133
vt 0.235504 0.881473
vt 0.205838 0.881473
vt 0.262340 0.880944
vt 0.216670 0.523627
vt 0.308607 0.879201
vt 0.515732 0.367881
vt 0.160168 0.864669
vt 0.149337 0.864669
vt 0.863832 0.145256
vt 0.005416 0.533432
vt 0.118420 0.926636
vt 0.528198 0.262544
vt 0.005416 0.928946
vt 0.931715 0.243710
vt 0.931715 0.262544
vt 0.528198 0.300212
vt 0.923712 0.300212
vt 0.528198 0.337880
vt 0.923712 0.337880
vt 0.467232 0.932901
vt 0.486066 0.932901
vt 0.478064 0.537387
vt 0.515732 0.932901
vt 0.308607 0.540189
vt 0.553400 0.932901
vt 0.580236 0.932901
vt 0.599070 0.932901
vt 0.289773 0.540639
vt 0.628736 0.932901
vt 0.254338 0.541932
vt 0.666404 0.932901
vt 0.693240 0.932901
vt 0.712074 0.932901
vt 0.235504 0.542461
vt 0.854744 0.725727
vt 0.534566 0.201553
vt 0.854744 0.688059
vt 0.862746 0.650391
vt 0.844998 0.107588
vt 0.254338 0.560766
vt 0.836996 0.069920
vt 0.216670 0.561295
vt 0.383894 0.844469
vt 0.843912 0.838731
vt 0.843912 0.819897
vn -1.0000 0.0000 0.0000
vn -0.0000 0.0000 -1.0000
vn 1.0000 0.0000 0.0000
vn 0.0000 0.0000 1.0000
vn 0.0000 -1.0000 0.0000
vn 0.0000 1.0000 0.0000
s off
f 2520/7193/243 2521/7194/243 2519/7195/243
f 2522/7196/244 2525/7197/244 2521/7198/244
f 2526/7199/245 2523/7200/245 2525/7201/245
f 2524/7202/246 2519/7203/246 2523/7204/246
f 2525/7205/247 2519/7206/247 2521/7207/247
f 2522/7208/248 2524/7209/248 2526/7210/248
f 2528/7211/243 2529/7212/243 2527/7213/243
f 2530/7214/244 2533/7215/244 2529/7216/244
f 2534/7217/245 2531/7218/245 2533/7219/245
f 2532/7220/246 2527/7221/246 2531/7222/246
f 2533/7223/247 2527/7224/247 2529/7225/247
f 2530/7226/248 2532/7227/248 2534/7228/248
f 2536/7229/243 2537/7230/243 2535/7231/243
f 2538/7232/244 2541/7233/244 2537/7234/244
f 2542/7235/245 2539/7236/245 2541/7237/245
f 2540/7238/246 2535/7239/246 2539/7240/246
f 2541/7241/247 2535/7242/247 2537/7243/247
f 2538/7244/248 2540/7245/248 2542/7246/248
f 2544/7247/243 2545/7248/243 2543/7249/243
f 2546/7250/244 2549/7251/244 2545/7252/244
f 2550/7253/245 2547/7254/245 2549/7255/245
f 2548/7256/246 2543/7257/246 2547/7258/246
f 2549/7259/247 2543/7260/247 2545/7261/247
f 2546/7262/248 2548/7263/248 2550/7264/248
f 2552/7265/243 2553/7266/243 2551/7267/243
f 2554/7268/244 2557/7269/244 2553/7270/244
f 2558/7271/245 2555/7272/245 2557/7273/245
f 2556/7274/246 2551/7275/246 2555/7276/246
f 2557/7277/247 2551/7278/247 2553/7279/247
f 2554/7280/248 2556/7281/248 2558/7282/248
f 2560/7283/243 2561/7284/243 2559/7285/243
f 2562/7286/244 2565/7287/244 2561/7288/244
f 2566/7289/245 2563/7290/245 2565/7291/245
f 2564/7292/246 2559/7293/246 2563/7294/246
f 2565/7295/247 2559/7296/247 2561/7297/247
f 2562/7298/248 2564/7299/248 2566/7300/248
f 2568/7301/243 2569/7302/243 2567/7303/243
f 2570/7304/244 2573/7305/244 2569/7306/244
f 2574/7307/245 2571/7308/245 2573/7309/245
f 2572/7310/246 2567/7311/246 2571/7312/246
f 2573/7313/247 2567/7314/247 2569/7315/247
f 2570/7316/248 2572/7317/248 2574/7318/248
f 2576/7319/243 2577/7320/243 2575/7321/243
f 2578/7322/244 2581/7323/244 2577/7324/244
f 2582/7325/245 2579/7326/245 2581/7327/245
f 2580/7328/246 2575/7329/246 2579/7330/246
f 2581/7331/247 2575/7332/247 2577/7333/247
f 2578/7334/248 2580/7335/248 2582/7336/248
f 2584/7337/243 2585/7338/243 2583/7339/243
f 2586/7340/244 2589/7341/244 2585/7342/244
f 2590/7343/245 2587/7344/245 2589/7345/245
f 2588/7346/246 2583/7347/246 2587/7348/246
f 2589/7349/247 2583/7350/247 2585/7351/247
f 2586/7352/248 2588/7353/248 2590/7354/248
f 2592/7355/243 2593/7356/243 2591/7357/243
f 2594/7358/244 2597/7359/244 2593/7360/244
f 2598/7361/245 2595/7362/245 2597/7363/245
f 2596/7364/246 2591/7365/246 2595/7366/246
f 2597/7367/247 2591/7368/247 2593/7369/247
f 2594/7370/248 2596/7371/248 2598/7372/248
f 2600/7373/243 2601/7374/243 2599/7375/243
f 2602/7376/244 2605/7377/244 2601/7378/244
f 2606/7379/245 2603/7380/245 2605/7381/245
f 2604/7382/246 2599/7383/246 2603/7384/246
f 2605/7385/247 2599/7386/247 2601/7387/247
f 2602/7388/248 2604/7389/248 2606/7390/248
f 2608/7391/243 2609/7392/243 2607/7393/243
f 2610/7394/244 2613/7395/244 2609/7396/244
f 2614/7397/245 2611/7398/245 2613/7399/245
f 2612/7400/246 2607/7401/246 2611/7402/246
f 2613/7403/247 2607/7404/247 2609/7405/247
f 2610/7406/248 2612/7407/248 2614/7408/248
f 2616/7409/243 2617/7410/243 2615/7411/243
f 2618/7412/244 2621/7413/244 2617/7414/244
f 2622/7415/245 2619/7416/245 2621/7417/245
f 2620/7418/246 2615/7419/246 2619/7420/246
f 2621/7421/247 2615/7422/247 2617/7423/247
f 2618/7424/248 2620/7425/248 2622/7426/248
f 2624/7427/243 2625/7428/243 2623/7429/243
f 2626/7430/244 2629/7431/244 2625/7432/244
f 2630/7433/245 2627/7434/245 2629/7435/245
f 2628/7436/246 2623/7437/246 2627/7438/246
f 2629/7439/247 2623/7440/247 2625/7441/247
f 2626/7442/248 2628/7443/248 2630/7444/248
f 2632/7445/243 2633/7446/243 2631/7447/243
f 2634/7448/244 2637/7449/244 2633/7450/244
f 2638/7451/245 2635/7452/245 2637/7453/245
f 2636/7454/246 2631/7455/246 2635/7456/246
f 2637/7457/247 2631/7458/247 2633/7459/247
f 2634/7460/248 2636/7461/248 2638/7462/248
f 2640/7463/243 2641/7464/243 2639/7465/243
f 2642/7466/244 2645/7467/244 2641/7468/244
f 2646/7469/245 2643/7470/245 2645/7471/245
f 2644/7472/246 2639/7473/246 2643/7474/246
f 2645/7475/247 2639/7476/247 2641/7477/247
f 2642/7478/248 2644/7479/248 2646/7480/248
f 2648/7481/243 2649/7482/243 2647/7483/243
f 2650/7484/244 2653/7485/244 2649/7486/244
f 2654/7487/245 2651/7488/245 2653/7489/245
f 2652/7490/246 2647/7491/246 2651/7492/246
f 2653/7493/247 2647/7494/247 2649/7495/247
f 2650/7496/248 2652/7497/248 2654/7498/248
f 2656/7499/243 2657/7500/243 2655/7501/243
f 2658/7502/244 2661/7503/244 2657/7504/244
f 2662/7505/245 2659/7506/245 2661/7507/245
f 2660/7508/246 2655/7509/246 2659/7510/246
f 2661/7511/247 2655/7512/247 2657/7513/247
f 2658/7514/248 2660/7515/248 2662/7516/248
f 2664/7517/243 2665/7518/243 2663/7519/243
f 2666/7520/244 2669/7521/244 2665/7522/244
f 2670/7523/245 2667/7524/245 2669/7525/245
f 2668/7526/246 2663/7527/246 2667/7528/246
f 2669/7529/247 2663/7530/247 2665/7531/247
f 2666/7532/248 2668/7533/248 2670/7534/248
f 2672/7535/243 2673/7536/243 2671/7537/243
f 2674/7538/244 2677/7539/244 2673/7540/244
f 2678/7541/245 2675/7542/245 2677/7543/245
f 2676/7544/246 2671/7545/246 2675/7546/246
f 2677/7547/247 2671/7548/247 2673/7549/247
f 2674/7550/248 2676/7551/248 2678/7552/248
f 2680/7553/243 2681/7554/243 2679/7555/243
f 2682/7556/244 2685/7557/244 2681/7558/244
f 2686/7559/245 2683/7560/245 2685/7561/245
f 2684/7562/246 2679/7563/246 2683/7564/246
f 2685/7565/247 2679/7566/247 2681/7567/247
f 2682/7568/248 2684/7569/248 2686/7570/248
f 2688/7571/243 2689/7572/243 2687/7573/243
f 2690/7574/244 2693/7575/244 2689/7576/244
f 2694/7577/245 2691/7578/245 2693/7579/245
f 2692/7580/246 2687/7581/246 2691/7582/246
f 2693/7583/247 2687/7584/247 2689/7585/247
f 2690/7586/248 2692/7587/248 2694/7588/248
f 2696/7589/243 2697/7590/243 2695/7591/243
f 2698/7592/244 2701/7593/244 2697/7594/244
f 2702/7595/245 2699/7596/245 2701/7597/245
f 2700/7598/246 2695/7599/246 2699/7600/246
f 2701/7601/247 2695/7602/247 2697/7603/247
f 2698/7604/248 2700/7605/248 2702/7606/248
f 2704/7607/243 2705/7608/243 2703/7609/243
f 2706/7610/244 2709/7611/244 2705/7612/244
f 2710/7613/245 2707/7614/245 2709/7615/245
f 2708/7616/246 2703/7617/246 2707/7618/246
f 2709/7619/247 2703/7620/247 2705/7621/247
f 2706/7622/248 2708/7623/248 2710/7624/248
f 2712/7625/243 2713/7626/243 2711/7627/243
f 2714/7628/244 2717/7629/244 2713/7630/244
f 2718/7631/245 2715/7632/245 2717/7633/245
f 2716/7634/246 2711/7635/246 2715/7636/246
f 2717/7637/247 2711/7638/247 2713/7639/247
f 2714/7640/248 2716/7641/248 2718/7642/248
f 2520/7193/243 2522/7643/243 2521/7194/243
f 2522/7196/244 2526/7644/244 2525/7197/244
f 2526/7199/245 2524/7645/245 2523/7200/245
f 2524/7202/246 2520/7646/246 2519/7203/246
f 2525/7205/247 2523/7647/247 2519/7206/247
f 2522/7208/248 2520/7648/248 2524/7209/248
f 2528/7211/243 2530/7649/243 2529/7212/243
f 2530/7214/244 2534/7650/244 2533/7215/244
f 2534/7217/245 2532/7651/245 2531/7218/245
f 2532/7220/246 2528/7652/246 2527/7221/246
f 2533/7223/247 2531/7653/247 2527/7224/247
f 2530/7226/248 2528/7654/248 2532/7227/248
f 2536/7229/243 2538/7655/243 2537/7230/243
f 2538/7232/244 2542/7656/244 2541/7233/244
f 2542/7235/245 2540/7657/245 2539/7236/245
f 2540/7238/246 2536/7658/246 2535/7239/246
f 2541/7241/247 2539/7659/247 2535/7242/247
f 2538/7244/248 2536/7660/248 2540/7245/248
f 2544/7247/243 2546/7661/243 2545/7248/243
f 2546/7250/244 2550/7662/244 2549/7251/244
f 2550/7253/245 2548/7663/245 2547/7254/245
f 2548/7256/246 2544/7664/246 2543/7257/246
f 2549/7259/247 2547/7665/247 2543/7260/247
f 2546/7262/248 2544/7666/248 2548/7263/248
f 2552/7265/243 2554/7667/243 2553/7266/243
f 2554/7268/244 2558/7668/244 2557/7269/244
f 2558/7271/245 2556/7669/245 2555/7272/245
f 2556/7274/246 2552/7670/246 2551/7275/246
f 2557/7277/247 2555/7671/247 2551/7278/247
f 2554/7280/248 2552/7672/248 2556/7281/248
f 2560/7283/243 2562/7673/243 2561/7284/243
f 2562/7286/244 2566/7674/244 2565/7287/244
f 2566/7289/245 2564/7675/245 2563/7290/245
f 2564/7292/246 2560/7676/246 2559/7293/246
f 2565/7295/247 2563/7677/247 2559/7296/247
f 2562/7298/248 2560/7678/248 2564/7299/248
f 2568/7301/243 2570/7679/243 2569/7302/243
f 2570/7304/244 2574/7680/244 2573/7305/244
f 2574/7307/245 2572/7681/245 2571/7308/245
f 2572/7310/246 2568/7682/246 2567/7311/246
f 2573/7313/247 2571/7683/247 2567/7314/247
f 2570/7316/248 2568/7684/248 2572/7317/248
f 2576/7319/243 2578/7685/243 2577/7320/243
f 2578/7322/244 2582/7686/244 2581/7323/244
f 2582/7325/245 2580/7687/245 2579/7326/245
f 2580/7328/246 2576/7688/246 2575/7329/246
f 2581/7331/247 2579/7689/247 2575/7332/247
f 2578/7334/248 2576/7690/248 2580/7335/248
f 2584/7337/243 2586/7691/243 2585/7338/243
f 2586/7340/244 2590/7692/244 2589/7341/244
f 2590/7343/245 2588/7693/245 2587/7344/245
f 2588/7346/246 2584/7694/246 2583/7347/246
f 2589/7349/247 2587/7695/247 2583/7350/247
f 2586/7352/248 2584/7696/248 2588/7353/248
f 2592/7355/243 2594/7697/243 2593/7356/243
f 2594/7358/244 2598/7698/244 2597/7359/244
f 2598/7361/245 2596/7699/245 2595/7362/245
f 2596/7364/246 2592/7700/246 2591/7365/246
f 2597/7367/247 2595/7701/247 2591/7368/247
f 2594/7370/248 2592/7702/248 2596/7371/248
f 2600/7373/243 2602/7703/243 2601/7374/243
f 2602/7376/244 2606/7704/244 2605/7377/244
f 2606/7379/245 2604/7705/245 2603/7380/245
f 2604/7382/246 2600/7706/246 2599/7383/246
f 2605/7385/247 2603/7707/247 2599/7386/247
f 2602/7388/248 2600/7708/248 2604/7389/248
f 2608/7391/243 2610/7709/243 2609/7392/243
f 2610/7394/244 2614/7710/244 2613/7395/244
f 2614/7397/245 2612/7711/245 2611/7398/245
f 2612/7400/246 2608/7712/246 2607/7401/246
f 2613/7403/247 2611/7713/247 2607/7404/247
f 2610/7406/248 2608/7714/248 2612/7407/248
f 2616/7409/243 2618/7715/243 2617/7410/243
f 2618/7412/244 2622/7716/244 2621/7413/244
f 2622/7415/245 2620/7717/245 2619/7416/245
f 2620/7418/246 2616/7718/246 2615/7419/246
f 2621/7421/247 2619/7719/247 2615/7422/247
f 2618/7424/248 2616/7720/248 2620/7425/248
f 2624/7427/243 2626/7721/243 2625/7428/243
f 2626/7430/244 2630/7722/244 2629/7431/244
f 2630/7433/245 2628/7723/245 2627/7434/245
f 2628/7436/246 2624/7724/246 2623/7437/246
f 2629/7439/247 2627/7725/247 2623/7440/247
f 2626/7442/248 2624/7726/248 2628/7443/248
f 2632/7445/243 2634/7727/243 2633/7446/243
f 2634/7448/244 2638/7728/244 2637/7449/244
f 2638/7451/245 2636/7729/245 2635/7452/245
f 2636/7454/246 2632/7730/246 2631/7455/246
f 2637/7457/247 2635/7731/247 2631/7458/247
f 2634/7460/248 2632/7732/248 2636/7461/248
f 2640/7463/243 2642/7733/243 2641/7464/243
f 2642/7466/244 2646/7734/244 2645/7467/244
f 2646/7469/245 2644/7735/245 2643/7470/245
f 2644/7472/246 2640/7736/246 2639/7473/246
f 2645/7475/247 2643/7737/247 2639/7476/247
f 2642/7478/248 2640/7738/248 2644/7479/248
f 2648/7481/243 2650/7739/243 2649/7482/243
f 2650/7484/244 2654/7740/244 2653/7485/244
f 2654/7487/245 2652/7741/245 2651/7488/245
f 2652/7490/246 2648/7742/246 2647/7491/246
f 2653/7493/247 2651/7743/247 2647/7494/247
f 2650/7496/248 2648/7744/248 2652/7497/248
f 2656/7499/243 2658/7745/243 2657/7500/243
f 2658/7502/244 2662/7746/244 2661/7503/244
f 2662/7505/245 2660/7747/245 2659/7506/245
f 2660/7508/246 2656/7748/246 2655/7509/246
f 2661/7511/247 2659/7749/247 2655/7512/247
f 2658/7514/248 2656/7750/248 2660/7515/248
f 2664/7517/243 2666/7751/243 2665/7518/243
f 2666/7520/244 2670/7752/244 2669/7521/244
f 2670/7523/245 2668/7753/245 2667/7524/245
f 2668/7526/246 2664/7754/246 2663/7527/246
f 2669/7529/247 2667/7755/247 2663/7530/247
f 2666/7532/248 2664/7756/248 2668/7533/248
f 2672/7535/243 2674/7757/243 2673/7536/243
f 2674/7538/244 2678/7758/244 2677/7539/244
f 2678/7541/245 2676/7759/245 2675/7542/245
f 2676/7544/246 2672/7760/246 2671/7545/246
f 2677/7547/247 2675/7761/247 2671/7548/247
f 2674/7550/248 2672/7762/248 2676/7551/248
f 2680/7553/243 2682/7763/243 2681/7554/243
f 2682/7556/244 2686/7764/244 2685/7557/244
f 2686/7559/245 2684/7765/245 2683/7560/245
f 2684/7562/246 2680/7766/246 2679/7563/246
f 2685/7565/247 2683/7767/247 2679/7566/247
f 2682/7568/248 2680/7768/248 2684/7569/248
f 2688/7571/243 2690/7769/243 2689/7572/243
f 2690/7574/244 2694/7770/244 2693/7575/244
f 2694/7577/245 2692/7771/245 2691/7578/245
f 2692/7580/246 2688/7772/246 2687/7581/246
f 2693/7583/247 2691/7773/247 2687/7584/247
f 2690/7586/248 2688/7774/248 2692/7587/248
f 2696/7589/243 2698/7775/243 2697/7590/243
f 2698/7592/244 2702/7776/244 2701/7593/244
f 2702/7595/245 2700/7777/245 2699/7596/245
f 2700/7598/246 2696/7778/246 2695/7599/246
f 2701/7601/247 2699/7779/247 2695/7602/247
f 2698/7604/248 2696/7780/248 2700/7605/248
f 2704/7607/243 2706/7781/243 2705/7608/243
f 2706/7610/244 2710/7782/244 2709/7611/244
f 2710/7613/245 2708/7783/245 2707/7614/245
f 2708/7616/246 2704/7784/246 2703/7617/246
f 2709/7619/247 2707/7785/247 2703/7620/247
f 2706/7622/248 2704/7786/248 2708/7623/248
f 2712/7625/243 2714/7787/243 2713/7626/243
f 2714/7628/244 2718/7788/244 2717/7629/244
f 2718/7631/245 2716/7789/245 2715/7632/245
f 2716/7634/246 2712/7790/246 2711/7635/246
f 2717/7637/247 2715/7791/247 2711/7638/247
f 2714/7640/248 2712/7792/248 2716/7641/248
o Cube.036_Cube.050
v 0.356787 0.248732 138.771851
v 0.356787 1.148732 138.771851
v -0.343213 0.248732 138.771851
v -0.343213 1.148732 138.771851
v 0.356785 0.248732 136.671844
v 0.356785 1.148732 136.671844
v -0.343215 0.248732 136.671844
v -0.343215 1.148732 136.671844
v 0.356783 0.248732 134.571854
v 0.356783 1.148732 134.571854
v -0.343217 0.248732 134.571854
v -0.343217 1.148732 134.571854
v 0.356781 0.248732 132.471848
v 0.356781 1.148732 132.471848
v -0.343220 0.248732 132.471848
v -0.343220 1.148732 132.471848
v 0.356779 0.248732 130.371841
v 0.356779 1.148732 130.371841
v -0.343222 0.248732 130.371841
v -0.343222 1.148732 130.371841
v 0.356776 0.248732 128.271851
v 0.356776 1.148732 128.271851
v -0.343224 0.248732 128.271851
v -0.343224 1.148732 128.271851
v 0.356774 0.248732 126.171844
v 0.356774 1.148732 126.171844
v -0.343226 0.248732 126.171844
v -0.343226 1.148732 126.171844
v 0.356772 0.248732 124.071846
v 0.356772 1.148732 124.071846
v -0.343228 0.248732 124.071846
v -0.343228 1.148732 124.071846
v 0.356770 0.248732 121.971848
v 0.356770 1.148732 121.971848
v -0.343230 0.248732 121.971848
v -0.343230 1.148732 121.971848
v 0.356768 0.248732 119.871849
v 0.356768 1.148732 119.871849
v -0.343232 0.248732 119.871849
v -0.343232 1.148732 119.871849
v 0.356766 0.248732 117.771851
v 0.356766 1.148732 117.771851
v -0.343234 0.248732 117.771851
v -0.343234 1.148732 117.771851
v 0.356764 0.248732 115.671844
v 0.356764 1.148732 115.671844
v -0.343236 0.248732 115.671844
v -0.343236 1.148732 115.671844
v 0.356762 0.248732 113.571846
v 0.356762 1.148732 113.571846
v -0.343238 0.248732 113.571846
v -0.343238 1.148732 113.571846
v 0.356760 0.248732 111.471848
v 0.356760 1.148732 111.471848
v -0.343240 0.248732 111.471848
v -0.343240 1.148732 111.471848
v 0.356758 0.248732 109.371841
v 0.356758 1.148732 109.371841
v -0.343242 0.248732 109.371841
v -0.343242 1.148732 109.371841
v 0.356756 0.248732 107.271843
v 0.356756 1.148732 107.271843
v -0.343244 0.248732 107.271843
v -0.343244 1.148732 107.271843
v 0.356754 0.248732 105.171844
v 0.356754 1.148732 105.171844
v -0.343246 0.248732 105.171844
v -0.343246 1.148732 105.171844
v 0.356752 0.248732 103.071846
v 0.356752 1.148732 103.071846
v -0.343248 0.248732 103.071846
v -0.343248 1.148732 103.071846
v 0.356750 0.248732 100.971848
v 0.356750 1.148732 100.971848
v -0.343250 0.248732 100.971848
v -0.343250 1.148732 100.971848
v 0.356748 0.248732 98.871841
v 0.356748 1.148732 98.871841
v -0.343252 0.248732 98.871841
v -0.343252 1.148732 98.871841
v 0.356746 0.248732 96.771843
v 0.356746 1.148732 96.771843
v -0.343254 0.248732 96.771843
v -0.343254 1.148732 96.771843
v 0.356744 0.248732 94.671844
v 0.356744 1.148732 94.671844
v -0.343256 0.248732 94.671844
v -0.343256 1.148732 94.671844
v 0.356742 0.248732 92.571846
v 0.356742 1.148732 92.571846
v -0.343258 0.248732 92.571846
v -0.343258 1.148732 92.571846
v 0.356740 0.248732 90.471848
v 0.356740 1.148732 90.471848
v -0.343260 0.248732 90.471848
v -0.343260 1.148732 90.471848
v 0.356738 0.248732 88.371841
v 0.356738 1.148732 88.371841
v -0.343262 0.248732 88.371841
v -0.343262 1.148732 88.371841
v 0.356736 0.248732 86.271843
v 0.356736 1.148732 86.271843
v -0.343264 0.248732 86.271843
v -0.343264 1.148732 86.271843
v 0.356734 0.248732 84.171844
v 0.356734 1.148732 84.171844
v -0.343266 0.248732 84.171844
v -0.343266 1.148732 84.171844
v 0.356732 0.248732 82.071838
v 0.356732 1.148732 82.071838
v -0.343268 0.248732 82.071838
v -0.343268 1.148732 82.071838
v 0.356730 0.248732 79.971848
v 0.356730 1.148732 79.971848
v -0.343270 0.248732 79.971848
v -0.343270 1.148732 79.971848
v 0.356728 0.248732 77.871841
v 0.356728 1.148732 77.871841
v -0.343272 0.248732 77.871841
v -0.343272 1.148732 77.871841
v 0.356726 0.248732 75.771843
v 0.356726 1.148732 75.771843
v -0.343274 0.248732 75.771843
v -0.343274 1.148732 75.771843
v 0.356724 0.248732 73.671844
v 0.356724 1.148732 73.671844
v -0.343276 0.248732 73.671844
v -0.343276 1.148732 73.671844
v 0.356722 0.248732 71.571846
v 0.356722 1.148732 71.571846
v -0.343278 0.248732 71.571846
v -0.343278 1.148732 71.571846
v 0.356720 0.248732 69.471840
v 0.356720 1.148732 69.471840
v -0.343280 0.248732 69.471840
v -0.343280 1.148732 69.471840
v 0.356718 0.248732 67.371841
v 0.356718 1.148732 67.371841
v -0.343282 0.248732 67.371841
v -0.343282 1.148732 67.371841
v 0.356716 0.248732 65.271843
v 0.356716 1.148732 65.271843
v -0.343284 0.248732 65.271843
v -0.343284 1.148732 65.271843
v 0.356714 0.248732 63.171844
v 0.356714 1.148732 63.171844
v -0.343286 0.248732 63.171844
v -0.343286 1.148732 63.171844
v 0.356712 0.248732 61.071846
v 0.356712 1.148732 61.071846
v -0.343288 0.248732 61.071846
v -0.343288 1.148732 61.071846
v 0.356710 0.248732 58.971840
v 0.356710 1.148732 58.971840
v -0.343291 0.248732 58.971840
v -0.343291 1.148732 58.971840
v 0.356708 0.248732 56.871841
v 0.356708 1.148732 56.871841
v -0.343293 0.248732 56.871841
v -0.343293 1.148732 56.871841
v 0.356705 0.248732 54.771843
v 0.356705 1.148732 54.771843
v -0.343295 0.248732 54.771843
v -0.343295 1.148732 54.771843
v 0.356703 0.248732 52.671844
v 0.356703 1.148732 52.671844
v -0.343297 0.248732 52.671844
v -0.343297 1.148732 52.671844
v 0.356701 0.248732 50.571838
v 0.356701 1.148732 50.571838
v -0.343299 0.248732 50.571838
v -0.343299 1.148732 50.571838
v 0.356699 0.248732 48.471840
v 0.356699 1.148732 48.471840
v -0.343301 0.248732 48.471840
v -0.343301 1.148732 48.471840
vt 0.561402 0.220387
vt 0.553400 0.212384
vt 0.561402 0.212384
vt 0.561402 0.424383
vt 0.553400 0.416381
vt 0.561402 0.416381
vt 0.561402 0.443217
vt 0.553400 0.435215
vt 0.561402 0.435215
vt 0.561402 0.462051
vt 0.553400 0.454049
vt 0.561402 0.454049
vt 0.561402 0.529385
vt 0.553400 0.537387
vt 0.553400 0.529385
vt 0.391896 0.553957
vt 0.383894 0.561959
vt 0.383894 0.553957
vt 0.562488 0.032252
vt 0.554486 0.024250
vt 0.562488 0.024250
vt 0.843912 0.593889
vt 0.835910 0.585887
vt 0.843912 0.585887
vt 0.562488 0.088754
vt 0.554486 0.080752
vt 0.562488 0.080752
vt 0.837545 0.300212
vt 0.829542 0.292209
vt 0.837545 0.292209
vt 0.837545 0.273375
vt 0.829542 0.281378
vt 0.829542 0.273375
vt 0.837545 0.254541
vt 0.829542 0.262544
vt 0.829542 0.254541
vt 0.580236 0.201553
vt 0.572234 0.193550
vt 0.580236 0.193550
vt 0.126422 0.832466
vt 0.118420 0.824464
vt 0.126422 0.824464
vt 0.580236 0.405549
vt 0.572234 0.397547
vt 0.580236 0.397547
vt 0.088754 0.832466
vt 0.080752 0.824464
vt 0.088754 0.824464
vt 0.051086 0.824464
vt 0.043084 0.832466
vt 0.043084 0.824464
vt 0.448398 0.823547
vt 0.440396 0.831550
vt 0.440396 0.823547
vt 0.580236 0.480885
vt 0.572234 0.472883
vt 0.580236 0.472883
vt 0.168170 0.827001
vt 0.160168 0.818999
vt 0.168170 0.818999
vt 0.580236 0.556221
vt 0.572234 0.548219
vt 0.580236 0.548219
vt 0.826164 0.107588
vt 0.818162 0.099586
vt 0.826164 0.099586
vt 0.826164 0.080752
vt 0.818162 0.088754
vt 0.818162 0.080752
vt 0.826164 0.061918
vt 0.818162 0.069920
vt 0.818162 0.061918
vt 0.581322 0.069920
vt 0.573320 0.061918
vt 0.581322 0.061918
vt 0.938082 0.650391
vt 0.930080 0.642389
vt 0.938082 0.642389
vt 0.599070 0.480885
vt 0.591068 0.472883
vt 0.599070 0.472883
vt 0.938082 0.688059
vt 0.930080 0.680057
vt 0.938082 0.680057
vt 0.938082 0.698891
vt 0.930080 0.706893
vt 0.930080 0.698891
vt 0.938082 0.717725
vt 0.930080 0.725727
vt 0.930080 0.717725
vt 0.599070 0.499719
vt 0.591068 0.491717
vt 0.599070 0.491717
vt 0.938082 0.763395
vt 0.930080 0.755393
vt 0.938082 0.755393
vt 0.599070 0.537387
vt 0.591068 0.529385
vt 0.599070 0.529385
vt 0.938082 0.801063
vt 0.930080 0.793061
vt 0.938082 0.793061
vt 0.938082 0.811895
vt 0.930080 0.819897
vt 0.930080 0.811895
vt 0.938082 0.830729
vt 0.930080 0.838731
vt 0.930080 0.830729
vt 0.599070 0.593889
vt 0.591068 0.585887
vt 0.599070 0.585887
vt 0.938082 0.876399
vt 0.930080 0.868397
vt 0.938082 0.868397
vt 0.600156 0.032252
vt 0.592154 0.024250
vt 0.600156 0.024250
vt 0.938082 0.914067
vt 0.930080 0.906065
vt 0.938082 0.906065
vt 0.938082 0.924899
vt 0.930080 0.932901
vt 0.930080 0.924899
vt 0.391896 0.930637
vt 0.383894 0.938639
vt 0.383894 0.930637
vt 0.600156 0.069920
vt 0.592154 0.061918
vt 0.600156 0.061918
vt 0.939168 0.032252
vt 0.931166 0.024250
vt 0.939168 0.024250
vt 0.600156 0.088754
vt 0.592154 0.080752
vt 0.600156 0.080752
vt 0.939168 0.069920
vt 0.931166 0.061918
vt 0.939168 0.061918
vt 0.939168 0.080752
vt 0.931166 0.088754
vt 0.931166 0.080752
vt 0.939168 0.099586
vt 0.931166 0.107588
vt 0.931166 0.099586
vt 0.600156 0.145256
vt 0.592154 0.137254
vt 0.600156 0.137254
vt 0.807330 0.069920
vt 0.799328 0.061918
vt 0.807330 0.061918
vt 0.187004 0.600993
vt 0.179002 0.592991
vt 0.187004 0.592991
vt 0.807330 0.032252
vt 0.799328 0.024250
vt 0.807330 0.024250
vt 0.391896 0.798799
vt 0.383894 0.806801
vt 0.383894 0.798799
vt 0.806244 0.774227
vt 0.798242 0.782229
vt 0.798242 0.774227
vt 0.088754 0.606458
vt 0.080752 0.598456
vt 0.088754 0.598456
vt 0.806244 0.744561
vt 0.798242 0.736559
vt 0.806244 0.736559
vt 0.126422 0.606458
vt 0.118420 0.598456
vt 0.126422 0.598456
vt 0.391896 0.787967
vt 0.383894 0.779965
vt 0.391896 0.779965
vt 0.787410 0.774227
vt 0.779408 0.782229
vt 0.779408 0.774227
vt 0.787410 0.755393
vt 0.779408 0.763395
vt 0.779408 0.755393
vt 0.088754 0.625292
vt 0.080752 0.617290
vt 0.088754 0.617290
vt 0.787410 0.688059
vt 0.779408 0.680057
vt 0.787410 0.680057
vt 0.126422 0.625292
vt 0.118420 0.617290
vt 0.126422 0.617290
vt 0.787410 0.650391
vt 0.779408 0.642389
vt 0.787410 0.642389
vt 0.787410 0.604721
vt 0.779408 0.612723
vt 0.779408 0.604721
vt 0.787410 0.567053
vt 0.779408 0.575055
vt 0.779408 0.567053
vt 0.630371 0.281378
vt 0.622368 0.273375
vt 0.630371 0.273375
vt 0.787410 0.537387
vt 0.779408 0.529385
vt 0.787410 0.529385
vt 0.630371 0.337880
vt 0.622368 0.329877
vt 0.630371 0.329877
vt 0.787410 0.462051
vt 0.779408 0.454049
vt 0.787410 0.454049
vt 0.787410 0.435215
vt 0.779408 0.443217
vt 0.779408 0.435215
vt 0.787410 0.416381
vt 0.779408 0.424383
vt 0.779408 0.416381
vt 0.523734 0.631557
vt 0.515732 0.623555
vt 0.523734 0.623555
vt 0.768576 0.556221
vt 0.760574 0.548219
vt 0.768576 0.548219
vt 0.126422 0.644126
vt 0.118420 0.636124
vt 0.126422 0.636124
vt 0.768576 0.518553
vt 0.760574 0.510551
vt 0.768576 0.510551
vt 0.768576 0.472883
vt 0.760574 0.480885
vt 0.760574 0.472883
vt 0.768576 0.435215
vt 0.760574 0.443217
vt 0.760574 0.435215
vt 0.649205 0.262544
vt 0.641202 0.254541
vt 0.649205 0.254541
vt 0.768576 0.405549
vt 0.760574 0.397547
vt 0.768576 0.397547
vt 0.649205 0.337880
vt 0.641202 0.329877
vt 0.649205 0.329877
vt 0.768576 0.201553
vt 0.760574 0.193550
vt 0.768576 0.193550
vt 0.768576 0.174717
vt 0.760574 0.182719
vt 0.760574 0.174717
vt 0.243506 0.760467
vt 0.235504 0.768469
vt 0.235504 0.760467
vt 0.523734 0.650391
vt 0.515732 0.642389
vt 0.523734 0.642389
vt 0.262340 0.767940
vt 0.254338 0.759938
vt 0.262340 0.759938
vt 0.580236 0.650391
vt 0.572234 0.642389
vt 0.580236 0.642389
vt 0.316609 0.766197
vt 0.308607 0.758195
vt 0.316609 0.758195
vt 0.749742 0.755393
vt 0.741740 0.763395
vt 0.741740 0.755393
vt 0.224672 0.741633
vt 0.216670 0.749635
vt 0.216670 0.741633
vt 0.448398 0.662044
vt 0.440396 0.654041
vt 0.448398 0.654041
vt 0.410730 0.749342
vt 0.402728 0.741340
vt 0.410730 0.741340
vt 0.088754 0.662960
vt 0.080752 0.654958
vt 0.088754 0.654958
vt 0.354276 0.747141
vt 0.346274 0.739138
vt 0.354276 0.739138
vt 0.730908 0.736559
vt 0.722906 0.744561
vt 0.722906 0.736559
vt 0.712074 0.736559
vt 0.704072 0.744561
vt 0.704072 0.736559
vt 0.013418 0.665270
vt 0.005416 0.657268
vt 0.013418 0.657268
vt 0.636738 0.744561
vt 0.628736 0.736559
vt 0.636738 0.736559
vt 0.668039 0.281378
vt 0.660036 0.273375
vt 0.668039 0.273375
vt 0.599070 0.744561
vt 0.591068 0.736559
vt 0.599070 0.736559
vt 0.561402 0.736559
vt 0.553400 0.744561
vt 0.553400 0.736559
vt 0.523734 0.736559
vt 0.515732 0.744561
vt 0.515732 0.736559
vt 0.262340 0.673770
vt 0.254338 0.665768
vt 0.262340 0.665768
vt 0.486066 0.744561
vt 0.478064 0.736559
vt 0.486066 0.736559
vt 0.674406 0.182719
vt 0.666404 0.174717
vt 0.674406 0.174717
vt 0.724541 0.300212
vt 0.716538 0.292209
vt 0.724541 0.292209
vt 0.724541 0.273375
vt 0.716538 0.281378
vt 0.716538 0.273375
vt 0.224672 0.911139
vt 0.216670 0.919141
vt 0.216670 0.911139
vt 0.504900 0.688059
vt 0.496898 0.680057
vt 0.504900 0.680057
vt 0.126422 0.719462
vt 0.118420 0.711460
vt 0.126422 0.711460
vt 0.561402 0.688059
vt 0.553400 0.680057
vt 0.561402 0.680057
vt 0.088754 0.719462
vt 0.080752 0.711460
vt 0.088754 0.711460
vt 0.051086 0.711460
vt 0.043084 0.719462
vt 0.043084 0.711460
vt 0.448398 0.710543
vt 0.440396 0.718545
vt 0.440396 0.710543
vt 0.636738 0.688059
vt 0.628736 0.680057
vt 0.636738 0.680057
vt 0.956916 0.556221
vt 0.948914 0.548219
vt 0.956916 0.548219
vt 0.674406 0.688059
vt 0.666404 0.680057
vt 0.674406 0.680057
vt 0.956916 0.593889
vt 0.948914 0.585887
vt 0.956916 0.585887
vt 0.956916 0.604721
vt 0.948914 0.612723
vt 0.948914 0.604721
vt 0.956916 0.623555
vt 0.948914 0.631557
vt 0.948914 0.623555
vt 0.297775 0.691311
vt 0.289773 0.683309
vt 0.297775 0.683309
vt 0.956916 0.669225
vt 0.948914 0.661223
vt 0.956916 0.661223
vt 0.205838 0.693133
vt 0.197836 0.685131
vt 0.205838 0.685131
vt 0.956916 0.706893
vt 0.948914 0.698891
vt 0.956916 0.698891
vt 0.956916 0.717725
vt 0.948914 0.725727
vt 0.948914 0.717725
vt 0.956916 0.736559
vt 0.948914 0.744561
vt 0.948914 0.736559
vt 0.243506 0.693133
vt 0.235504 0.685131
vt 0.243506 0.685131
vt 0.956916 0.782229
vt 0.948914 0.774227
vt 0.956916 0.774227
vt 0.693240 0.182719
vt 0.685238 0.174717
vt 0.693240 0.174717
vt 0.956916 0.819897
vt 0.948914 0.811895
vt 0.956916 0.811895
vt 0.956916 0.830729
vt 0.948914 0.838731
vt 0.948914 0.830729
vt 0.956916 0.849563
vt 0.948914 0.857565
vt 0.948914 0.849563
vt 0.553400 0.220387
vt 0.553400 0.424383
vt 0.553400 0.443217
vt 0.553400 0.462051
vt 0.561402 0.537387
vt 0.391896 0.561959
vt 0.554486 0.032252
vt 0.835910 0.593889
vt 0.554486 0.088754
vt 0.829542 0.300212
vt 0.837545 0.281378
vt 0.837545 0.262544
vt 0.572234 0.201553
vt 0.118420 0.832466
vt 0.572234 0.405549
vt 0.080752 0.832466
vt 0.051086 0.832466
vt 0.448398 0.831550
vt 0.572234 0.480885
vt 0.160168 0.827001
vt 0.572234 0.556221
vt 0.818162 0.107588
vt 0.826164 0.088754
vt 0.826164 0.069920
vt 0.573320 0.069920
vt 0.930080 0.650391
vt 0.591068 0.480885
vt 0.930080 0.688059
vt 0.938082 0.706893
vt 0.938082 0.725727
vt 0.591068 0.499719
vt 0.930080 0.763395
vt 0.591068 0.537387
vt 0.930080 0.801063
vt 0.938082 0.819897
vt 0.938082 0.838731
vt 0.591068 0.593889
vt 0.930080 0.876399
vt 0.592154 0.032252
vt 0.930080 0.914067
vt 0.938082 0.932901
vt 0.391896 0.938639
vt 0.592154 0.069920
vt 0.931166 0.032252
vt 0.592154 0.088754
vt 0.931166 0.069920
vt 0.939168 0.088754
vt 0.939168 0.107588
vt 0.592154 0.145256
vt 0.799328 0.069920
vt 0.179002 0.600993
vt 0.799328 0.032252
vt 0.391896 0.806801
vt 0.806244 0.782229
vt 0.080752 0.606458
vt 0.798242 0.744561
vt 0.118420 0.606458
vt 0.383894 0.787967
vt 0.787410 0.782229
vt 0.787410 0.763395
vt 0.080752 0.625292
vt 0.779408 0.688059
vt 0.118420 0.625292
vt 0.779408 0.650391
vt 0.787410 0.612723
vt 0.787410 0.575055
vt 0.622368 0.281378
vt 0.779408 0.537387
vt 0.622368 0.337880
vt 0.779408 0.462051
vt 0.787410 0.443217
vt 0.787410 0.424383
vt 0.515732 0.631557
vt 0.760574 0.556221
vt 0.118420 0.644126
vt 0.760574 0.518553
vt 0.768576 0.480885
vt 0.768576 0.443217
vt 0.641202 0.262544
vt 0.760574 0.405549
vt 0.641202 0.337880
vt 0.760574 0.201553
vt 0.768576 0.182719
vt 0.243506 0.768469
vt 0.515732 0.650391
vt 0.254338 0.767940
vt 0.572234 0.650391
vt 0.308607 0.766197
vt 0.749742 0.763395
vt 0.224672 0.749635
vt 0.440396 0.662044
vt 0.402728 0.749342
vt 0.080752 0.662960
vt 0.346274 0.747141
vt 0.730908 0.744561
vt 0.712074 0.744561
vt 0.005416 0.665270
vt 0.628736 0.744561
vt 0.660036 0.281378
vt 0.591068 0.744561
vt 0.561402 0.744561
vt 0.523734 0.744561
vt 0.254338 0.673770
vt 0.478064 0.744561
vt 0.666404 0.182719
vt 0.716538 0.300212
vt 0.724541 0.281378
vt 0.224672 0.919141
vt 0.496898 0.688059
vt 0.118420 0.719462
vt 0.553400 0.688059
vt 0.080752 0.719462
vt 0.051086 0.719462
vt 0.448398 0.718545
vt 0.628736 0.688059
vt 0.948914 0.556221
vt 0.666404 0.688059
vt 0.948914 0.593889
vt 0.956916 0.612723
vt 0.956916 0.631557
vt 0.289773 0.691311
vt 0.948914 0.669225
vt 0.197836 0.693133
vt 0.948914 0.706893
vt 0.956916 0.725727
vt 0.956916 0.744561
vt 0.235504 0.693133
vt 0.948914 0.782229
vt 0.685238 0.182719
vt 0.948914 0.819897
vt 0.956916 0.838731
vt 0.956916 0.857565
vn 0.0000 0.0000 1.0000
vn -1.0000 0.0000 0.0000
vn 0.0000 0.0000 -1.0000
vn 1.0000 0.0000 -0.0000
vn 0.0000 -1.0000 0.0000
vn 0.0000 1.0000 0.0000
s off
f 2720/7793/249 2721/7794/249 2719/7795/249
f 2722/7796/250 2725/7797/250 2721/7798/250
f 2726/7799/251 2723/7800/251 2725/7801/251
f 2724/7802/252 2719/7803/252 2723/7804/252
f 2725/7805/253 2719/7806/253 2721/7807/253
f 2722/7808/254 2724/7809/254 2726/7810/254
f 2728/7811/249 2729/7812/249 2727/7813/249
f 2730/7814/250 2733/7815/250 2729/7816/250
f 2734/7817/251 2731/7818/251 2733/7819/251
f 2732/7820/252 2727/7821/252 2731/7822/252
f 2733/7823/253 2727/7824/253 2729/7825/253
f 2730/7826/254 2732/7827/254 2734/7828/254
f 2736/7829/249 2737/7830/249 2735/7831/249
f 2738/7832/250 2741/7833/250 2737/7834/250
f 2742/7835/251 2739/7836/251 2741/7837/251
f 2740/7838/252 2735/7839/252 2739/7840/252
f 2741/7841/253 2735/7842/253 2737/7843/253
f 2738/7844/254 2740/7845/254 2742/7846/254
f 2744/7847/249 2745/7848/249 2743/7849/249
f 2746/7850/250 2749/7851/250 2745/7852/250
f 2750/7853/251 2747/7854/251 2749/7855/251
f 2748/7856/252 2743/7857/252 2747/7858/252
f 2749/7859/253 2743/7860/253 2745/7861/253
f 2746/7862/254 2748/7863/254 2750/7864/254
f 2752/7865/249 2753/7866/249 2751/7867/249
f 2754/7868/250 2757/7869/250 2753/7870/250
f 2758/7871/251 2755/7872/251 2757/7873/251
f 2756/7874/252 2751/7875/252 2755/7876/252
f 2757/7877/253 2751/7878/253 2753/7879/253
f 2754/7880/254 2756/7881/254 2758/7882/254
f 2760/7883/249 2761/7884/249 2759/7885/249
f 2762/7886/250 2765/7887/250 2761/7888/250
f 2766/7889/251 2763/7890/251 2765/7891/251
f 2764/7892/252 2759/7893/252 2763/7894/252
f 2765/7895/253 2759/7896/253 2761/7897/253
f 2762/7898/254 2764/7899/254 2766/7900/254
f 2768/7901/249 2769/7902/249 2767/7903/249
f 2770/7904/250 2773/7905/250 2769/7906/250
f 2774/7907/251 2771/7908/251 2773/7909/251
f 2772/7910/252 2767/7911/252 2771/7912/252
f 2773/7913/253 2767/7914/253 2769/7915/253
f 2770/7916/254 2772/7917/254 2774/7918/254
f 2776/7919/249 2777/7920/249 2775/7921/249
f 2778/7922/250 2781/7923/250 2777/7924/250
f 2782/7925/251 2779/7926/251 2781/7927/251
f 2780/7928/252 2775/7929/252 2779/7930/252
f 2781/7931/253 2775/7932/253 2777/7933/253
f 2778/7934/254 2780/7935/254 2782/7936/254
f 2784/7937/249 2785/7938/249 2783/7939/249
f 2786/7940/250 2789/7941/250 2785/7942/250
f 2790/7943/251 2787/7944/251 2789/7945/251
f 2788/7946/252 2783/7947/252 2787/7948/252
f 2789/7949/253 2783/7950/253 2785/7951/253
f 2786/7952/254 2788/7953/254 2790/7954/254
f 2792/7955/249 2793/7956/249 2791/7957/249
f 2794/7958/250 2797/7959/250 2793/7960/250
f 2798/7961/251 2795/7962/251 2797/7963/251
f 2796/7964/252 2791/7965/252 2795/7966/252
f 2797/7967/253 2791/7968/253 2793/7969/253
f 2794/7970/254 2796/7971/254 2798/7972/254
f 2800/7973/249 2801/7974/249 2799/7975/249
f 2802/7976/250 2805/7977/250 2801/7978/250
f 2806/7979/251 2803/7980/251 2805/7981/251
f 2804/7982/252 2799/7983/252 2803/7984/252
f 2805/7985/253 2799/7986/253 2801/7987/253
f 2802/7988/254 2804/7989/254 2806/7990/254
f 2808/7991/249 2809/7992/249 2807/7993/249
f 2810/7994/250 2813/7995/250 2809/7996/250
f 2814/7997/251 2811/7998/251 2813/7999/251
f 2812/8000/252 2807/8001/252 2811/8002/252
f 2813/8003/253 2807/8004/253 2809/8005/253
f 2810/8006/254 2812/8007/254 2814/8008/254
f 2816/8009/249 2817/8010/249 2815/8011/249
f 2818/8012/250 2821/8013/250 2817/8014/250
f 2822/8015/251 2819/8016/251 2821/8017/251
f 2820/8018/252 2815/8019/252 2819/8020/252
f 2821/8021/253 2815/8022/253 2817/8023/253
f 2818/8024/254 2820/8025/254 2822/8026/254
f 2824/8027/249 2825/8028/249 2823/8029/249
f 2826/8030/250 2829/8031/250 2825/8032/250
f 2830/8033/251 2827/8034/251 2829/8035/251
f 2828/8036/252 2823/8037/252 2827/8038/252
f 2829/8039/253 2823/8040/253 2825/8041/253
f 2826/8042/254 2828/8043/254 2830/8044/254
f 2832/8045/249 2833/8046/249 2831/8047/249
f 2834/8048/250 2837/8049/250 2833/8050/250
f 2838/8051/251 2835/8052/251 2837/8053/251
f 2836/8054/252 2831/8055/252 2835/8056/252
f 2837/8057/253 2831/8058/253 2833/8059/253
f 2834/8060/254 2836/8061/254 2838/8062/254
f 2840/8063/249 2841/8064/249 2839/8065/249
f 2842/8066/250 2845/8067/250 2841/8068/250
f 2846/8069/251 2843/8070/251 2845/8071/251
f 2844/8072/252 2839/8073/252 2843/8074/252
f 2845/8075/253 2839/8076/253 2841/8077/253
f 2842/8078/254 2844/8079/254 2846/8080/254
f 2848/8081/249 2849/8082/249 2847/8083/249
f 2850/8084/250 2853/8085/250 2849/8086/250
f 2854/8087/251 2851/8088/251 2853/8089/251
f 2852/8090/252 2847/8091/252 2851/8092/252
f 2853/8093/253 2847/8094/253 2849/8095/253
f 2850/8096/254 2852/8097/254 2854/8098/254
f 2856/8099/249 2857/8100/249 2855/8101/249
f 2858/8102/250 2861/8103/250 2857/8104/250
f 2862/8105/251 2859/8106/251 2861/8107/251
f 2860/8108/252 2855/8109/252 2859/8110/252
f 2861/8111/253 2855/8112/253 2857/8113/253
f 2858/8114/254 2860/8115/254 2862/8116/254
f 2864/8117/249 2865/8118/249 2863/8119/249
f 2866/8120/250 2869/8121/250 2865/8122/250
f 2870/8123/251 2867/8124/251 2869/8125/251
f 2868/8126/252 2863/8127/252 2867/8128/252
f 2869/8129/253 2863/8130/253 2865/8131/253
f 2866/8132/254 2868/8133/254 2870/8134/254
f 2872/8135/249 2873/8136/249 2871/8137/249
f 2874/8138/250 2877/8139/250 2873/8140/250
f 2878/8141/251 2875/8142/251 2877/8143/251
f 2876/8144/252 2871/8145/252 2875/8146/252
f 2877/8147/253 2871/8148/253 2873/8149/253
f 2874/8150/254 2876/8151/254 2878/8152/254
f 2880/8153/249 2881/8154/249 2879/8155/249
f 2882/8156/250 2885/8157/250 2881/8158/250
f 2886/8159/251 2883/8160/251 2885/8161/251
f 2884/8162/252 2879/8163/252 2883/8164/252
f 2885/8165/253 2879/8166/253 2881/8167/253
f 2882/8168/254 2884/8169/254 2886/8170/254
f 2888/8171/249 2889/8172/249 2887/8173/249
f 2890/8174/250 2893/8175/250 2889/8176/250
f 2894/8177/251 2891/8178/251 2893/8179/251
f 2892/8180/252 2887/8181/252 2891/8182/252
f 2893/8183/253 2887/8184/253 2889/8185/253
f 2890/8186/254 2892/8187/254 2894/8188/254
f 2720/7793/249 2722/8189/249 2721/7794/249
f 2722/7796/250 2726/8190/250 2725/7797/250
f 2726/7799/251 2724/8191/251 2723/7800/251
f 2724/7802/252 2720/8192/252 2719/7803/252
f 2725/7805/253 2723/8193/253 2719/7806/253
f 2722/7808/254 2720/8194/254 2724/7809/254
f 2728/7811/249 2730/8195/249 2729/7812/249
f 2730/7814/250 2734/8196/250 2733/7815/250
f 2734/7817/251 2732/8197/251 2731/7818/251
f 2732/7820/252 2728/8198/252 2727/7821/252
f 2733/7823/253 2731/8199/253 2727/7824/253
f 2730/7826/254 2728/8200/254 2732/7827/254
f 2736/7829/249 2738/8201/249 2737/7830/249
f 2738/7832/250 2742/8202/250 2741/7833/250
f 2742/7835/251 2740/8203/251 2739/7836/251
f 2740/7838/252 2736/8204/252 2735/7839/252
f 2741/7841/253 2739/8205/253 2735/7842/253
f 2738/7844/254 2736/8206/254 2740/7845/254
f 2744/7847/249 2746/8207/249 2745/7848/249
f 2746/7850/250 2750/8208/250 2749/7851/250
f 2750/7853/251 2748/8209/251 2747/7854/251
f 2748/7856/252 2744/8210/252 2743/7857/252
f 2749/7859/253 2747/8211/253 2743/7860/253
f 2746/7862/254 2744/8212/254 2748/7863/254
f 2752/7865/249 2754/8213/249 2753/7866/249
f 2754/7868/250 2758/8214/250 2757/7869/250
f 2758/7871/251 2756/8215/251 2755/7872/251
f 2756/7874/252 2752/8216/252 2751/7875/252
f 2757/7877/253 2755/8217/253 2751/7878/253
f 2754/7880/254 2752/8218/254 2756/7881/254
f 2760/7883/249 2762/8219/249 2761/7884/249
f 2762/7886/250 2766/8220/250 2765/7887/250
f 2766/7889/251 2764/8221/251 2763/7890/251
f 2764/7892/252 2760/8222/252 2759/7893/252
f 2765/7895/253 2763/8223/253 2759/7896/253
f 2762/7898/254 2760/8224/254 2764/7899/254
f 2768/7901/249 2770/8225/249 2769/7902/249
f 2770/7904/250 2774/8226/250 2773/7905/250
f 2774/7907/251 2772/8227/251 2771/7908/251
f 2772/7910/252 2768/8228/252 2767/7911/252
f 2773/7913/253 2771/8229/253 2767/7914/253
f 2770/7916/254 2768/8230/254 2772/7917/254
f 2776/7919/249 2778/8231/249 2777/7920/249
f 2778/7922/250 2782/8232/250 2781/7923/250
f 2782/7925/251 2780/8233/251 2779/7926/251
f 2780/7928/252 2776/8234/252 2775/7929/252
f 2781/7931/253 2779/8235/253 2775/7932/253
f 2778/7934/254 2776/8236/254 2780/7935/254
f 2784/7937/249 2786/8237/249 2785/7938/249
f 2786/7940/250 2790/8238/250 2789/7941/250
f 2790/7943/251 2788/8239/251 2787/7944/251
f 2788/7946/252 2784/8240/252 2783/7947/252
f 2789/7949/253 2787/8241/253 2783/7950/253
f 2786/7952/254 2784/8242/254 2788/7953/254
f 2792/7955/249 2794/8243/249 2793/7956/249
f 2794/7958/250 2798/8244/250 2797/7959/250
f 2798/7961/251 2796/8245/251 2795/7962/251
f 2796/7964/252 2792/8246/252 2791/7965/252
f 2797/7967/253 2795/8247/253 2791/7968/253
f 2794/7970/254 2792/8248/254 2796/7971/254
f 2800/7973/249 2802/8249/249 2801/7974/249
f 2802/7976/250 2806/8250/250 2805/7977/250
f 2806/7979/251 2804/8251/251 2803/7980/251
f 2804/7982/252 2800/8252/252 2799/7983/252
f 2805/7985/253 2803/8253/253 2799/7986/253
f 2802/7988/254 2800/8254/254 2804/7989/254
f 2808/7991/249 2810/8255/249 2809/7992/249
f 2810/7994/250 2814/8256/250 2813/7995/250
f 2814/7997/251 2812/8257/251 2811/7998/251
f 2812/8000/252 2808/8258/252 2807/8001/252
f 2813/8003/253 2811/8259/253 2807/8004/253
f 2810/8006/254 2808/8260/254 2812/8007/254
f 2816/8009/249 2818/8261/249 2817/8010/249
f 2818/8012/250 2822/8262/250 2821/8013/250
f 2822/8015/251 2820/8263/251 2819/8016/251
f 2820/8018/252 2816/8264/252 2815/8019/252
f 2821/8021/253 2819/8265/253 2815/8022/253
f 2818/8024/254 2816/8266/254 2820/8025/254
f 2824/8027/249 2826/8267/249 2825/8028/249
f 2826/8030/250 2830/8268/250 2829/8031/250
f 2830/8033/251 2828/8269/251 2827/8034/251
f 2828/8036/252 2824/8270/252 2823/8037/252
f 2829/8039/253 2827/8271/253 2823/8040/253
f 2826/8042/254 2824/8272/254 2828/8043/254
f 2832/8045/249 2834/8273/249 2833/8046/249
f 2834/8048/250 2838/8274/250 2837/8049/250
f 2838/8051/251 2836/8275/251 2835/8052/251
f 2836/8054/252 2832/8276/252 2831/8055/252
f 2837/8057/253 2835/8277/253 2831/8058/253
f 2834/8060/254 2832/8278/254 2836/8061/254
f 2840/8063/249 2842/8279/249 2841/8064/249
f 2842/8066/250 2846/8280/250 2845/8067/250
f 2846/8069/251 2844/8281/251 2843/8070/251
f 2844/8072/252 2840/8282/252 2839/8073/252
f 2845/8075/253 2843/8283/253 2839/8076/253
f 2842/8078/254 2840/8284/254 2844/8079/254
f 2848/8081/249 2850/8285/249 2849/8082/249
f 2850/8084/250 2854/8286/250 2853/8085/250
f 2854/8087/251 2852/8287/251 2851/8088/251
f 2852/8090/252 2848/8288/252 2847/8091/252
f 2853/8093/253 2851/8289/253 2847/8094/253
f 2850/8096/254 2848/8290/254 2852/8097/254
f 2856/8099/249 2858/8291/249 2857/8100/249
f 2858/8102/250 2862/8292/250 2861/8103/250
f 2862/8105/251 2860/8293/251 2859/8106/251
f 2860/8108/252 2856/8294/252 2855/8109/252
f 2861/8111/253 2859/8295/253 2855/8112/253
f 2858/8114/254 2856/8296/254 2860/8115/254
f 2864/8117/249 2866/8297/249 2865/8118/249
f 2866/8120/250 2870/8298/250 2869/8121/250
f 2870/8123/251 2868/8299/251 2867/8124/251
f 2868/8126/252 2864/8300/252 2863/8127/252
f 2869/8129/253 2867/8301/253 2863/8130/253
f 2866/8132/254 2864/8302/254 2868/8133/254
f 2872/8135/249 2874/8303/249 2873/8136/249
f 2874/8138/250 2878/8304/250 2877/8139/250
f 2878/8141/251 2876/8305/251 2875/8142/251
f 2876/8144/252 2872/8306/252 2871/8145/252
f 2877/8147/253 2875/8307/253 2871/8148/253
f 2874/8150/254 2872/8308/254 2876/8151/254
f 2880/8153/249 2882/8309/249 2881/8154/249
f 2882/8156/250 2886/8310/250 2885/8157/250
f 2886/8159/251 2884/8311/251 2883/8160/251
f 2884/8162/252 2880/8312/252 2879/8163/252
f 2885/8165/253 2883/8313/253 2879/8166/253
f 2882/8168/254 2880/8314/254 2884/8169/254
f 2888/8171/249 2890/8315/249 2889/8172/249
f 2890/8174/250 2894/8316/250 2893/8175/250
f 2894/8177/251 2892/8317/251 2891/8178/251
f 2892/8180/252 2888/8318/252 2887/8181/252
f 2893/8183/253 2891/8319/253 2887/8184/253
f 2890/8186/254 2888/8320/254 2892/8187/254
o Cube.037_Cube.051
v -4.697054 0.248732 50.124474
v -4.697054 1.148732 50.124474
v -5.394944 0.248732 50.178795
v -5.394944 1.148732 50.178795
v -4.860013 0.248732 48.030807
v -4.860013 1.148732 48.030807
v -5.557903 0.248732 48.085129
v -5.557903 1.148732 48.085129
v -5.022973 0.248732 45.937141
v -5.022973 1.148732 45.937141
v -5.720862 0.248732 45.991459
v -5.720862 1.148732 45.991459
v -5.185932 0.248732 43.843472
v -5.185932 1.148732 43.843472
v -5.883821 0.248732 43.897793
v -5.883821 1.148732 43.897793
v -5.348891 0.248732 41.749805
v -5.348891 1.148732 41.749805
v -6.046781 0.248732 41.804123
v -6.046781 1.148732 41.804123
v -5.511851 0.248732 39.656136
v -5.511851 1.148732 39.656136
v -6.209740 0.248732 39.710457
v -6.209740 1.148732 39.710457
v -5.674810 0.248732 37.562469
v -5.674810 1.148732 37.562469
v -6.372699 0.248732 37.616787
v -6.372699 1.148732 37.616787
v -5.837769 0.248732 35.468803
v -5.837769 1.148732 35.468803
v -6.535658 0.248732 35.523121
v -6.535658 1.148732 35.523121
v -6.000729 0.248732 33.375134
v -6.000729 1.148732 33.375134
v -6.698618 0.248732 33.429451
v -6.698618 1.148732 33.429451
v -6.163688 0.248732 31.281466
v -6.163688 1.148732 31.281466
v -6.861577 0.248732 31.335787
v -6.861577 1.148732 31.335787
v -6.326647 0.248732 29.187798
v -6.326647 1.148732 29.187798
v -7.024536 0.248732 29.242119
v -7.024536 1.148732 29.242119
v -6.489606 0.248732 27.094130
v -6.489606 1.148732 27.094130
v -7.187495 0.248732 27.148451
v -7.187495 1.148732 27.148451
v -6.652565 0.248732 25.000462
v -6.652565 1.148732 25.000462
v -7.350455 0.248732 25.054783
v -7.350455 1.148732 25.054783
v -6.815525 0.248732 22.906794
v -6.815525 1.148732 22.906794
v -7.513414 0.248732 22.961115
v -7.513414 1.148732 22.961115
v -6.978484 0.248732 20.813126
v -6.978484 1.148732 20.813126
v -7.676373 0.248732 20.867447
v -7.676373 1.148732 20.867447
v -7.141443 0.248732 18.719458
v -7.141443 1.148732 18.719458
v -7.839333 0.248732 18.773779
v -7.839333 1.148732 18.773779
v -7.304402 0.248732 16.625790
v -7.304402 1.148732 16.625790
v -8.002292 0.248732 16.680111
v -8.002292 1.148732 16.680111
v -7.467361 0.248732 14.532124
v -7.467361 1.148732 14.532124
v -8.165251 0.248732 14.586445
v -8.165251 1.148732 14.586445
vt 0.693240 0.367881
vt 0.685238 0.359879
vt 0.693240 0.359879
vt 0.694326 0.069920
vt 0.686324 0.061918
vt 0.694326 0.061918
vt 0.694326 0.051086
vt 0.686324 0.043084
vt 0.694326 0.043084
vt 0.694326 0.032252
vt 0.686324 0.024250
vt 0.694326 0.024250
vt 0.391896 0.685795
vt 0.383894 0.693797
vt 0.383894 0.685795
vt 0.693240 0.661223
vt 0.685238 0.669225
vt 0.685238 0.661223
vt 0.693240 0.650391
vt 0.685238 0.642389
vt 0.693240 0.642389
vt 0.712074 0.443217
vt 0.704072 0.435215
vt 0.712074 0.435215
vt 0.693240 0.593889
vt 0.685238 0.585887
vt 0.693240 0.585887
vt 0.712074 0.518553
vt 0.704072 0.510551
vt 0.712074 0.510551
vt 0.712074 0.548219
vt 0.704072 0.556221
vt 0.704072 0.548219
vt 0.712074 0.623555
vt 0.704072 0.631557
vt 0.704072 0.623555
vt 0.693240 0.480885
vt 0.685238 0.472883
vt 0.693240 0.472883
vt 0.712074 0.669225
vt 0.704072 0.661223
vt 0.712074 0.661223
vt 0.693240 0.424383
vt 0.685238 0.416381
vt 0.693240 0.416381
vt 0.713160 0.013418
vt 0.705158 0.005416
vt 0.713160 0.005416
vt 0.713160 0.024250
vt 0.705158 0.032252
vt 0.705158 0.024250
vt 0.743375 0.311043
vt 0.735372 0.319046
vt 0.735372 0.311043
vt 0.674406 0.201553
vt 0.666404 0.193550
vt 0.674406 0.193550
vt 0.743375 0.337880
vt 0.735372 0.329877
vt 0.743375 0.329877
vt 0.224672 0.674299
vt 0.216670 0.666297
vt 0.224672 0.666297
vt 0.467232 0.744561
vt 0.459230 0.736559
vt 0.467232 0.736559
vt 0.504900 0.736559
vt 0.496898 0.744561
vt 0.496898 0.736559
vt 0.542568 0.736559
vt 0.534566 0.744561
vt 0.534566 0.736559
vt 0.354276 0.671805
vt 0.346274 0.663802
vt 0.354276 0.663802
vt 0.013418 0.966614
vt 0.005416 0.958612
vt 0.013418 0.958612
vt 0.636738 0.669225
vt 0.628736 0.661223
vt 0.636738 0.661223
vt 0.969383 0.262544
vt 0.961380 0.254541
vt 0.969383 0.254541
vt 0.969383 0.273375
vt 0.961380 0.281378
vt 0.961380 0.273375
vt 0.969383 0.292209
vt 0.961380 0.300212
vt 0.961380 0.292209
vt 0.617904 0.669225
vt 0.609902 0.661223
vt 0.617904 0.661223
vt 0.969383 0.337880
vt 0.961380 0.329877
vt 0.969383 0.329877
vt 0.599070 0.669225
vt 0.591068 0.661223
vt 0.599070 0.661223
vt 0.486066 0.970569
vt 0.478064 0.962567
vt 0.486066 0.962567
vt 0.504900 0.962567
vt 0.496898 0.970569
vt 0.496898 0.962567
vt 0.523734 0.962567
vt 0.515732 0.970569
vt 0.515732 0.962567
vt 0.561402 0.669225
vt 0.553400 0.661223
vt 0.561402 0.661223
vt 0.561402 0.970569
vt 0.553400 0.962567
vt 0.561402 0.962567
vt 0.523734 0.669225
vt 0.515732 0.661223
vt 0.523734 0.661223
vt 0.599070 0.970569
vt 0.591068 0.962567
vt 0.599070 0.962567
vt 0.617904 0.962567
vt 0.609902 0.970569
vt 0.609902 0.962567
vt 0.636738 0.962567
vt 0.628736 0.970569
vt 0.628736 0.962567
vt 0.504900 0.669225
vt 0.496898 0.661223
vt 0.504900 0.661223
vt 0.674406 0.970569
vt 0.666404 0.962567
vt 0.674406 0.962567
vt 0.486066 0.669225
vt 0.478064 0.661223
vt 0.486066 0.661223
vt 0.712074 0.970569
vt 0.704072 0.962567
vt 0.712074 0.962567
vt 0.730908 0.962567
vt 0.722906 0.970569
vt 0.722906 0.962567
vt 0.749742 0.962567
vt 0.741740 0.970569
vt 0.741740 0.962567
vt 0.668039 0.337880
vt 0.660036 0.329877
vt 0.668039 0.329877
vt 0.768576 0.575055
vt 0.760574 0.567053
vt 0.768576 0.567053
vt 0.069920 0.644126
vt 0.061918 0.636124
vt 0.069920 0.636124
vt 0.768576 0.612723
vt 0.760574 0.604721
vt 0.768576 0.604721
vt 0.768576 0.680057
vt 0.760574 0.688059
vt 0.760574 0.680057
vt 0.768576 0.717725
vt 0.760574 0.725727
vt 0.760574 0.717725
vt 0.685238 0.367881
vt 0.686324 0.069920
vt 0.686324 0.051086
vt 0.686324 0.032252
vt 0.391896 0.693797
vt 0.693240 0.669225
vt 0.685238 0.650391
vt 0.704072 0.443217
vt 0.685238 0.593889
vt 0.704072 0.518553
vt 0.712074 0.556221
vt 0.712074 0.631557
vt 0.685238 0.480885
vt 0.704072 0.669225
vt 0.685238 0.424383
vt 0.705158 0.013418
vt 0.713160 0.032252
vt 0.743375 0.319046
vt 0.666404 0.201553
vt 0.735372 0.337880
vt 0.216670 0.674299
vt 0.459230 0.744561
vt 0.504900 0.744561
vt 0.542568 0.744561
vt 0.346274 0.671805
vt 0.005416 0.966614
vt 0.628736 0.669225
vt 0.961380 0.262544
vt 0.969383 0.281378
vt 0.969383 0.300212
vt 0.609902 0.669225
vt 0.961380 0.337880
vt 0.591068 0.669225
vt 0.478064 0.970569
vt 0.504900 0.970569
vt 0.523734 0.970569
vt 0.553400 0.669225
vt 0.553400 0.970569
vt 0.515732 0.669225
vt 0.591068 0.970569
vt 0.617904 0.970569
vt 0.636738 0.970569
vt 0.496898 0.669225
vt 0.666404 0.970569
vt 0.478064 0.669225
vt 0.704072 0.970569
vt 0.730908 0.970569
vt 0.749742 0.970569
vt 0.660036 0.337880
vt 0.760574 0.575055
vt 0.061918 0.644126
vt 0.760574 0.612723
vt 0.768576 0.688059
vt 0.768576 0.725727
vn 0.0776 0.0000 0.9970
vn -0.9970 0.0000 0.0776
vn -0.0776 0.0000 -0.9970
vn 0.9970 0.0000 -0.0776
vn 0.0000 -1.0000 0.0000
vn 0.0000 1.0000 0.0000
s off
f 2896/8321/255 2897/8322/255 2895/8323/255
f 2898/8324/256 2901/8325/256 2897/8326/256
f 2902/8327/257 2899/8328/257 2901/8329/257
f 2900/8330/258 2895/8331/258 2899/8332/258
f 2901/8333/259 2895/8334/259 2897/8335/259
f 2898/8336/260 2900/8337/260 2902/8338/260
f 2904/8339/255 2905/8340/255 2903/8341/255
f 2906/8342/256 2909/8343/256 2905/8344/256
f 2910/8345/257 2907/8346/257 2909/8347/257
f 2908/8348/258 2903/8349/258 2907/8350/258
f 2909/8351/259 2903/8352/259 2905/8353/259
f 2906/8354/260 2908/8355/260 2910/8356/260
f 2912/8357/255 2913/8358/255 2911/8359/255
f 2914/8360/256 2917/8361/256 2913/8362/256
f 2918/8363/257 2915/8364/257 2917/8365/257
f 2916/8366/258 2911/8367/258 2915/8368/258
f 2917/8369/259 2911/8370/259 2913/8371/259
f 2914/8372/260 2916/8373/260 2918/8374/260
f 2920/8375/255 2921/8376/255 2919/8377/255
f 2922/8378/256 2925/8379/256 2921/8380/256
f 2926/8381/257 2923/8382/257 2925/8383/257
f 2924/8384/258 2919/8385/258 2923/8386/258
f 2925/8387/259 2919/8388/259 2921/8389/259
f 2922/8390/260 2924/8391/260 2926/8392/260
f 2928/8393/255 2929/8394/255 2927/8395/255
f 2930/8396/256 2933/8397/256 2929/8398/256
f 2934/8399/257 2931/8400/257 2933/8401/257
f 2932/8402/258 2927/8403/258 2931/8404/258
f 2933/8405/259 2927/8406/259 2929/8407/259
f 2930/8408/260 2932/8409/260 2934/8410/260
f 2936/8411/255 2937/8412/255 2935/8413/255
f 2938/8414/256 2941/8415/256 2937/8416/256
f 2942/8417/257 2939/8418/257 2941/8419/257
f 2940/8420/258 2935/8421/258 2939/8422/258
f 2941/8423/259 2935/8424/259 2937/8425/259
f 2938/8426/260 2940/8427/260 2942/8428/260
f 2944/8429/255 2945/8430/255 2943/8431/255
f 2946/8432/256 2949/8433/256 2945/8434/256
f 2950/8435/257 2947/8436/257 2949/8437/257
f 2948/8438/258 2943/8439/258 2947/8440/258
f 2949/8441/259 2943/8442/259 2945/8443/259
f 2946/8444/260 2948/8445/260 2950/8446/260
f 2952/8447/255 2953/8448/255 2951/8449/255
f 2954/8450/256 2957/8451/256 2953/8452/256
f 2958/8453/257 2955/8454/257 2957/8455/257
f 2956/8456/258 2951/8457/258 2955/8458/258
f 2957/8459/259 2951/8460/259 2953/8461/259
f 2954/8462/260 2956/8463/260 2958/8464/260
f 2960/8465/255 2961/8466/255 2959/8467/255
f 2962/8468/256 2965/8469/256 2961/8470/256
f 2966/8471/257 2963/8472/257 2965/8473/257
f 2964/8474/258 2959/8475/258 2963/8476/258
f 2965/8477/259 2959/8478/259 2961/8479/259
f 2962/8480/260 2964/8481/260 2966/8482/260
f 2896/8321/255 2898/8483/255 2897/8322/255
f 2898/8324/256 2902/8484/256 2901/8325/256
f 2902/8327/257 2900/8485/257 2899/8328/257
f 2900/8330/258 2896/8486/258 2895/8331/258
f 2901/8333/259 2899/8487/259 2895/8334/259
f 2898/8336/260 2896/8488/260 2900/8337/260
f 2904/8339/255 2906/8489/255 2905/8340/255
f 2906/8342/256 2910/8490/256 2909/8343/256
f 2910/8345/257 2908/8491/257 2907/8346/257
f 2908/8348/258 2904/8492/258 2903/8349/258
f 2909/8351/259 2907/8493/259 2903/8352/259
f 2906/8354/260 2904/8494/260 2908/8355/260
f 2912/8357/255 2914/8495/255 2913/8358/255
f 2914/8360/256 2918/8496/256 2917/8361/256
f 2918/8363/257 2916/8497/257 2915/8364/257
f 2916/8366/258 2912/8498/258 2911/8367/258
f 2917/8369/259 2915/8499/259 2911/8370/259
f 2914/8372/260 2912/8500/260 2916/8373/260
f 2920/8375/255 2922/8501/255 2921/8376/255
f 2922/8378/256 2926/8502/256 2925/8379/256
f 2926/8381/257 2924/8503/257 2923/8382/257
f 2924/8384/258 2920/8504/258 2919/8385/258
f 2925/8387/259 2923/8505/259 2919/8388/259
f 2922/8390/260 2920/8506/260 2924/8391/260
f 2928/8393/255 2930/8507/255 2929/8394/255
f 2930/8396/256 2934/8508/256 2933/8397/256
f 2934/8399/257 2932/8509/257 2931/8400/257
f 2932/8402/258 2928/8510/258 2927/8403/258
f 2933/8405/259 2931/8511/259 2927/8406/259
f 2930/8408/260 2928/8512/260 2932/8409/260
f 2936/8411/255 2938/8513/255 2937/8412/255
f 2938/8414/256 2942/8514/256 2941/8415/256
f 2942/8417/257 2940/8515/257 2939/8418/257
f 2940/8420/258 2936/8516/258 2935/8421/258
f 2941/8423/259 2939/8517/259 2935/8424/259
f 2938/8426/260 2936/8518/260 2940/8427/260
f 2944/8429/255 2946/8519/255 2945/8430/255
f 2946/8432/256 2950/8520/256 2949/8433/256
f 2950/8435/257 2948/8521/257 2947/8436/257
f 2948/8438/258 2944/8522/258 2943/8439/258
f 2949/8441/259 2947/8523/259 2943/8442/259
f 2946/8444/260 2944/8524/260 2948/8445/260
f 2952/8447/255 2954/8525/255 2953/8448/255
f 2954/8450/256 2958/8526/256 2957/8451/256
f 2958/8453/257 2956/8527/257 2955/8454/257
f 2956/8456/258 2952/8528/258 2951/8457/258
f 2957/8459/259 2955/8529/259 2951/8460/259
f 2954/8462/260 2952/8530/260 2956/8463/260
f 2960/8465/255 2962/8531/255 2961/8466/255
f 2962/8468/256 2966/8532/256 2965/8469/256
f 2966/8471/257 2964/8533/257 2963/8472/257
f 2964/8474/258 2960/8534/258 2959/8475/258
f 2965/8477/259 2963/8535/259 2959/8478/259
f 2962/8480/260 2960/8536/260 2964/8481/260
o Cube.038_Cube.052
v 0.554663 0.248732 -145.743286
v 0.554663 1.148732 -145.743286
v 1.254663 0.248732 -145.743286
v 1.254663 1.148732 -145.743286
v 0.554665 0.248732 -143.643280
v 0.554665 1.148732 -143.643280
v 1.254665 0.248732 -143.643280
v 1.254665 1.148732 -143.643280
v 0.554668 0.248732 -141.543289
v 0.554668 1.148732 -141.543289
v 1.254668 0.248732 -141.543289
v 1.254668 1.148732 -141.543289
v 0.554671 0.248732 -139.443283
v 0.554671 1.148732 -139.443283
v 1.254671 0.248732 -139.443283
v 1.254671 1.148732 -139.443283
v 0.554673 0.248732 -137.343277
v 0.554673 1.148732 -137.343277
v 1.254673 0.248732 -137.343277
v 1.254673 1.148732 -137.343277
v 0.554676 0.248732 -135.243286
v 0.554676 1.148732 -135.243286
v 1.254676 0.248732 -135.243286
v 1.254676 1.148732 -135.243286
v 0.554679 0.248732 -133.143280
v 0.554679 1.148732 -133.143280
v 1.254679 0.248732 -133.143280
v 1.254679 1.148732 -133.143280
v 0.554682 0.248732 -131.043289
v 0.554682 1.148732 -131.043289
v 1.254682 0.248732 -131.043289
v 1.254682 1.148732 -131.043289
v 0.554684 0.248732 -128.943283
v 0.554684 1.148732 -128.943283
v 1.254684 0.248732 -128.943283
v 1.254684 1.148732 -128.943283
v 0.554687 0.248732 -126.843285
v 0.554687 1.148732 -126.843285
v 1.254687 0.248732 -126.843285
v 1.254687 1.148732 -126.843285
v 0.554690 0.248732 -124.743286
v 0.554690 1.148732 -124.743286
v 1.254690 0.248732 -124.743286
v 1.254690 1.148732 -124.743286
v 0.554692 0.248732 -122.643280
v 0.554692 1.148732 -122.643280
v 1.254692 0.248732 -122.643280
v 1.254692 1.148732 -122.643280
v 0.554695 0.248732 -120.543282
v 0.554695 1.148732 -120.543282
v 1.254695 0.248732 -120.543282
v 1.254695 1.148732 -120.543282
v 0.554698 0.248732 -118.443283
v 0.554698 1.148732 -118.443283
v 1.254698 0.248732 -118.443283
v 1.254698 1.148732 -118.443283
v 0.554700 0.248732 -116.343277
v 0.554700 1.148732 -116.343277
v 1.254701 0.248732 -116.343277
v 1.254701 1.148732 -116.343277
v 0.554703 0.248732 -114.243279
v 0.554703 1.148732 -114.243279
v 1.254703 0.248732 -114.243279
v 1.254703 1.148732 -114.243279
v 0.554706 0.248732 -112.143280
v 0.554706 1.148732 -112.143280
v 1.254706 0.248732 -112.143280
v 1.254706 1.148732 -112.143280
v 0.554709 0.248732 -110.043282
v 0.554709 1.148732 -110.043282
v 1.254709 0.248732 -110.043282
v 1.254709 1.148732 -110.043282
v 0.554711 0.248732 -107.943283
v 0.554711 1.148732 -107.943283
v 1.254711 0.248732 -107.943283
v 1.254711 1.148732 -107.943283
v 0.554714 0.248732 -105.843277
v 0.554714 1.148732 -105.843277
v 1.254714 0.248732 -105.843277
v 1.254714 1.148732 -105.843277
v 0.554717 0.248732 -103.743279
v 0.554717 1.148732 -103.743279
v 1.254717 0.248732 -103.743279
v 1.254717 1.148732 -103.743279
v 0.554720 0.248732 -101.643280
v 0.554720 1.148732 -101.643280
v 1.254719 0.248732 -101.643280
v 1.254719 1.148732 -101.643280
v 0.554722 0.248732 -99.543282
v 0.554722 1.148732 -99.543282
v 1.254722 0.248732 -99.543282
v 1.254722 1.148732 -99.543282
v 0.554725 0.248732 -97.443283
v 0.554725 1.148732 -97.443283
v 1.254725 0.248732 -97.443283
v 1.254725 1.148732 -97.443283
v 0.554728 0.248732 -95.343277
v 0.554728 1.148732 -95.343277
v 1.254728 0.248732 -95.343277
v 1.254728 1.148732 -95.343277
v 0.554730 0.248732 -93.243279
v 0.554730 1.148732 -93.243279
v 1.254730 0.248732 -93.243279
v 1.254730 1.148732 -93.243279
v 0.554733 0.248732 -91.143280
v 0.554733 1.148732 -91.143280
v 1.254733 0.248732 -91.143280
v 1.254733 1.148732 -91.143280
v 0.554736 0.248732 -89.043274
v 0.554736 1.148732 -89.043274
v 1.254736 0.248732 -89.043274
v 1.254736 1.148732 -89.043274
v 0.554739 0.248732 -86.943283
v 0.554739 1.148732 -86.943283
v 1.254739 0.248732 -86.943283
v 1.254739 1.148732 -86.943283
v 0.554741 0.248732 -84.843277
v 0.554741 1.148732 -84.843277
v 1.254741 0.248732 -84.843277
v 1.254741 1.148732 -84.843277
v 0.554744 0.248732 -82.743279
v 0.554744 1.148732 -82.743279
v 1.254744 0.248732 -82.743279
v 1.254744 1.148732 -82.743279
v 0.554747 0.248732 -80.643280
v 0.554747 1.148732 -80.643280
v 1.254747 0.248732 -80.643280
v 1.254747 1.148732 -80.643280
v 0.554749 0.248732 -78.543282
v 0.554749 1.148732 -78.543282
v 1.254749 0.248732 -78.543282
v 1.254749 1.148732 -78.543282
v 0.554752 0.248732 -76.443275
v 0.554752 1.148732 -76.443275
v 1.254752 0.248732 -76.443275
v 1.254752 1.148732 -76.443275
v 0.554755 0.248732 -74.343277
v 0.554755 1.148732 -74.343277
v 1.254755 0.248732 -74.343277
v 1.254755 1.148732 -74.343277
v 0.554757 0.248732 -72.243279
v 0.554757 1.148732 -72.243279
v 1.254758 0.248732 -72.243279
v 1.254758 1.148732 -72.243279
v 0.554760 0.248732 -70.143280
v 0.554760 1.148732 -70.143280
v 1.254760 0.248732 -70.143280
v 1.254760 1.148732 -70.143280
v 0.554763 0.248732 -68.043282
v 0.554763 1.148732 -68.043282
v 1.254763 0.248732 -68.043282
v 1.254763 1.148732 -68.043282
v 0.554766 0.248732 -65.943275
v 0.554766 1.148732 -65.943275
v 1.254766 0.248732 -65.943275
v 1.254766 1.148732 -65.943275
v 0.554768 0.248732 -63.843277
v 0.554768 1.148732 -63.843277
v 1.254768 0.248732 -63.843277
v 1.254768 1.148732 -63.843277
v 0.554771 0.248732 -61.743279
v 0.554771 1.148732 -61.743279
v 1.254771 0.248732 -61.743279
v 1.254771 1.148732 -61.743279
v 0.554774 0.248732 -59.643280
v 0.554774 1.148732 -59.643280
v 1.254774 0.248732 -59.643280
v 1.254774 1.148732 -59.643280
v 0.554776 0.248732 -57.543274
v 0.554776 1.148732 -57.543274
v 1.254776 0.248732 -57.543274
v 1.254776 1.148732 -57.543274
v 0.554779 0.248732 -55.443275
v 0.554779 1.148732 -55.443275
v 1.254779 0.248732 -55.443275
v 1.254779 1.148732 -55.443275
v 0.554782 0.248732 -53.343277
v 0.554782 1.148732 -53.343277
v 1.254782 0.248732 -53.343277
v 1.254782 1.148732 -53.343277
v 0.554785 0.248732 -51.243279
v 0.554785 1.148732 -51.243279
v 1.254785 0.248732 -51.243279
v 1.254785 1.148732 -51.243279
vt 0.149336 0.638661
vt 0.141334 0.630659
vt 0.149336 0.630659
vt 0.637824 0.145256
vt 0.629822 0.137254
vt 0.637824 0.137254
vt 0.637824 0.107588
vt 0.629822 0.099586
vt 0.637824 0.099586
vt 0.637824 0.069920
vt 0.629822 0.061918
vt 0.637824 0.061918
vt 0.637824 0.043084
vt 0.629822 0.051086
vt 0.629822 0.043084
vt 0.637824 0.024250
vt 0.629822 0.032252
vt 0.629822 0.024250
vt 0.391896 0.637295
vt 0.383894 0.629293
vt 0.391896 0.629293
vt 0.769662 0.013418
vt 0.761660 0.005416
vt 0.769662 0.005416
vt 0.636738 0.593889
vt 0.628736 0.585887
vt 0.636738 0.585887
vt 0.769662 0.051086
vt 0.761660 0.043084
vt 0.769662 0.043084
vt 0.769662 0.118420
vt 0.761660 0.126422
vt 0.761660 0.118420
vt 0.410730 0.797842
vt 0.402728 0.805844
vt 0.402728 0.797842
vt 0.617904 0.386715
vt 0.609902 0.378713
vt 0.617904 0.378713
vt 0.205838 0.806137
vt 0.197836 0.798135
vt 0.205838 0.798135
vt 0.617904 0.201553
vt 0.609902 0.193550
vt 0.617904 0.193550
vt 0.224672 0.806137
vt 0.216670 0.798135
vt 0.224672 0.798135
vt 0.243506 0.798135
vt 0.235504 0.806137
vt 0.235504 0.798135
vt 0.806244 0.174717
vt 0.798242 0.182719
vt 0.798242 0.174717
vt 0.262340 0.617268
vt 0.254338 0.609266
vt 0.262340 0.609266
vt 0.806244 0.201553
vt 0.798242 0.193550
vt 0.806244 0.193550
vt 0.354276 0.615303
vt 0.346274 0.607300
vt 0.354276 0.607300
vt 0.806244 0.220387
vt 0.798242 0.212384
vt 0.806244 0.212384
vt 0.806244 0.378713
vt 0.798242 0.386715
vt 0.798242 0.378713
vt 0.806244 0.454049
vt 0.798242 0.462051
vt 0.798242 0.454049
vt 0.504900 0.612723
vt 0.496898 0.604721
vt 0.504900 0.604721
vt 0.975750 0.537387
vt 0.967748 0.529385
vt 0.975750 0.529385
vt 0.486066 0.612723
vt 0.478064 0.604721
vt 0.486066 0.604721
vt 0.975750 0.575055
vt 0.967748 0.567053
vt 0.975750 0.567053
vt 0.975750 0.585887
vt 0.967748 0.593889
vt 0.967748 0.585887
vt 0.975750 0.604721
vt 0.967748 0.612723
vt 0.967748 0.604721
vt 0.611537 0.337880
vt 0.603534 0.329877
vt 0.611537 0.329877
vt 0.975750 0.650391
vt 0.967748 0.642389
vt 0.975750 0.642389
vt 0.088754 0.587624
vt 0.080752 0.579622
vt 0.088754 0.579622
vt 0.975750 0.688059
vt 0.967748 0.680057
vt 0.975750 0.680057
vt 0.975750 0.698891
vt 0.967748 0.706893
vt 0.967748 0.698891
vt 0.975750 0.717725
vt 0.967748 0.725727
vt 0.967748 0.717725
vt 0.069920 0.587624
vt 0.061918 0.579622
vt 0.069920 0.579622
vt 0.975750 0.763395
vt 0.967748 0.755393
vt 0.975750 0.755393
vt 0.051086 0.587624
vt 0.043084 0.579622
vt 0.051086 0.579622
vt 0.975750 0.801063
vt 0.967748 0.793061
vt 0.975750 0.793061
vt 0.975750 0.811895
vt 0.967748 0.819897
vt 0.967748 0.811895
vt 0.975750 0.830729
vt 0.967748 0.838731
vt 0.967748 0.830729
vt 0.448398 0.586708
vt 0.440396 0.578705
vt 0.448398 0.578705
vt 0.975750 0.876399
vt 0.967748 0.868397
vt 0.975750 0.868397
vt 0.168170 0.582159
vt 0.160168 0.574157
vt 0.168170 0.574157
vt 0.975750 0.914067
vt 0.967748 0.906065
vt 0.975750 0.906065
vt 0.975750 0.924899
vt 0.967748 0.932901
vt 0.967748 0.924899
vt 0.975750 0.943733
vt 0.967748 0.951735
vt 0.967748 0.943733
vt 0.149336 0.582159
vt 0.141334 0.574157
vt 0.149336 0.574157
vt 0.826164 0.013418
vt 0.818162 0.005416
vt 0.826164 0.005416
vt 0.581322 0.107588
vt 0.573320 0.099586
vt 0.581322 0.099586
vt 0.826164 0.032252
vt 0.818162 0.024250
vt 0.826164 0.024250
vt 0.826164 0.043084
vt 0.818162 0.051086
vt 0.818162 0.043084
vt 0.826164 0.118420
vt 0.818162 0.126422
vt 0.818162 0.118420
vt 0.391896 0.580793
vt 0.383894 0.572791
vt 0.391896 0.572791
vt 0.826164 0.145256
vt 0.818162 0.137254
vt 0.826164 0.137254
vt 0.580236 0.537387
vt 0.572234 0.529385
vt 0.580236 0.529385
vt 0.149336 0.827001
vt 0.141334 0.818999
vt 0.149336 0.818999
vt 0.187004 0.818999
vt 0.179002 0.827001
vt 0.179002 0.818999
vt 0.032252 0.843298
vt 0.024250 0.851300
vt 0.024250 0.843298
vt 0.504900 0.556221
vt 0.496898 0.548219
vt 0.504900 0.548219
vt 0.069920 0.851300
vt 0.061918 0.843298
vt 0.069920 0.843298
vt 0.555035 0.337880
vt 0.547032 0.329877
vt 0.555035 0.329877
vt 0.429564 0.851787
vt 0.421562 0.843785
vt 0.429564 0.843785
vt 0.856379 0.235707
vt 0.848376 0.243710
vt 0.848376 0.235707
vt 0.856379 0.311043
vt 0.848376 0.319046
vt 0.848376 0.311043
vt 0.013418 0.552266
vt 0.005416 0.544264
vt 0.013418 0.544264
vt 0.467232 0.857565
vt 0.459230 0.849563
vt 0.467232 0.849563
vt 0.107588 0.549956
vt 0.099586 0.541954
vt 0.107588 0.541954
vt 0.542568 0.857565
vt 0.534566 0.849563
vt 0.542568 0.849563
vt 0.580236 0.849563
vt 0.572234 0.857565
vt 0.572234 0.849563
vt 0.655572 0.849563
vt 0.647570 0.857565
vt 0.647570 0.849563
vt 0.187004 0.544491
vt 0.179002 0.536489
vt 0.187004 0.536489
vt 0.693240 0.857565
vt 0.685238 0.849563
vt 0.693240 0.849563
vt 0.543654 0.145256
vt 0.535652 0.137254
vt 0.543654 0.137254
vt 0.843912 0.876399
vt 0.835910 0.868397
vt 0.843912 0.868397
vt 0.862746 0.868397
vt 0.854744 0.876399
vt 0.854744 0.868397
vt 0.354276 0.870976
vt 0.346274 0.878979
vt 0.346274 0.870976
vt 0.523734 0.182719
vt 0.515732 0.174717
vt 0.523734 0.174717
vt 0.297775 0.879651
vt 0.289773 0.871649
vt 0.297775 0.871649
vt 0.205838 0.523627
vt 0.197836 0.515625
vt 0.205838 0.515625
vt 0.410730 0.881180
vt 0.402728 0.873178
vt 0.410730 0.873178
vt 0.224672 0.873471
vt 0.216670 0.881473
vt 0.216670 0.873471
vt 0.881580 0.174717
vt 0.873578 0.182719
vt 0.873578 0.174717
vt 0.504900 0.518553
vt 0.496898 0.510551
vt 0.504900 0.510551
vt 0.881580 0.220387
vt 0.873578 0.212384
vt 0.881580 0.212384
vt 0.517367 0.337880
vt 0.509364 0.329877
vt 0.517367 0.329877
vt 0.881580 0.367881
vt 0.873578 0.359879
vt 0.881580 0.359879
vt 0.881580 0.378713
vt 0.873578 0.386715
vt 0.873578 0.378713
vt 0.881580 0.454049
vt 0.873578 0.462051
vt 0.873578 0.454049
vt 0.013418 0.514598
vt 0.005416 0.506596
vt 0.013418 0.506596
vt 0.900414 0.857565
vt 0.892412 0.849563
vt 0.900414 0.849563
vt 0.486066 0.480885
vt 0.478064 0.472883
vt 0.486066 0.472883
vt 0.900414 0.876399
vt 0.892412 0.868397
vt 0.900414 0.868397
vt 0.900414 0.887231
vt 0.892412 0.895233
vt 0.892412 0.887231
vt 0.391896 0.892969
vt 0.383894 0.900971
vt 0.383894 0.892969
vt 0.486066 0.367881
vt 0.478064 0.359879
vt 0.486066 0.359879
vt 0.901500 0.013418
vt 0.893498 0.005416
vt 0.901500 0.005416
vt 0.486066 0.182719
vt 0.478064 0.174717
vt 0.486066 0.174717
vt 0.901500 0.051086
vt 0.893498 0.043084
vt 0.901500 0.043084
vt 0.901500 0.118420
vt 0.893498 0.126422
vt 0.893498 0.118420
vt 0.149337 0.894335
vt 0.141334 0.902337
vt 0.141334 0.894335
vt 0.297775 0.484137
vt 0.289773 0.476135
vt 0.297775 0.476135
vt 0.032252 0.907802
vt 0.024250 0.899800
vt 0.032252 0.899800
vt 0.467232 0.480885
vt 0.459230 0.472883
vt 0.467232 0.472883
vt 0.069920 0.907802
vt 0.061918 0.899800
vt 0.069920 0.899800
vt 0.429564 0.900287
vt 0.421562 0.908289
vt 0.421562 0.900287
vt 0.768576 0.906065
vt 0.760574 0.914067
vt 0.760574 0.906065
vt 0.205838 0.467125
vt 0.197836 0.459123
vt 0.205838 0.459123
vt 0.806244 0.914067
vt 0.798242 0.906065
vt 0.806244 0.906065
vt 0.262340 0.466597
vt 0.254338 0.458594
vt 0.262340 0.458594
vt 0.881580 0.914067
vt 0.873578 0.906065
vt 0.881580 0.906065
vt 0.354276 0.908644
vt 0.346274 0.916647
vt 0.346274 0.908644
vt 0.410730 0.910846
vt 0.402728 0.918848
vt 0.402728 0.910846
vt 0.429564 0.456273
vt 0.421562 0.448271
vt 0.429564 0.448271
vt 0.994584 0.367881
vt 0.986582 0.359879
vt 0.994584 0.359879
vt 0.467232 0.443217
vt 0.459230 0.435215
vt 0.467232 0.435215
vt 0.994584 0.405549
vt 0.986582 0.397547
vt 0.994584 0.397547
vt 0.994584 0.416381
vt 0.986582 0.424383
vt 0.986582 0.416381
vt 0.994584 0.435215
vt 0.986582 0.443217
vt 0.986582 0.435215
vt 0.448398 0.454870
vt 0.440396 0.446867
vt 0.448398 0.446867
vt 0.994584 0.480885
vt 0.986582 0.472883
vt 0.994584 0.472883
vt 0.243506 0.467125
vt 0.235504 0.459123
vt 0.243506 0.459123
vt 0.994584 0.499719
vt 0.986582 0.491717
vt 0.994584 0.491717
vt 0.994584 0.454049
vt 0.986582 0.462051
vt 0.986582 0.454049
vt 0.994584 0.378713
vt 0.986582 0.386715
vt 0.986582 0.378713
vt 0.467232 0.367881
vt 0.459230 0.359879
vt 0.467232 0.359879
vt 0.994584 0.220387
vt 0.986582 0.212384
vt 0.994584 0.212384
vt 0.467232 0.386715
vt 0.459230 0.378713
vt 0.467232 0.378713
vt 0.994584 0.201553
vt 0.986582 0.193550
vt 0.994584 0.193550
vt 0.994584 0.174717
vt 0.986582 0.182719
vt 0.986582 0.174717
vt 0.243506 0.986475
vt 0.235504 0.994477
vt 0.235504 0.986475
vt 0.467232 0.405549
vt 0.459230 0.397547
vt 0.467232 0.397547
vt 0.224672 0.994477
vt 0.216670 0.986475
vt 0.224672 0.986475
vt 0.467232 0.424383
vt 0.459230 0.416381
vt 0.467232 0.416381
vt 0.205838 0.994477
vt 0.197836 0.986475
vt 0.205838 0.986475
vt 0.410730 0.986182
vt 0.402728 0.994184
vt 0.402728 0.986182
vt 0.262340 0.985946
vt 0.254338 0.993948
vt 0.254338 0.985946
vt 0.141334 0.638661
vt 0.629822 0.145256
vt 0.629822 0.107588
vt 0.629822 0.069920
vt 0.637824 0.051086
vt 0.637824 0.032252
vt 0.383894 0.637295
vt 0.761660 0.013418
vt 0.628736 0.593889
vt 0.761660 0.051086
vt 0.769662 0.126422
vt 0.410730 0.805844
vt 0.609902 0.386715
vt 0.197836 0.806137
vt 0.609902 0.201553
vt 0.216670 0.806137
vt 0.243506 0.806137
vt 0.806244 0.182719
vt 0.254338 0.617268
vt 0.798242 0.201553
vt 0.346274 0.615303
vt 0.798242 0.220387
vt 0.806244 0.386715
vt 0.806244 0.462051
vt 0.496898 0.612723
vt 0.967748 0.537387
vt 0.478064 0.612723
vt 0.967748 0.575055
vt 0.975750 0.593889
vt 0.975750 0.612723
vt 0.603534 0.337880
vt 0.967748 0.650391
vt 0.080752 0.587624
vt 0.967748 0.688059
vt 0.975750 0.706893
vt 0.975750 0.725727
vt 0.061918 0.587624
vt 0.967748 0.763395
vt 0.043084 0.587624
vt 0.967748 0.801063
vt 0.975750 0.819897
vt 0.975750 0.838731
vt 0.440396 0.586708
vt 0.967748 0.876399
vt 0.160168 0.582159
vt 0.967748 0.914067
vt 0.975750 0.932901
vt 0.975750 0.951735
vt 0.141334 0.582159
vt 0.818162 0.013418
vt 0.573320 0.107588
vt 0.818162 0.032252
vt 0.826164 0.051086
vt 0.826164 0.126422
vt 0.383894 0.580793
vt 0.818162 0.145256
vt 0.572234 0.537387
vt 0.141334 0.827001
vt 0.187004 0.827001
vt 0.032252 0.851300
vt 0.496898 0.556221
vt 0.061918 0.851300
vt 0.547032 0.337880
vt 0.421562 0.851787
vt 0.856379 0.243710
vt 0.856379 0.319046
vt 0.005416 0.552266
vt 0.459230 0.857565
vt 0.099586 0.549956
vt 0.534566 0.857565
vt 0.580236 0.857565
vt 0.655572 0.857565
vt 0.179002 0.544491
vt 0.685238 0.857565
vt 0.535652 0.145256
vt 0.835910 0.876399
vt 0.862746 0.876399
vt 0.354276 0.878979
vt 0.515732 0.182719
vt 0.289773 0.879651
vt 0.197836 0.523627
vt 0.402728 0.881180
vt 0.224672 0.881473
vt 0.881580 0.182719
vt 0.496898 0.518553
vt 0.873578 0.220387
vt 0.509364 0.337880
vt 0.873578 0.367881
vt 0.881580 0.386715
vt 0.881580 0.462051
vt 0.005416 0.514598
vt 0.892412 0.857565
vt 0.478064 0.480885
vt 0.892412 0.876399
vt 0.900414 0.895233
vt 0.391896 0.900971
vt 0.478064 0.367881
vt 0.893498 0.013418
vt 0.478064 0.182719
vt 0.893498 0.051086
vt 0.901500 0.126422
vt 0.149337 0.902337
vt 0.289773 0.484137
vt 0.024250 0.907802
vt 0.459230 0.480885
vt 0.061918 0.907802
vt 0.429564 0.908289
vt 0.768576 0.914067
vt 0.197836 0.467125
vt 0.798242 0.914067
vt 0.254338 0.466597
vt 0.873578 0.914067
vt 0.354276 0.916647
vt 0.410730 0.918848
vt 0.421562 0.456273
vt 0.986582 0.367881
vt 0.459230 0.443217
vt 0.986582 0.405549
vt 0.994584 0.424383
vt 0.994584 0.443217
vt 0.440396 0.454870
vt 0.986582 0.480885
vt 0.235504 0.467125
vt 0.986582 0.499719
vt 0.994584 0.462051
vt 0.994584 0.386715
vt 0.459230 0.367881
vt 0.986582 0.220387
vt 0.459230 0.386715
vt 0.986582 0.201553
vt 0.994584 0.182719
vt 0.243506 0.994477
vt 0.459230 0.405549
vt 0.216670 0.994477
vt 0.459230 0.424383
vt 0.197836 0.994477
vt 0.410730 0.994184
vt 0.262340 0.993948
vn 0.0000 0.0000 -1.0000
vn 1.0000 0.0000 -0.0000
vn 0.0000 0.0000 1.0000
vn -1.0000 0.0000 0.0000
vn 0.0000 -1.0000 0.0000
vn 0.0000 1.0000 0.0000
s off
f 2968/8537/261 2969/8538/261 2967/8539/261
f 2970/8540/262 2973/8541/262 2969/8542/262
f 2974/8543/263 2971/8544/263 2973/8545/263
f 2972/8546/264 2967/8547/264 2971/8548/264
f 2973/8549/265 2967/8550/265 2969/8551/265
f 2970/8552/266 2972/8553/266 2974/8554/266
f 2976/8555/261 2977/8556/261 2975/8557/261
f 2978/8558/262 2981/8559/262 2977/8560/262
f 2982/8561/263 2979/8562/263 2981/8563/263
f 2980/8564/264 2975/8565/264 2979/8566/264
f 2981/8567/265 2975/8568/265 2977/8569/265
f 2978/8570/266 2980/8571/266 2982/8572/266
f 2984/8573/261 2985/8574/261 2983/8575/261
f 2986/8576/262 2989/8577/262 2985/8578/262
f 2990/8579/263 2987/8580/263 2989/8581/263
f 2988/8582/264 2983/8583/264 2987/8584/264
f 2989/8585/265 2983/8586/265 2985/8587/265
f 2986/8588/266 2988/8589/266 2990/8590/266
f 2992/8591/261 2993/8592/261 2991/8593/261
f 2994/8594/262 2997/8595/262 2993/8596/262
f 2998/8597/263 2995/8598/263 2997/8599/263
f 2996/8600/264 2991/8601/264 2995/8602/264
f 2997/8603/265 2991/8604/265 2993/8605/265
f 2994/8606/266 2996/8607/266 2998/8608/266
f 3000/8609/261 3001/8610/261 2999/8611/261
f 3002/8612/262 3005/8613/262 3001/8614/262
f 3006/8615/263 3003/8616/263 3005/8617/263
f 3004/8618/264 2999/8619/264 3003/8620/264
f 3005/8621/265 2999/8622/265 3001/8623/265
f 3002/8624/266 3004/8625/266 3006/8626/266
f 3008/8627/261 3009/8628/261 3007/8629/261
f 3010/8630/262 3013/8631/262 3009/8632/262
f 3014/8633/263 3011/8634/263 3013/8635/263
f 3012/8636/264 3007/8637/264 3011/8638/264
f 3013/8639/265 3007/8640/265 3009/8641/265
f 3010/8642/266 3012/8643/266 3014/8644/266
f 3016/8645/261 3017/8646/261 3015/8647/261
f 3018/8648/262 3021/8649/262 3017/8650/262
f 3022/8651/263 3019/8652/263 3021/8653/263
f 3020/8654/264 3015/8655/264 3019/8656/264
f 3021/8657/265 3015/8658/265 3017/8659/265
f 3018/8660/266 3020/8661/266 3022/8662/266
f 3024/8663/261 3025/8664/261 3023/8665/261
f 3026/8666/262 3029/8667/262 3025/8668/262
f 3030/8669/263 3027/8670/263 3029/8671/263
f 3028/8672/264 3023/8673/264 3027/8674/264
f 3029/8675/265 3023/8676/265 3025/8677/265
f 3026/8678/266 3028/8679/266 3030/8680/266
f 3032/8681/261 3033/8682/261 3031/8683/261
f 3034/8684/262 3037/8685/262 3033/8686/262
f 3038/8687/263 3035/8688/263 3037/8689/263
f 3036/8690/264 3031/8691/264 3035/8692/264
f 3037/8693/265 3031/8694/265 3033/8695/265
f 3034/8696/266 3036/8697/266 3038/8698/266
f 3040/8699/261 3041/8700/261 3039/8701/261
f 3042/8702/262 3045/8703/262 3041/8704/262
f 3046/8705/263 3043/8706/263 3045/8707/263
f 3044/8708/264 3039/8709/264 3043/8710/264
f 3045/8711/265 3039/8712/265 3041/8713/265
f 3042/8714/266 3044/8715/266 3046/8716/266
f 3048/8717/261 3049/8718/261 3047/8719/261
f 3050/8720/262 3053/8721/262 3049/8722/262
f 3054/8723/263 3051/8724/263 3053/8725/263
f 3052/8726/264 3047/8727/264 3051/8728/264
f 3053/8729/265 3047/8730/265 3049/8731/265
f 3050/8732/266 3052/8733/266 3054/8734/266
f 3056/8735/261 3057/8736/261 3055/8737/261
f 3058/8738/262 3061/8739/262 3057/8740/262
f 3062/8741/263 3059/8742/263 3061/8743/263
f 3060/8744/264 3055/8745/264 3059/8746/264
f 3061/8747/265 3055/8748/265 3057/8749/265
f 3058/8750/266 3060/8751/266 3062/8752/266
f 3064/8753/261 3065/8754/261 3063/8755/261
f 3066/8756/262 3069/8757/262 3065/8758/262
f 3070/8759/263 3067/8760/263 3069/8761/263
f 3068/8762/264 3063/8763/264 3067/8764/264
f 3069/8765/265 3063/8766/265 3065/8767/265
f 3066/8768/266 3068/8769/266 3070/8770/266
f 3072/8771/261 3073/8772/261 3071/8773/261
f 3074/8774/262 3077/8775/262 3073/8776/262
f 3078/8777/263 3075/8778/263 3077/8779/263
f 3076/8780/264 3071/8781/264 3075/8782/264
f 3077/8783/265 3071/8784/265 3073/8785/265
f 3074/8786/266 3076/8787/266 3078/8788/266
f 3080/8789/261 3081/8790/261 3079/8791/261
f 3082/8792/262 3085/8793/262 3081/8794/262
f 3086/8795/263 3083/8796/263 3085/8797/263
f 3084/8798/264 3079/8799/264 3083/8800/264
f 3085/8801/265 3079/8802/265 3081/8803/265
f 3082/8804/266 3084/8805/266 3086/8806/266
f 3088/8807/261 3089/8808/261 3087/8809/261
f 3090/8810/262 3093/8811/262 3089/8812/262
f 3094/8813/263 3091/8814/263 3093/8815/263
f 3092/8816/264 3087/8817/264 3091/8818/264
f 3093/8819/265 3087/8820/265 3089/8821/265
f 3090/8822/266 3092/8823/266 3094/8824/266
f 3096/8825/261 3097/8826/261 3095/8827/261
f 3098/8828/262 3101/8829/262 3097/8830/262
f 3102/8831/263 3099/8832/263 3101/8833/263
f 3100/8834/264 3095/8835/264 3099/8836/264
f 3101/8837/265 3095/8838/265 3097/8839/265
f 3098/8840/266 3100/8841/266 3102/8842/266
f 3104/8843/261 3105/8844/261 3103/8845/261
f 3106/8846/262 3109/8847/262 3105/8848/262
f 3110/8849/263 3107/8850/263 3109/8851/263
f 3108/8852/264 3103/8853/264 3107/8854/264
f 3109/8855/265 3103/8856/265 3105/8857/265
f 3106/8858/266 3108/8859/266 3110/8860/266
f 3112/8861/261 3113/8862/261 3111/8863/261
f 3114/8864/262 3117/8865/262 3113/8866/262
f 3118/8867/263 3115/8868/263 3117/8869/263
f 3116/8870/264 3111/8871/264 3115/8872/264
f 3117/8873/265 3111/8874/265 3113/8875/265
f 3114/8876/266 3116/8877/266 3118/8878/266
f 3120/8879/261 3121/8880/261 3119/8881/261
f 3122/8882/262 3125/8883/262 3121/8884/262
f 3126/8885/263 3123/8886/263 3125/8887/263
f 3124/8888/264 3119/8889/264 3123/8890/264
f 3125/8891/265 3119/8892/265 3121/8893/265
f 3122/8894/266 3124/8895/266 3126/8896/266
f 3128/8897/261 3129/8898/261 3127/8899/261
f 3130/8900/262 3133/8901/262 3129/8902/262
f 3134/8903/263 3131/8904/263 3133/8905/263
f 3132/8906/264 3127/8907/264 3131/8908/264
f 3133/8909/265 3127/8910/265 3129/8911/265
f 3130/8912/266 3132/8913/266 3134/8914/266
f 3136/8915/261 3137/8916/261 3135/8917/261
f 3138/8918/262 3141/8919/262 3137/8920/262
f 3142/8921/263 3139/8922/263 3141/8923/263
f 3140/8924/264 3135/8925/264 3139/8926/264
f 3141/8927/265 3135/8928/265 3137/8929/265
f 3138/8930/266 3140/8931/266 3142/8932/266
f 3144/8933/261 3145/8934/261 3143/8935/261
f 3146/8936/262 3149/8937/262 3145/8938/262
f 3150/8939/263 3147/8940/263 3149/8941/263
f 3148/8942/264 3143/8943/264 3147/8944/264
f 3149/8945/265 3143/8946/265 3145/8947/265
f 3146/8948/266 3148/8949/266 3150/8950/266
f 2968/8537/261 2970/8951/261 2969/8538/261
f 2970/8540/262 2974/8952/262 2973/8541/262
f 2974/8543/263 2972/8953/263 2971/8544/263
f 2972/8546/264 2968/8954/264 2967/8547/264
f 2973/8549/265 2971/8955/265 2967/8550/265
f 2970/8552/266 2968/8956/266 2972/8553/266
f 2976/8555/261 2978/8957/261 2977/8556/261
f 2978/8558/262 2982/8958/262 2981/8559/262
f 2982/8561/263 2980/8959/263 2979/8562/263
f 2980/8564/264 2976/8960/264 2975/8565/264
f 2981/8567/265 2979/8961/265 2975/8568/265
f 2978/8570/266 2976/8962/266 2980/8571/266
f 2984/8573/261 2986/8963/261 2985/8574/261
f 2986/8576/262 2990/8964/262 2989/8577/262
f 2990/8579/263 2988/8965/263 2987/8580/263
f 2988/8582/264 2984/8966/264 2983/8583/264
f 2989/8585/265 2987/8967/265 2983/8586/265
f 2986/8588/266 2984/8968/266 2988/8589/266
f 2992/8591/261 2994/8969/261 2993/8592/261
f 2994/8594/262 2998/8970/262 2997/8595/262
f 2998/8597/263 2996/8971/263 2995/8598/263
f 2996/8600/264 2992/8972/264 2991/8601/264
f 2997/8603/265 2995/8973/265 2991/8604/265
f 2994/8606/266 2992/8974/266 2996/8607/266
f 3000/8609/261 3002/8975/261 3001/8610/261
f 3002/8612/262 3006/8976/262 3005/8613/262
f 3006/8615/263 3004/8977/263 3003/8616/263
f 3004/8618/264 3000/8978/264 2999/8619/264
f 3005/8621/265 3003/8979/265 2999/8622/265
f 3002/8624/266 3000/8980/266 3004/8625/266
f 3008/8627/261 3010/8981/261 3009/8628/261
f 3010/8630/262 3014/8982/262 3013/8631/262
f 3014/8633/263 3012/8983/263 3011/8634/263
f 3012/8636/264 3008/8984/264 3007/8637/264
f 3013/8639/265 3011/8985/265 3007/8640/265
f 3010/8642/266 3008/8986/266 3012/8643/266
f 3016/8645/261 3018/8987/261 3017/8646/261
f 3018/8648/262 3022/8988/262 3021/8649/262
f 3022/8651/263 3020/8989/263 3019/8652/263
f 3020/8654/264 3016/8990/264 3015/8655/264
f 3021/8657/265 3019/8991/265 3015/8658/265
f 3018/8660/266 3016/8992/266 3020/8661/266
f 3024/8663/261 3026/8993/261 3025/8664/261
f 3026/8666/262 3030/8994/262 3029/8667/262
f 3030/8669/263 3028/8995/263 3027/8670/263
f 3028/8672/264 3024/8996/264 3023/8673/264
f 3029/8675/265 3027/8997/265 3023/8676/265
f 3026/8678/266 3024/8998/266 3028/8679/266
f 3032/8681/261 3034/8999/261 3033/8682/261
f 3034/8684/262 3038/9000/262 3037/8685/262
f 3038/8687/263 3036/9001/263 3035/8688/263
f 3036/8690/264 3032/9002/264 3031/8691/264
f 3037/8693/265 3035/9003/265 3031/8694/265
f 3034/8696/266 3032/9004/266 3036/8697/266
f 3040/8699/261 3042/9005/261 3041/8700/261
f 3042/8702/262 3046/9006/262 3045/8703/262
f 3046/8705/263 3044/9007/263 3043/8706/263
f 3044/8708/264 3040/9008/264 3039/8709/264
f 3045/8711/265 3043/9009/265 3039/8712/265
f 3042/8714/266 3040/9010/266 3044/8715/266
f 3048/8717/261 3050/9011/261 3049/8718/261
f 3050/8720/262 3054/9012/262 3053/8721/262
f 3054/8723/263 3052/9013/263 3051/8724/263
f 3052/8726/264 3048/9014/264 3047/8727/264
f 3053/8729/265 3051/9015/265 3047/8730/265
f 3050/8732/266 3048/9016/266 3052/8733/266
f 3056/8735/261 3058/9017/261 3057/8736/261
f 3058/8738/262 3062/9018/262 3061/8739/262
f 3062/8741/263 3060/9019/263 3059/8742/263
f 3060/8744/264 3056/9020/264 3055/8745/264
f 3061/8747/265 3059/9021/265 3055/8748/265
f 3058/8750/266 3056/9022/266 3060/8751/266
f 3064/8753/261 3066/9023/261 3065/8754/261
f 3066/8756/262 3070/9024/262 3069/8757/262
f 3070/8759/263 3068/9025/263 3067/8760/263
f 3068/8762/264 3064/9026/264 3063/8763/264
f 3069/8765/265 3067/9027/265 3063/8766/265
f 3066/8768/266 3064/9028/266 3068/8769/266
f 3072/8771/261 3074/9029/261 3073/8772/261
f 3074/8774/262 3078/9030/262 3077/8775/262
f 3078/8777/263 3076/9031/263 3075/8778/263
f 3076/8780/264 3072/9032/264 3071/8781/264
f 3077/8783/265 3075/9033/265 3071/8784/265
f 3074/8786/266 3072/9034/266 3076/8787/266
f 3080/8789/261 3082/9035/261 3081/8790/261
f 3082/8792/262 3086/9036/262 3085/8793/262
f 3086/8795/263 3084/9037/263 3083/8796/263
f 3084/8798/264 3080/9038/264 3079/8799/264
f 3085/8801/265 3083/9039/265 3079/8802/265
f 3082/8804/266 3080/9040/266 3084/8805/266
f 3088/8807/261 3090/9041/261 3089/8808/261
f 3090/8810/262 3094/9042/262 3093/8811/262
f 3094/8813/263 3092/9043/263 3091/8814/263
f 3092/8816/264 3088/9044/264 3087/8817/264
f 3093/8819/265 3091/9045/265 3087/8820/265
f 3090/8822/266 3088/9046/266 3092/8823/266
f 3096/8825/261 3098/9047/261 3097/8826/261
f 3098/8828/262 3102/9048/262 3101/8829/262
f 3102/8831/263 3100/9049/263 3099/8832/263
f 3100/8834/264 3096/9050/264 3095/8835/264
f 3101/8837/265 3099/9051/265 3095/8838/265
f 3098/8840/266 3096/9052/266 3100/8841/266
f 3104/8843/261 3106/9053/261 3105/8844/261
f 3106/8846/262 3110/9054/262 3109/8847/262
f 3110/8849/263 3108/9055/263 3107/8850/263
f 3108/8852/264 3104/9056/264 3103/8853/264
f 3109/8855/265 3107/9057/265 3103/8856/265
f 3106/8858/266 3104/9058/266 3108/8859/266
f 3112/8861/261 3114/9059/261 3113/8862/261
f 3114/8864/262 3118/9060/262 3117/8865/262
f 3118/8867/263 3116/9061/263 3115/8868/263
f 3116/8870/264 3112/9062/264 3111/8871/264
f 3117/8873/265 3115/9063/265 3111/8874/265
f 3114/8876/266 3112/9064/266 3116/8877/266
f 3120/8879/261 3122/9065/261 3121/8880/261
f 3122/8882/262 3126/9066/262 3125/8883/262
f 3126/8885/263 3124/9067/263 3123/8886/263
f 3124/8888/264 3120/9068/264 3119/8889/264
f 3125/8891/265 3123/9069/265 3119/8892/265
f 3122/8894/266 3120/9070/266 3124/8895/266
f 3128/8897/261 3130/9071/261 3129/8898/261
f 3130/8900/262 3134/9072/262 3133/8901/262
f 3134/8903/263 3132/9073/263 3131/8904/263
f 3132/8906/264 3128/9074/264 3127/8907/264
f 3133/8909/265 3131/9075/265 3127/8910/265
f 3130/8912/266 3128/9076/266 3132/8913/266
f 3136/8915/261 3138/9077/261 3137/8916/261
f 3138/8918/262 3142/9078/262 3141/8919/262
f 3142/8921/263 3140/9079/263 3139/8922/263
f 3140/8924/264 3136/9080/264 3135/8925/264
f 3141/8927/265 3139/9081/265 3135/8928/265
f 3138/8930/266 3136/9082/266 3140/8931/266
f 3144/8933/261 3146/9083/261 3145/8934/261
f 3146/8936/262 3150/9084/262 3149/8937/262
f 3150/8939/263 3148/9085/263 3147/8940/263
f 3148/8942/264 3144/9086/264 3143/8943/264
f 3149/8945/265 3147/9087/265 3143/8946/265
f 3146/8948/266 3144/9088/266 3148/8949/266
o Cube.002_Cube.053
v -16.938015 -0.842279 -0.993357
v -16.938015 1.157720 -0.993357
v -17.938015 1.134687 1.006643
v -18.938015 -0.842279 -0.993357
v -18.938015 1.157720 -0.993357
v -17.664042 -0.842279 -0.993357
v -17.664042 1.157720 -0.993357
v -17.438015 0.146204 0.006643
v -18.301029 -0.842279 -0.993357
v -17.438015 1.146204 0.006643
v -18.301029 1.157720 -0.993357
v -17.664042 -0.842279 -1.272049
v -17.664042 1.157720 -1.272049
v -18.301029 -0.842279 -1.272049
v -18.301029 1.157720 -1.272049
v -17.669962 -0.842279 -1.468078
v -17.669962 1.157720 -1.468078
v -18.295111 -0.842279 -1.345845
v -18.295111 1.157720 -1.345845
v -17.728176 -0.842279 -1.717271
v -17.728176 1.157720 -1.717271
v -18.305696 -0.842279 -1.448531
v -18.305696 1.157720 -1.448531
v -17.870907 -0.842279 -1.972604
v -17.870907 1.157720 -1.972604
v -18.311647 -0.842279 -1.512714
v -18.311647 1.157720 -1.512714
v -18.082228 -0.842279 -2.150402
v -18.082228 1.157720 -2.150402
v -18.346462 -0.842279 -1.570805
v -18.346462 1.157720 -1.570805
v -18.512714 -0.842279 -2.312338
v -18.512714 1.157720 -2.312338
v -18.500751 -0.842279 -1.675464
v -18.500751 1.157720 -1.675464
v -21.013012 -0.842279 -2.352103
v -21.013012 1.157720 -2.352103
v -21.001049 -0.842279 -1.715228
v -21.001049 1.157720 -1.715228
vt 0.406729 0.443991
vt 0.410730 0.443946
vt 0.410730 0.447998
vt 0.316609 0.437662
vt 0.316609 0.446020
vt 0.308607 0.445931
vt 0.369829 0.561834
vt 0.366936 0.553831
vt 0.369829 0.553831
vt 0.108702 0.438825
vt 0.106312 0.442158
vt 0.104382 0.439987
vt 0.029019 0.454624
vt 0.026629 0.451290
vt 0.028322 0.449385
vt 0.027488 0.448644
vt 0.275710 0.599925
vt 0.273172 0.591923
vt 0.275710 0.591923
vt 0.033339 0.455786
vt 0.030015 0.447480
vt 0.109698 0.445969
vt 0.113022 0.437662
vt 0.410730 0.439893
vt 0.402728 0.439984
vt 0.105478 0.442899
vt 0.106935 0.444983
vt 0.104907 0.443438
vt 0.108005 0.444064
vt 0.273172 0.516587
vt 0.274287 0.524589
vt 0.273172 0.524589
vt 0.275489 0.618759
vt 0.274379 0.610757
vt 0.275489 0.610757
vt 0.274088 0.618759
vt 0.273675 0.610757
vt 0.274088 0.610757
vt 0.025795 0.450549
vt 0.027252 0.448466
vt 0.274379 0.618759
vt 0.274287 0.516587
vt 0.275070 0.524589
vt 0.273675 0.618759
vt 0.273417 0.610757
vt 0.275070 0.516587
vt 0.276061 0.524589
vt 0.106656 0.445287
vt 0.104317 0.444274
vt 0.025225 0.450010
vt 0.026973 0.448161
vt 0.103933 0.445380
vt 0.106398 0.445734
vt 0.103962 0.446484
vt 0.276061 0.516587
vt 0.277067 0.524589
vt 0.106479 0.445476
vt 0.024634 0.449174
vt 0.026797 0.447973
vt 0.197836 0.448292
vt 0.205838 0.447668
vt 0.205838 0.448292
vt 0.024250 0.448069
vt 0.026715 0.447714
vt 0.273417 0.618759
vt 0.273172 0.610757
vt 0.168170 0.437662
vt 0.160168 0.438570
vt 0.160168 0.437662
vt 0.168170 0.440346
vt 0.160168 0.450321
vt 0.160168 0.440346
vt 0.168170 0.438570
vt 0.106495 0.446474
vt 0.104622 0.448202
vt 0.024280 0.446964
vt 0.026813 0.446974
vt 0.329982 0.597720
vt 0.327441 0.589718
vt 0.329982 0.589718
vt 0.113022 0.454058
vt 0.111149 0.455786
vt 0.024940 0.445246
vt 0.033339 0.439391
vt 0.197836 0.447668
vt 0.205838 0.437662
vt 0.366936 0.561834
vt 0.024699 0.453461
vt 0.273172 0.599925
vt 0.107171 0.444804
vt 0.277067 0.516587
vt 0.273172 0.618759
vt 0.168170 0.450321
vt 0.327441 0.597720
vt 0.031466 0.437662
vt 0.197836 0.437662
vn 0.8944 0.0000 0.4472
vn -0.8944 0.0000 0.4472
vn 0.0000 0.0000 -1.0000
vn 0.0000 -0.7112 0.7030
vn 0.0000 0.9999 0.0115
vn 0.0000 1.0000 0.0000
vn 0.0000 -1.0000 0.0000
vn 1.0000 0.0000 0.0000
vn -1.0000 0.0000 0.0000
vn -0.9947 0.0000 0.1025
vn -0.9968 0.0000 -0.0799
vn 0.9995 0.0000 -0.0302
vn -0.9957 0.0000 0.0923
vn 0.9738 0.0000 -0.2275
vn 0.8729 0.0000 -0.4879
vn -0.5614 0.0000 0.8276
vn -0.8578 0.0000 0.5141
vn 0.6438 0.0000 -0.7652
vn 0.0159 0.0000 -0.9999
vn 0.3521 0.0000 -0.9360
vn -0.9998 0.0000 0.0188
vn -0.0159 0.0000 0.9999
s off
f 3158/9089/267 3160/9090/267 3153/9091/267
f 3153/9092/268 3155/9093/268 3154/9094/268
f 3157/9095/269 3151/9096/269 3156/9097/269
f 3158/9098/270 3156/9099/270 3151/9100/270
f 3160/9101/271 3157/9102/271 3161/9103/271
f 3157/9102/272 3165/9104/272 3161/9103/272
f 3155/9105/269 3159/9106/269 3154/9107/269
f 3153/9108/271 3161/9103/271 3155/9109/271
f 3154/9110/270 3158/9098/270 3153/9111/270
f 3152/9112/267 3158/9089/267 3151/9113/267
f 3162/9114/273 3168/9115/273 3166/9116/273
f 3159/9117/273 3162/9114/273 3156/9099/273
f 3156/9118/274 3163/9119/274 3157/9120/274
f 3161/9121/275 3164/9122/275 3159/9123/275
f 3169/9124/276 3172/9125/276 3168/9126/276
f 3163/9127/272 3169/9128/272 3165/9104/272
f 3165/9129/277 3168/9126/277 3164/9122/277
f 3162/9130/278 3167/9131/278 3163/9119/278
f 3173/9132/279 3176/9133/279 3172/9125/279
f 3166/9134/280 3171/9135/280 3167/9131/280
f 3166/9116/273 3172/9136/273 3170/9137/273
f 3167/9138/272 3173/9139/272 3169/9128/272
f 3174/9140/273 3180/9141/273 3178/9142/273
f 3170/9143/281 3175/9144/281 3171/9135/281
f 3170/9137/273 3176/9145/273 3174/9140/273
f 3171/9146/272 3177/9147/272 3173/9139/272
f 3181/9148/282 3184/9149/282 3180/9150/282
f 3175/9151/272 3181/9152/272 3177/9147/272
f 3177/9153/283 3180/9154/283 3176/9133/283
f 3174/9155/284 3179/9156/284 3175/9157/284
f 3182/9158/285 3187/9159/285 3183/9160/285
f 3178/9161/286 3183/9160/286 3179/9156/286
f 3178/9142/273 3184/9162/273 3182/9163/273
f 3179/9164/272 3185/9165/272 3181/9152/272
f 3189/9166/287 3186/9167/287 3188/9168/287
f 3182/9163/273 3188/9169/273 3186/9170/273
f 3183/9171/272 3189/9172/272 3185/9165/272
f 3185/9173/288 3188/9174/288 3184/9149/288
f 3157/9095/269 3152/9175/269 3151/9096/269
f 3158/9098/270 3159/9117/270 3156/9099/270
f 3160/9101/271 3152/9176/271 3157/9102/271
f 3157/9102/272 3163/9127/272 3165/9104/272
f 3155/9105/269 3161/9177/269 3159/9106/269
f 3153/9108/271 3160/9101/271 3161/9103/271
f 3154/9110/270 3159/9117/270 3158/9098/270
f 3152/9112/267 3160/9090/267 3158/9089/267
f 3162/9114/273 3164/9178/273 3168/9115/273
f 3159/9117/273 3164/9178/273 3162/9114/273
f 3156/9118/274 3162/9130/274 3163/9119/274
f 3161/9121/275 3165/9129/275 3164/9122/275
f 3169/9124/276 3173/9132/276 3172/9125/276
f 3163/9127/272 3167/9138/272 3169/9128/272
f 3165/9129/277 3169/9124/277 3168/9126/277
f 3162/9130/278 3166/9134/278 3167/9131/278
f 3173/9132/279 3177/9153/279 3176/9133/279
f 3166/9134/280 3170/9143/280 3171/9135/280
f 3166/9116/273 3168/9115/273 3172/9136/273
f 3167/9138/272 3171/9146/272 3173/9139/272
f 3174/9140/273 3176/9145/273 3180/9141/273
f 3170/9143/281 3174/9179/281 3175/9144/281
f 3170/9137/273 3172/9136/273 3176/9145/273
f 3171/9146/272 3175/9151/272 3177/9147/272
f 3181/9148/282 3185/9173/282 3184/9149/282
f 3175/9151/272 3179/9164/272 3181/9152/272
f 3177/9153/283 3181/9180/283 3180/9154/283
f 3174/9155/284 3178/9161/284 3179/9156/284
f 3182/9158/285 3186/9181/285 3187/9159/285
f 3178/9161/286 3182/9158/286 3183/9160/286
f 3178/9142/273 3180/9141/273 3184/9162/273
f 3179/9164/272 3183/9171/272 3185/9165/272
f 3189/9166/287 3187/9182/287 3186/9167/287
f 3182/9163/273 3184/9162/273 3188/9169/273
f 3183/9171/272 3187/9183/272 3189/9172/272
f 3185/9173/288 3189/9184/288 3188/9174/288
o Cube.003_Cube.054
v 17.571100 -0.842279 0.966540
v 17.571100 1.157720 0.966540
v 18.571100 1.134687 -1.033460
v 19.571100 -0.842279 0.966539
v 19.571100 1.157720 0.966539
v 18.297129 -0.842279 0.966540
v 18.297129 1.157720 0.966540
v 18.071100 0.146204 -0.033460
v 18.934114 -0.842279 0.966540
v 18.071100 1.146204 -0.033460
v 18.934114 1.157720 0.966540
v 18.297129 -0.842279 1.245232
v 18.297129 1.157720 1.245232
v 18.934114 -0.842279 1.245232
v 18.934114 1.157720 1.245232
v 18.303047 -0.842279 1.441261
v 18.303047 1.157720 1.441261
v 18.928196 -0.842279 1.319028
v 18.928196 1.157720 1.319028
v 18.361261 -0.842279 1.690454
v 18.361261 1.157720 1.690454
v 18.938782 -0.842279 1.421714
v 18.938782 1.157720 1.421714
v 18.503992 -0.842279 1.945787
v 18.503992 1.157720 1.945787
v 18.944735 -0.842279 1.485897
v 18.944735 1.157720 1.485897
v 18.715315 -0.842279 2.123585
v 18.715315 1.157720 2.123585
v 18.979548 -0.842279 1.543988
v 18.979548 1.157720 1.543988
v 19.145800 -0.842279 2.285521
v 19.145800 1.157720 2.285521
v 19.133837 -0.842279 1.648646
v 19.133837 1.157720 1.648646
v 21.646097 -0.842279 2.325284
v 21.646097 1.157720 2.325284
v 21.634134 -0.842279 1.688410
v 21.634134 1.157720 1.688410
vt 0.387895 0.444948
vt 0.391896 0.444903
vt 0.391896 0.448956
vt 0.335442 0.437662
vt 0.335442 0.446020
vt 0.327441 0.445931
vt 0.330333 0.560052
vt 0.327441 0.552050
vt 0.330333 0.552050
vt 0.088781 0.438825
vt 0.086391 0.442158
vt 0.084461 0.439987
vt 0.048940 0.454624
vt 0.046550 0.451290
vt 0.048243 0.449385
vt 0.047409 0.448644
vt 0.329979 0.616554
vt 0.327441 0.608552
vt 0.329979 0.608552
vt 0.053260 0.455786
vt 0.049935 0.447480
vt 0.089777 0.445969
vt 0.093101 0.437662
vt 0.391896 0.440850
vt 0.383894 0.440941
vt 0.085557 0.442899
vt 0.087014 0.444983
vt 0.084987 0.443438
vt 0.088084 0.444064
vt 0.366936 0.516163
vt 0.368051 0.524166
vt 0.366936 0.524166
vt 0.369253 0.618336
vt 0.368144 0.610333
vt 0.369253 0.610333
vt 0.367852 0.618336
vt 0.367439 0.610333
vt 0.367852 0.610333
vt 0.045716 0.450549
vt 0.047173 0.448466
vt 0.368144 0.618336
vt 0.368051 0.516163
vt 0.368834 0.524166
vt 0.367439 0.618336
vt 0.367181 0.610333
vt 0.368834 0.516163
vt 0.369825 0.524166
vt 0.086735 0.445287
vt 0.084396 0.444274
vt 0.045145 0.450010
vt 0.046894 0.448161
vt 0.084012 0.445380
vt 0.086478 0.445734
vt 0.084042 0.446484
vt 0.369825 0.516163
vt 0.370831 0.524166
vt 0.086559 0.445476
vt 0.044555 0.449174
vt 0.046717 0.447973
vt 0.216670 0.448292
vt 0.224672 0.447668
vt 0.224672 0.448292
vt 0.044171 0.448069
vt 0.046636 0.447714
vt 0.367181 0.618336
vt 0.366936 0.610333
vt 0.149336 0.437662
vt 0.141334 0.438570
vt 0.141334 0.437662
vt 0.149336 0.440346
vt 0.141334 0.450321
vt 0.141334 0.440346
vt 0.149336 0.438570
vt 0.086575 0.446474
vt 0.084702 0.448202
vt 0.044200 0.446964
vt 0.046733 0.446974
vt 0.275713 0.581091
vt 0.273172 0.573089
vt 0.275713 0.573089
vt 0.093101 0.454058
vt 0.091228 0.455786
vt 0.044860 0.445246
vt 0.053260 0.439391
vt 0.216670 0.447668
vt 0.224672 0.437662
vt 0.327441 0.560052
vt 0.044620 0.453461
vt 0.327441 0.616554
vt 0.087250 0.444804
vt 0.370831 0.516163
vt 0.366936 0.618336
vt 0.149336 0.450321
vt 0.273172 0.581091
vt 0.051387 0.437662
vt 0.216670 0.437662
vn -0.8944 0.0000 -0.4472
vn 0.8944 0.0000 -0.4472
vn 0.0000 0.0000 1.0000
vn -0.0000 -0.7112 -0.7030
vn -0.0000 0.9999 -0.0115
vn 0.0000 1.0000 0.0000
vn 0.0000 -1.0000 0.0000
vn -1.0000 0.0000 0.0000
vn 1.0000 0.0000 0.0000
vn 0.9947 0.0000 -0.1025
vn 0.9968 0.0000 0.0799
vn -0.9995 0.0000 0.0302
vn 0.9957 0.0000 -0.0924
vn -0.9738 0.0000 0.2275
vn -0.8729 0.0000 0.4879
vn 0.5614 0.0000 -0.8276
vn 0.8578 0.0000 -0.5140
vn -0.6438 0.0000 0.7652
vn -0.0159 0.0000 0.9999
vn -0.3521 0.0000 0.9360
vn 0.9998 0.0000 -0.0188
vn 0.0159 0.0000 -0.9999
s off
f 3197/9185/289 3199/9186/289 3192/9187/289
f 3192/9188/290 3194/9189/290 3193/9190/290
f 3196/9191/291 3190/9192/291 3195/9193/291
f 3197/9194/292 3195/9195/292 3190/9196/292
f 3199/9197/293 3196/9198/293 3200/9199/293
f 3196/9198/294 3204/9200/294 3200/9199/294
f 3194/9201/291 3198/9202/291 3193/9203/291
f 3192/9204/293 3200/9199/293 3194/9205/293
f 3193/9206/292 3197/9194/292 3192/9207/292
f 3191/9208/289 3197/9185/289 3190/9209/289
f 3201/9210/295 3207/9211/295 3205/9212/295
f 3198/9213/295 3201/9210/295 3195/9195/295
f 3195/9214/296 3202/9215/296 3196/9216/296
f 3200/9217/297 3203/9218/297 3198/9219/297
f 3208/9220/298 3211/9221/298 3207/9222/298
f 3202/9223/294 3208/9224/294 3204/9200/294
f 3204/9225/299 3207/9222/299 3203/9218/299
f 3201/9226/300 3206/9227/300 3202/9215/300
f 3212/9228/301 3215/9229/301 3211/9221/301
f 3205/9230/302 3210/9231/302 3206/9227/302
f 3205/9212/295 3211/9232/295 3209/9233/295
f 3206/9234/294 3212/9235/294 3208/9224/294
f 3213/9236/295 3219/9237/295 3217/9238/295
f 3209/9239/303 3214/9240/303 3210/9231/303
f 3209/9233/295 3215/9241/295 3213/9236/295
f 3210/9242/294 3216/9243/294 3212/9235/294
f 3220/9244/304 3223/9245/304 3219/9246/304
f 3214/9247/294 3220/9248/294 3216/9243/294
f 3216/9249/305 3219/9250/305 3215/9229/305
f 3213/9251/306 3218/9252/306 3214/9253/306
f 3221/9254/307 3226/9255/307 3222/9256/307
f 3217/9257/308 3222/9256/308 3218/9252/308
f 3217/9238/295 3223/9258/295 3221/9259/295
f 3218/9260/294 3224/9261/294 3220/9248/294
f 3228/9262/309 3225/9263/309 3227/9264/309
f 3221/9259/295 3227/9265/295 3225/9266/295
f 3222/9267/294 3228/9268/294 3224/9261/294
f 3224/9269/310 3227/9270/310 3223/9245/310
f 3196/9191/291 3191/9271/291 3190/9192/291
f 3197/9194/292 3198/9213/292 3195/9195/292
f 3199/9197/293 3191/9272/293 3196/9198/293
f 3196/9198/294 3202/9223/294 3204/9200/294
f 3194/9201/291 3200/9273/291 3198/9202/291
f 3192/9204/293 3199/9197/293 3200/9199/293
f 3193/9206/292 3198/9213/292 3197/9194/292
f 3191/9208/289 3199/9186/289 3197/9185/289
f 3201/9210/295 3203/9274/295 3207/9211/295
f 3198/9213/295 3203/9274/295 3201/9210/295
f 3195/9214/296 3201/9226/296 3202/9215/296
f 3200/9217/297 3204/9225/297 3203/9218/297
f 3208/9220/298 3212/9228/298 3211/9221/298
f 3202/9223/294 3206/9234/294 3208/9224/294
f 3204/9225/299 3208/9220/299 3207/9222/299
f 3201/9226/300 3205/9230/300 3206/9227/300
f 3212/9228/301 3216/9249/301 3215/9229/301
f 3205/9230/302 3209/9239/302 3210/9231/302
f 3205/9212/295 3207/9211/295 3211/9232/295
f 3206/9234/294 3210/9242/294 3212/9235/294
f 3213/9236/295 3215/9241/295 3219/9237/295
f 3209/9239/303 3213/9275/303 3214/9240/303
f 3209/9233/295 3211/9232/295 3215/9241/295
f 3210/9242/294 3214/9247/294 3216/9243/294
f 3220/9244/304 3224/9269/304 3223/9245/304
f 3214/9247/294 3218/9260/294 3220/9248/294
f 3216/9249/305 3220/9276/305 3219/9250/305
f 3213/9251/306 3217/9257/306 3218/9252/306
f 3221/9254/307 3225/9277/307 3226/9255/307
f 3217/9257/308 3221/9254/308 3222/9256/308
f 3217/9238/295 3219/9237/295 3223/9258/295
f 3218/9260/294 3222/9267/294 3224/9261/294
f 3228/9262/309 3226/9278/309 3225/9263/309
f 3221/9259/295 3223/9258/295 3227/9265/295
f 3222/9267/294 3226/9279/294 3228/9268/294
f 3224/9269/310 3228/9280/310 3227/9270/310
o Cube.004_Cube.055
v -10.875798 1.125850 15.033686
v -10.875800 -0.874150 15.033686
v -12.820724 1.133281 16.136986
v -10.771129 1.125850 17.030945
v -10.771131 -0.874150 17.030945
v -10.837802 1.125850 15.758718
v -10.837804 -0.874150 15.758718
v -11.848262 1.122594 15.585335
v -10.804465 1.125850 16.394831
v -11.848262 -0.862633 15.585336
v -10.804467 -0.874150 16.394831
v -10.559492 1.125849 15.744132
v -10.559493 -0.874151 15.744132
v -10.526155 1.125849 16.380245
v -10.526156 -0.874151 16.380245
v -10.363421 1.125849 15.739784
v -10.363422 -0.874151 15.739784
v -10.452770 1.125849 16.370472
v -10.452771 -0.874151 16.370474
v -10.111523 1.125849 15.784878
v -10.111525 -0.874151 15.784878
v -10.349670 1.125849 16.375671
v -10.349672 -0.874151 16.375671
v -9.849071 1.125849 15.914049
v -9.849072 -0.874151 15.914049
v -10.285264 1.125849 16.378256
v -10.285265 -0.874151 16.378256
v -9.660457 1.125849 16.115776
v -9.660459 -0.874151 16.115776
v -10.225430 1.125849 16.409981
v -10.225432 -0.874151 16.409981
v -9.476213 1.125849 16.537197
v -9.476214 -0.874151 16.537197
v -10.112841 1.125849 16.558582
v -10.112843 -0.874151 16.558582
v -9.305650 1.125849 19.031988
v -9.305652 -0.874151 19.031988
v -9.942278 1.125849 19.053371
v -9.942279 -0.874151 19.053371
vt 0.354248 0.441715
vt 0.346305 0.441744
vt 0.354276 0.437662
vt 0.273172 0.449253
vt 0.273172 0.437662
vt 0.278941 0.443208
vt 0.276064 0.543423
vt 0.273172 0.535421
vt 0.276064 0.535421
vt 0.068860 0.438825
vt 0.066470 0.442158
vt 0.064541 0.439987
vt 0.130503 0.454648
vt 0.127293 0.452093
vt 0.128402 0.449798
vt 0.127398 0.449313
vt 0.369474 0.599502
vt 0.366936 0.591499
vt 0.369474 0.591499
vt 0.332814 0.465882
vt 0.330547 0.458016
vt 0.332814 0.456851
vt 0.073180 0.437662
vt 0.068163 0.444064
vt 0.354276 0.445767
vt 0.065637 0.442899
vt 0.067093 0.444983
vt 0.065066 0.443438
vt 0.327441 0.514382
vt 0.328556 0.522384
vt 0.327441 0.522384
vt 0.329758 0.635388
vt 0.328649 0.627385
vt 0.329758 0.627385
vt 0.328357 0.635388
vt 0.327944 0.627385
vt 0.328357 0.627385
vt 0.126289 0.451607
vt 0.127122 0.449205
vt 0.328649 0.635388
vt 0.328556 0.514382
vt 0.329339 0.522384
vt 0.327944 0.635388
vt 0.327686 0.627385
vt 0.329339 0.514382
vt 0.330330 0.522384
vt 0.066814 0.445287
vt 0.064476 0.444274
vt 0.125594 0.451245
vt 0.126771 0.448989
vt 0.064091 0.445380
vt 0.066557 0.445734
vt 0.064121 0.446484
vt 0.330330 0.514382
vt 0.331336 0.522384
vt 0.066638 0.445476
vt 0.124797 0.450601
vt 0.126550 0.448855
vt 0.235504 0.448292
vt 0.243506 0.447668
vt 0.243506 0.448292
vt 0.124126 0.449642
vt 0.126401 0.448629
vt 0.327686 0.635388
vt 0.327441 0.627385
vt 0.187004 0.437662
vt 0.179002 0.438570
vt 0.179002 0.437662
vt 0.187004 0.440346
vt 0.179002 0.450321
vt 0.179002 0.440346
vt 0.187004 0.438570
vt 0.066654 0.446474
vt 0.064781 0.448202
vt 0.123853 0.448572
vt 0.126293 0.447891
vt 0.369477 0.580668
vt 0.366936 0.572665
vt 0.369477 0.572665
vt 0.073180 0.454058
vt 0.071307 0.455786
vt 0.124019 0.446739
vt 0.130503 0.438814
vt 0.235504 0.447668
vt 0.243506 0.437662
vt 0.273172 0.543423
vt 0.126029 0.454708
vt 0.366936 0.599502
vt 0.327441 0.459664
vt 0.069856 0.445969
vt 0.346274 0.445797
vt 0.067330 0.444804
vt 0.331336 0.514382
vt 0.327441 0.635388
vt 0.187004 0.450321
vt 0.366936 0.580668
vt 0.128229 0.437662
vt 0.235504 0.437662
vn -0.4934 0.0000 -0.8698
vn -0.3998 0.0000 0.9166
vn 0.9986 -0.0000 -0.0523
vn -0.0033 1.0000 0.0002
vn -0.0115 -0.9999 0.0006
vn -0.0000 -1.0000 0.0000
vn -0.7074 -0.7058 0.0371
vn 0.0050 0.9999 -0.0105
vn 0.0000 1.0000 -0.0000
vn -0.0523 0.0000 -0.9986
vn 0.0523 -0.0000 0.9986
vn -0.0504 0.0000 0.9987
vn 0.1320 -0.0000 0.9912
vn -0.0222 0.0000 -0.9998
vn -0.0401 0.0000 0.9992
vn 0.1762 -0.0000 -0.9844
vn 0.4416 -0.0000 -0.8972
vn -0.7971 0.0000 0.6039
vn -0.4685 0.0000 0.8835
vn 0.7304 -0.0000 -0.6830
vn 0.9977 -0.0000 -0.0682
vn 0.9163 -0.0000 -0.4006
vn 0.0336 0.0000 0.9994
vn -0.9977 0.0000 0.0682
vn -0.5473 -0.4599 0.6992
vn 0.0037 1.0000 -0.0002
vn -0.0503 0.0000 0.9987
vn -0.4684 0.0000 0.8835
vn 0.7305 -0.0000 -0.6830
s off
f 3236/9281/311 3238/9282/311 3231/9283/311
f 3231/9284/312 3233/9285/312 3232/9286/312
f 3235/9287/313 3229/9288/313 3234/9289/313
f 3236/9290/314 3234/9291/314 3229/9292/314
f 3238/9293/315 3235/9294/315 3239/9295/315
f 3235/9294/316 3243/9296/316 3239/9295/316
f 3233/9297/313 3237/9298/313 3232/9299/313
f 3231/9300/317 3239/9301/317 3233/9302/317
f 3231/9303/318 3237/9304/318 3236/9290/318
f 3229/9305/311 3238/9282/311 3236/9281/311
f 3240/9306/319 3246/9307/319 3244/9308/319
f 3237/9304/319 3240/9306/319 3234/9291/319
f 3234/9309/320 3241/9310/320 3235/9311/320
f 3239/9312/321 3242/9313/321 3237/9314/321
f 3247/9315/322 3250/9316/322 3246/9317/322
f 3241/9318/316 3247/9319/316 3243/9296/316
f 3243/9320/323 3246/9317/323 3242/9313/323
f 3240/9321/324 3245/9322/324 3241/9310/324
f 3251/9323/325 3254/9324/325 3250/9316/325
f 3244/9325/326 3249/9326/326 3245/9322/326
f 3244/9308/319 3250/9327/319 3248/9328/319
f 3245/9329/316 3251/9330/316 3247/9319/316
f 3252/9331/319 3258/9332/319 3256/9333/319
f 3248/9334/327 3253/9335/327 3249/9326/327
f 3248/9328/319 3254/9336/319 3252/9331/319
f 3249/9337/316 3255/9338/316 3251/9330/316
f 3259/9339/328 3262/9340/328 3258/9341/328
f 3253/9342/316 3259/9343/316 3255/9338/316
f 3255/9344/329 3258/9345/329 3254/9324/329
f 3252/9346/330 3257/9347/330 3253/9348/330
f 3260/9349/331 3265/9350/331 3261/9351/331
f 3256/9352/332 3261/9351/332 3257/9347/332
f 3256/9333/319 3262/9353/319 3260/9354/319
f 3257/9355/316 3263/9356/316 3259/9343/316
f 3267/9357/333 3264/9358/333 3266/9359/333
f 3260/9354/319 3266/9360/319 3264/9361/319
f 3261/9362/316 3267/9363/316 3263/9356/316
f 3263/9364/334 3266/9365/334 3262/9340/334
f 3235/9287/313 3230/9366/313 3229/9288/313
f 3236/9290/314 3237/9304/314 3234/9291/314
f 3238/9293/315 3230/9367/315 3235/9294/315
f 3235/9294/316 3241/9318/316 3243/9296/316
f 3233/9297/313 3239/9368/313 3237/9298/313
f 3231/9300/335 3238/9369/335 3239/9301/335
f 3231/9303/336 3232/9370/336 3237/9304/336
f 3229/9305/311 3230/9371/311 3238/9282/311
f 3240/9306/319 3242/9372/319 3246/9307/319
f 3237/9304/319 3242/9372/319 3240/9306/319
f 3234/9309/320 3240/9321/320 3241/9310/320
f 3239/9312/321 3243/9320/321 3242/9313/321
f 3247/9315/337 3251/9323/337 3250/9316/337
f 3241/9318/316 3245/9329/316 3247/9319/316
f 3243/9320/323 3247/9315/323 3246/9317/323
f 3240/9321/324 3244/9325/324 3245/9322/324
f 3251/9323/325 3255/9344/325 3254/9324/325
f 3244/9325/326 3248/9334/326 3249/9326/326
f 3244/9308/319 3246/9307/319 3250/9327/319
f 3245/9329/316 3249/9337/316 3251/9330/316
f 3252/9331/319 3254/9336/319 3258/9332/319
f 3248/9334/327 3252/9373/327 3253/9335/327
f 3248/9328/319 3250/9327/319 3254/9336/319
f 3249/9337/316 3253/9342/316 3255/9338/316
f 3259/9339/328 3263/9364/328 3262/9340/328
f 3253/9342/316 3257/9355/316 3259/9343/316
f 3255/9344/338 3259/9374/338 3258/9345/338
f 3252/9346/339 3256/9352/339 3257/9347/339
f 3260/9349/331 3264/9375/331 3265/9350/331
f 3256/9352/332 3260/9349/332 3261/9351/332
f 3256/9333/319 3258/9332/319 3262/9353/319
f 3257/9355/316 3261/9362/316 3263/9356/316
f 3267/9357/333 3265/9376/333 3264/9358/333
f 3260/9354/319 3262/9353/319 3266/9360/319
f 3261/9362/316 3265/9377/316 3267/9363/316
f 3263/9364/334 3267/9378/334 3266/9365/334
o Cylinder
v -16.321138 1.973982 -14.768435
v -16.321138 9.399760 -14.768435
v -16.334177 1.973982 -14.769076
v -16.334177 9.399760 -14.769076
v -16.347090 1.973982 -14.770991
v -16.347090 9.399760 -14.770991
v -16.359753 1.973982 -14.774163
v -16.359753 9.399760 -14.774163
v -16.372046 1.973982 -14.778562
v -16.372046 9.399760 -14.778562
v -16.383846 1.973982 -14.784142
v -16.383846 9.399760 -14.784142
v -16.395042 1.973982 -14.790854
v -16.395042 9.399760 -14.790854
v -16.405529 1.973982 -14.798631
v -16.405529 9.399760 -14.798631
v -16.415201 1.973982 -14.807397
v -16.415201 9.399760 -14.807397
v -16.423967 1.973982 -14.817070
v -16.423967 9.399760 -14.817070
v -16.431744 1.973982 -14.827556
v -16.431744 9.399760 -14.827556
v -16.438456 1.973982 -14.838753
v -16.438456 9.399760 -14.838753
v -16.444036 1.973982 -14.850554
v -16.444036 9.399760 -14.850554
v -16.448435 1.973982 -14.862844
v -16.448435 9.399760 -14.862844
v -16.451607 1.973982 -14.875508
v -16.451607 9.399760 -14.875508
v -16.453522 1.973982 -14.888421
v -16.453522 9.399760 -14.888421
v -16.454163 1.973982 -14.901460
v -16.454163 9.399760 -14.901460
v -16.453522 1.973982 -14.914498
v -16.453522 9.399760 -14.914498
v -16.451607 1.973982 -14.927411
v -16.451607 9.399760 -14.927411
v -16.448435 1.973982 -14.940075
v -16.448435 9.399760 -14.940075
v -16.444036 1.973982 -14.952366
v -16.444036 9.399760 -14.952366
v -16.438456 1.973982 -14.964167
v -16.438456 9.399760 -14.964167
v -16.431744 1.973982 -14.975364
v -16.431744 9.399760 -14.975364
v -16.423967 1.973982 -14.985849
v -16.423967 9.399760 -14.985849
v -16.415201 1.973982 -14.995522
v -16.415201 9.399760 -14.995522
v -16.405529 1.973982 -15.004289
v -16.405529 9.399760 -15.004289
v -16.395042 1.973982 -15.012065
v -16.395042 9.399760 -15.012065
v -16.383846 1.973982 -15.018777
v -16.383846 9.399760 -15.018777
v -16.372046 1.973982 -15.024358
v -16.372046 9.399760 -15.024358
v -16.359753 1.973982 -15.028756
v -16.359753 9.399760 -15.028756
v -16.347090 1.973982 -15.031928
v -16.347090 9.399760 -15.031928
v -16.334177 1.973982 -15.033843
v -16.334177 9.399760 -15.033843
v -16.321138 1.973982 -15.034484
v -16.321138 9.399760 -15.034484
v -16.308100 1.973982 -15.033843
v -16.308100 9.399760 -15.033843
v -16.295187 1.973982 -15.031928
v -16.295187 9.399760 -15.031928
v -16.282524 1.973982 -15.028756
v -16.282524 9.399760 -15.028756
v -16.270231 1.973982 -15.024358
v -16.270231 9.399760 -15.024358
v -16.258430 1.973982 -15.018777
v -16.258430 9.399760 -15.018777
v -16.247234 1.973982 -15.012065
v -16.247234 9.399760 -15.012065
v -16.236748 1.973982 -15.004289
v -16.236748 9.399760 -15.004289
v -16.227076 1.973982 -14.995522
v -16.227076 9.399760 -14.995522
v -16.218309 1.973982 -14.985849
v -16.218309 9.399760 -14.985849
v -16.210533 1.973982 -14.975364
v -16.210533 9.399760 -14.975364
v -16.203821 1.973982 -14.964167
v -16.203821 9.399760 -14.964167
v -16.198240 1.973982 -14.952366
v -16.198240 9.399760 -14.952366
v -16.193842 1.973982 -14.940075
v -16.193842 9.399760 -14.940075
v -16.190670 1.973982 -14.927411
v -16.190670 9.399760 -14.927411
v -16.188755 1.973982 -14.914498
v -16.188755 9.399760 -14.914498
v -16.188114 1.973982 -14.901460
v -16.188114 9.399760 -14.901460
v -16.188755 1.973982 -14.888421
v -16.188755 9.399760 -14.888421
v -16.190670 1.973982 -14.875508
v -16.190670 9.399760 -14.875508
v -16.193842 1.973982 -14.862844
v -16.193842 9.399760 -14.862844
v -16.198240 1.973982 -14.850554
v -16.198240 9.399760 -14.850554
v -16.203821 1.973982 -14.838753
v -16.203821 9.399760 -14.838753
v -16.210533 1.973982 -14.827556
v -16.210533 9.399760 -14.827556
v -16.218309 1.973982 -14.817070
v -16.218309 9.399760 -14.817070
v -16.227076 1.973982 -14.807397
v -16.227076 9.399760 -14.807397
v -16.236748 1.973982 -14.798631
v -16.236748 9.399760 -14.798631
v -16.247234 1.973982 -14.790854
v -16.247234 9.399760 -14.790854
v -16.258430 1.973982 -14.784142
v -16.258430 9.399760 -14.784142
v -16.270231 1.973982 -14.778562
v -16.270231 9.399760 -14.778562
v -16.282524 1.973982 -14.774163
v -16.282524 9.399760 -14.774163
v -16.295187 1.973982 -14.770991
v -16.295187 9.399760 -14.770991
v -16.308100 1.973982 -14.769076
v -16.308100 9.399760 -14.769076
v -16.353844 9.515368 -14.774635
v -16.341049 9.514761 -14.772119
v -16.366323 9.516201 -14.778373
v -16.378368 9.517249 -14.783296
v -16.389862 9.518503 -14.789356
v -16.400694 9.519951 -14.796497
v -16.410761 9.521579 -14.804648
v -16.419964 9.523371 -14.813732
v -16.428215 9.525311 -14.823661
v -16.435434 9.527377 -14.834339
v -16.441553 9.529553 -14.845663
v -16.446512 9.531816 -14.857525
v -16.450264 9.534145 -14.869810
v -16.452772 9.536517 -14.882400
v -16.454014 9.538910 -14.895172
v -16.453974 9.541299 -14.908007
v -16.452656 9.543663 -14.920777
v -16.450071 9.545979 -14.933362
v -16.446245 9.548223 -14.945639
v -16.441214 9.550376 -14.957491
v -16.435026 9.552415 -14.968803
v -16.427742 9.554321 -14.979467
v -16.419430 9.556077 -14.989380
v -16.410172 9.557665 -14.998446
v -16.400057 9.559069 -15.006577
v -16.389181 9.560277 -15.013697
v -16.377651 9.561275 -15.019735
v -16.365576 9.562057 -15.024635
v -16.353073 9.562612 -15.028348
v -16.340263 9.562936 -15.030840
v -16.327269 9.563026 -15.032084
v -16.314215 9.562881 -15.032072
v -16.301228 9.562504 -15.030802
v -16.288433 9.561895 -15.028285
v -16.275953 9.561063 -15.024548
v -16.263908 9.560015 -15.019625
v -16.252415 9.558761 -15.013564
v -16.241581 9.557313 -15.006423
v -16.231516 9.555685 -14.998272
v -16.222313 9.553893 -14.989188
v -16.214062 9.551954 -14.979259
v -16.206842 9.549887 -14.968581
v -16.200724 9.547711 -14.957257
v -16.195765 9.545447 -14.945395
v -16.192013 9.543119 -14.933110
v -16.189503 9.540748 -14.920521
v -16.188263 9.538355 -14.907748
v -16.188301 9.535965 -14.894915
v -16.189621 9.533601 -14.882143
v -16.192205 9.531285 -14.869558
v -16.196032 9.529040 -14.857282
v -16.201063 9.526889 -14.845429
v -16.207251 9.524849 -14.834117
v -16.214535 9.522943 -14.823453
v -16.222847 9.521187 -14.813540
v -16.232103 9.519599 -14.804475
v -16.242220 9.518195 -14.796343
v -16.253096 9.516988 -14.789224
v -16.264626 9.515988 -14.783185
v -16.276701 9.515208 -14.778285
v -16.289204 9.514653 -14.774572
v -16.302013 9.514328 -14.772080
v -16.315008 9.514237 -14.770836
v -16.328062 9.514382 -14.770848
v -16.352205 9.648014 -14.751192
v -16.339409 9.647057 -14.748786
v -16.364685 9.649364 -14.754774
v -16.376730 9.651096 -14.759501
v -16.388224 9.653193 -14.765325
v -16.399055 9.655633 -14.772189
v -16.409121 9.658394 -14.780030
v -16.418324 9.661448 -14.788770
v -16.426575 9.664768 -14.798326
v -16.433796 9.668321 -14.808606
v -16.439915 9.672071 -14.819510
v -16.444874 9.675984 -14.830935
v -16.448626 9.680022 -14.842769
v -16.451134 9.684146 -14.854897
v -16.452375 9.688314 -14.867206
v -16.452335 9.692490 -14.879575
v -16.451017 9.696631 -14.891884
v -16.448433 9.700698 -14.904016
v -16.444607 9.704652 -14.915855
v -16.439575 9.708454 -14.927285
v -16.433386 9.712068 -14.938197
v -16.426102 9.715458 -14.948485
v -16.417791 9.718595 -14.958052
v -16.408533 9.721444 -14.966803
v -16.398418 9.723981 -14.974655
v -16.387543 9.726180 -14.981533
v -16.376013 9.728021 -14.987370
v -16.363937 9.729485 -14.992111
v -16.351435 9.730556 -14.995709
v -16.338625 9.731230 -14.998130
v -16.325630 9.731495 -14.999350
v -16.312576 9.731350 -14.999358
v -16.299589 9.730797 -14.998154
v -16.286795 9.729839 -14.995748
v -16.274313 9.728489 -14.992165
v -16.262268 9.726757 -14.987439
v -16.250774 9.724660 -14.981615
v -16.239943 9.722220 -14.974751
v -16.229877 9.719460 -14.966909
v -16.220675 9.716405 -14.958170
v -16.212423 9.713085 -14.948613
v -16.205204 9.709533 -14.938334
v -16.199085 9.705782 -14.927429
v -16.194124 9.701869 -14.916005
v -16.190372 9.697832 -14.904171
v -16.187864 9.693708 -14.892042
v -16.186625 9.689539 -14.879734
v -16.186663 9.685364 -14.867365
v -16.187981 9.681222 -14.855056
v -16.190565 9.677155 -14.842923
v -16.194393 9.673203 -14.831084
v -16.199425 9.669400 -14.819654
v -16.205612 9.665786 -14.808743
v -16.212896 9.662395 -14.798454
v -16.221207 9.659260 -14.788888
v -16.230465 9.656409 -14.780137
v -16.240580 9.653873 -14.772285
v -16.251455 9.651673 -14.765407
v -16.262987 9.649833 -14.759569
v -16.275061 9.648370 -14.754828
v -16.287563 9.647296 -14.751230
v -16.300375 9.646624 -14.748810
v -16.313370 9.646358 -14.747590
v -16.326422 9.646503 -14.747581
v -16.350735 9.749442 -14.720946
v -16.337938 9.747929 -14.718846
v -16.363214 9.751624 -14.724092
v -16.375259 9.754454 -14.728255
v -16.386753 9.757903 -14.733395
v -16.397585 9.761941 -14.739460
v -16.407652 9.766526 -14.746393
v -16.416853 9.771615 -14.754128
v -16.425104 9.777161 -14.762589
v -16.432325 9.783106 -14.771696
v -16.438444 9.789396 -14.781361
v -16.443403 9.795971 -14.791490
v -16.447155 9.802767 -14.801986
v -16.449663 9.809717 -14.812747
v -16.450905 9.816754 -14.823671
v -16.450865 9.823813 -14.834653
v -16.449547 9.830825 -14.845586
v -16.446962 9.837721 -14.856364
v -16.443136 9.844436 -14.866885
v -16.438105 9.850904 -14.877047
v -16.431917 9.857064 -14.886752
v -16.424631 9.862855 -14.895906
v -16.416321 9.868224 -14.904422
v -16.407063 9.873117 -14.912217
v -16.396948 9.877488 -14.919217
v -16.386072 9.881295 -14.925353
v -16.374542 9.884500 -14.930568
v -16.362467 9.887074 -14.934810
v -16.349964 9.888988 -14.938039
v -16.337154 9.890230 -14.940223
v -16.324160 9.890784 -14.941341
v -16.311106 9.890645 -14.941384
v -16.298119 9.889815 -14.940351
v -16.285324 9.888301 -14.938251
v -16.272842 9.886120 -14.935104
v -16.260798 9.883290 -14.930942
v -16.249304 9.879840 -14.925802
v -16.238472 9.875804 -14.919738
v -16.228407 9.871220 -14.912804
v -16.219204 9.866130 -14.905069
v -16.210953 9.860585 -14.896607
v -16.203733 9.854638 -14.887501
v -16.197615 9.848348 -14.877836
v -16.192656 9.841774 -14.867707
v -16.188902 9.834979 -14.857211
v -16.186394 9.828029 -14.846450
v -16.185154 9.820990 -14.835526
v -16.185192 9.813931 -14.824544
v -16.186510 9.806920 -14.813611
v -16.189096 9.800023 -14.802833
v -16.192923 9.793309 -14.792312
v -16.197954 9.786841 -14.782150
v -16.204142 9.780682 -14.772445
v -16.211426 9.774889 -14.763290
v -16.219738 9.769521 -14.754775
v -16.228994 9.764627 -14.746980
v -16.239111 9.760258 -14.739980
v -16.249985 9.756450 -14.733844
v -16.261517 9.753244 -14.728629
v -16.273590 9.750672 -14.724387
v -16.286095 9.748755 -14.721159
v -16.298904 9.747515 -14.718974
v -16.311899 9.746961 -14.717855
v -16.324953 9.747099 -14.717813
v -16.348742 9.867626 -14.658127
v -16.335945 9.865388 -14.656826
v -16.361221 9.870901 -14.660110
v -16.373266 9.875183 -14.662757
v -16.384760 9.880428 -14.666042
v -16.395592 9.886588 -14.669934
v -16.405659 9.893602 -14.674395
v -16.414860 9.901403 -14.679382
v -16.423111 9.909917 -14.684847
v -16.430332 9.919059 -14.690738
v -16.436451 9.928744 -14.696997
v -16.441410 9.938877 -14.703565
v -16.445162 9.949363 -14.710377
v -16.447670 9.960096 -14.717369
v -16.448912 9.970978 -14.724474
v -16.448872 9.981901 -14.731622
v -16.447554 9.992761 -14.738746
v -16.444969 10.003453 -14.745775
v -16.441143 10.013875 -14.752644
v -16.436111 10.023924 -14.759284
v -16.429924 10.033506 -14.765634
v -16.422638 10.042527 -14.771630
v -16.414328 10.050902 -14.777217
v -16.405069 10.058550 -14.782339
v -16.394955 10.065393 -14.786948
v -16.384079 10.071372 -14.790998
v -16.372549 10.076426 -14.794453
v -16.360474 10.080505 -14.797276
v -16.347971 10.083570 -14.799444
v -16.335161 10.085594 -14.800932
v -16.322166 10.086556 -14.801728
v -16.309113 10.086447 -14.801824
v -16.296125 10.085268 -14.801218
v -16.283331 10.083029 -14.799918
v -16.270849 10.079755 -14.797935
v -16.258804 10.075473 -14.795287
v -16.247311 10.070227 -14.792002
v -16.236479 10.064068 -14.788110
v -16.226414 10.057055 -14.783648
v -16.217211 10.049254 -14.778662
v -16.208960 10.040741 -14.773197
v -16.201740 10.031598 -14.767306
v -16.195621 10.021913 -14.761047
v -16.190662 10.011780 -14.754479
v -16.186909 10.001294 -14.747667
v -16.184401 9.990561 -14.740675
v -16.183161 9.979678 -14.733570
v -16.183199 9.968757 -14.726421
v -16.184517 9.957895 -14.719298
v -16.187103 9.947204 -14.712269
v -16.190929 9.936782 -14.705401
v -16.195961 9.926733 -14.698760
v -16.202148 9.917150 -14.692410
v -16.209433 9.908129 -14.686414
v -16.217743 9.899755 -14.680827
v -16.227001 9.892107 -14.675705
v -16.237118 9.885263 -14.671096
v -16.247992 9.879285 -14.667046
v -16.259523 9.874231 -14.663591
v -16.271597 9.870152 -14.660767
v -16.284100 9.867085 -14.658601
v -16.296911 9.865062 -14.657112
v -16.309906 9.864100 -14.656317
v -16.322958 9.864209 -14.656220
v -16.346514 9.963809 -14.524745
v -16.333719 9.961263 -14.524277
v -16.358994 9.967562 -14.525507
v -16.371040 9.972486 -14.526553
v -16.382534 9.978531 -14.527876
v -16.393366 9.985643 -14.529460
v -16.403431 9.993752 -14.531292
v -16.412634 10.002777 -14.533354
v -16.420885 10.012636 -14.535625
v -16.428104 10.023230 -14.538084
v -16.434223 10.034459 -14.540707
v -16.439182 10.046214 -14.543469
v -16.442936 10.058384 -14.546343
v -16.445444 10.070848 -14.549302
v -16.446684 10.083488 -14.552318
v -16.446646 10.096184 -14.555359
v -16.445328 10.108810 -14.558399
v -16.442741 10.121247 -14.561408
v -16.438915 10.133375 -14.564356
v -16.433884 10.145077 -14.567215
v -16.427696 10.156240 -14.569958
v -16.420412 10.166756 -14.572558
v -16.412100 10.176524 -14.574990
v -16.402843 10.185452 -14.577230
v -16.392727 10.193450 -14.579259
v -16.381853 10.200444 -14.581055
v -16.370321 10.206367 -14.582601
v -16.358248 10.211161 -14.583881
v -16.345743 10.214777 -14.584888
v -16.332933 10.217185 -14.585605
v -16.319939 10.218360 -14.586029
v -16.306885 10.218289 -14.586156
v -16.293900 10.216975 -14.585984
v -16.281103 10.214428 -14.585516
v -16.268623 10.210676 -14.584754
v -16.256578 10.205751 -14.583707
v -16.245085 10.199706 -14.582385
v -16.234253 10.192595 -14.580801
v -16.224186 10.184486 -14.578968
v -16.214985 10.175461 -14.576906
v -16.206734 10.165603 -14.574636
v -16.199512 10.155008 -14.572177
v -16.193394 10.143779 -14.569553
v -16.188435 10.132023 -14.566792
v -16.184683 10.119854 -14.563917
v -16.182175 10.107390 -14.560958
v -16.180933 10.094748 -14.557943
v -16.180973 10.082055 -14.554900
v -16.182291 10.069427 -14.551862
v -16.184875 10.056991 -14.548853
v -16.188702 10.044862 -14.545905
v -16.193733 10.033161 -14.543045
v -16.199921 10.021998 -14.540302
v -16.207207 10.011481 -14.537703
v -16.215517 10.001714 -14.535270
v -16.224775 9.992785 -14.533030
v -16.234890 9.984789 -14.531000
v -16.245766 9.977793 -14.529206
v -16.257296 9.971870 -14.527660
v -16.269371 9.967078 -14.526378
v -16.281874 9.963460 -14.525374
v -16.294683 9.961053 -14.524655
v -16.307678 9.959878 -14.524231
v -16.320732 9.959949 -14.524104
v -16.344088 10.012979 -14.333421
v -16.331291 10.010392 -14.333538
v -16.356567 10.016806 -14.333318
v -16.368612 10.021839 -14.333228
v -16.380106 10.028028 -14.333155
v -16.390938 10.035313 -14.333097
v -16.401003 10.043626 -14.333055
v -16.410206 10.052884 -14.333031
v -16.418457 10.063002 -14.333022
v -16.425676 10.073876 -14.333032
v -16.431797 10.085408 -14.333058
v -16.436756 10.097483 -14.333101
v -16.440508 10.109987 -14.333160
v -16.443016 10.122798 -14.333236
v -16.444258 10.135792 -14.333326
v -16.444218 10.148847 -14.333430
v -16.442900 10.161834 -14.333549
v -16.440315 10.174629 -14.333677
v -16.436489 10.187109 -14.333817
v -16.431458 10.199154 -14.333968
v -16.425268 10.210649 -14.334125
v -16.417984 10.221479 -14.334291
v -16.409674 10.231544 -14.334459
v -16.400415 10.240746 -14.334631
v -16.390301 10.248998 -14.334806
v -16.379425 10.256216 -14.334980
v -16.367895 10.262335 -14.335152
v -16.355820 10.267294 -14.335320
v -16.343317 10.271043 -14.335485
v -16.330505 10.273552 -14.335642
v -16.317513 10.274792 -14.335792
v -16.304459 10.274752 -14.335931
v -16.291471 10.273432 -14.336059
v -16.278677 10.270845 -14.336177
v -16.266195 10.267018 -14.336279
v -16.254150 10.261985 -14.336369
v -16.242657 10.255796 -14.336443
v -16.231825 10.248511 -14.336500
v -16.221760 10.240198 -14.336541
v -16.212557 10.230941 -14.336566
v -16.204306 10.220824 -14.336575
v -16.197086 10.209949 -14.336565
v -16.190968 10.198416 -14.336538
v -16.186007 10.186340 -14.336495
v -16.182255 10.173836 -14.336436
v -16.179747 10.161027 -14.336361
v -16.178507 10.148031 -14.336271
v -16.178545 10.134978 -14.336165
v -16.179863 10.121989 -14.336049
v -16.182447 10.109195 -14.335919
v -16.186275 10.096714 -14.335779
v -16.191307 10.084670 -14.335629
v -16.197495 10.073176 -14.335471
v -16.204779 10.062345 -14.335307
v -16.213089 10.052279 -14.335136
v -16.222347 10.043077 -14.334966
v -16.232462 10.034828 -14.334790
v -16.243338 10.027608 -14.334618
v -16.254869 10.021489 -14.334445
v -16.266943 10.016531 -14.334275
v -16.279446 10.012780 -14.334112
v -16.292257 10.010272 -14.333955
v -16.305252 10.009032 -14.333806
v -16.318304 10.009073 -14.333666
v -16.284569 10.057228 -6.053196
v -16.271774 10.054642 -6.053312
v -16.297049 10.061055 -6.053092
v -16.309093 10.066089 -6.053003
v -16.320587 10.072277 -6.052930
v -16.331419 10.079562 -6.052871
v -16.341486 10.087874 -6.052829
v -16.350689 10.097134 -6.052805
v -16.358940 10.107251 -6.052796
v -16.366159 10.118126 -6.052806
v -16.372278 10.129658 -6.052833
v -16.377237 10.141732 -6.052876
v -16.380989 10.154237 -6.052934
v -16.383497 10.167048 -6.053010
v -16.384739 10.180041 -6.053101
v -16.384699 10.193096 -6.053205
v -16.383381 10.206083 -6.053323
v -16.380796 10.218879 -6.053452
v -16.376970 10.231359 -6.053592
v -16.371939 10.243403 -6.053742
v -16.365751 10.254898 -6.053899
v -16.358467 10.265728 -6.054065
v -16.350155 10.275794 -6.054235
v -16.340897 10.284996 -6.054405
v -16.330782 10.293246 -6.054580
v -16.319906 10.300466 -6.054754
v -16.308376 10.306583 -6.054926
v -16.296301 10.311543 -6.055095
v -16.283798 10.315292 -6.055260
v -16.270988 10.317801 -6.055416
v -16.257994 10.319041 -6.055566
v -16.244940 10.319001 -6.055706
v -16.231953 10.317681 -6.055834
v -16.219158 10.315095 -6.055951
v -16.206678 10.311268 -6.056054
v -16.194633 10.306233 -6.056143
v -16.183138 10.300046 -6.056217
v -16.172306 10.292761 -6.056275
v -16.162241 10.284448 -6.056315
v -16.153038 10.275190 -6.056340
v -16.144787 10.265073 -6.056348
v -16.137568 10.254197 -6.056339
v -16.131449 10.242665 -6.056314
v -16.126490 10.230590 -6.056270
v -16.122738 10.218086 -6.056211
v -16.120228 10.205276 -6.056135
v -16.118988 10.192281 -6.056046
v -16.119026 10.179228 -6.055940
v -16.120346 10.166239 -6.055823
v -16.122931 10.153444 -6.055694
v -16.126757 10.140964 -6.055554
v -16.131788 10.128920 -6.055403
v -16.137976 10.117426 -6.055244
v -16.145260 10.106594 -6.055081
v -16.153572 10.096529 -6.054911
v -16.162828 10.087326 -6.054741
v -16.172945 10.079078 -6.054564
v -16.183821 10.071857 -6.054391
v -16.195351 10.065739 -6.054220
v -16.207426 10.060781 -6.054050
v -16.219929 10.057030 -6.053887
v -16.232738 10.054522 -6.053729
v -16.245733 10.053282 -6.053580
v -16.258787 10.053323 -6.053440
v -16.279381 10.071515 -5.873327
v -16.267860 10.069186 -5.873432
v -16.290617 10.074961 -5.873234
v -16.301460 10.079492 -5.873154
v -16.311810 10.085063 -5.873088
v -16.321562 10.091623 -5.873034
v -16.330624 10.099107 -5.872996
v -16.338909 10.107442 -5.872976
v -16.346338 10.116551 -5.872967
v -16.352837 10.126342 -5.872976
v -16.358347 10.136724 -5.873000
v -16.362812 10.147596 -5.873040
v -16.366190 10.158854 -5.873092
v -16.368448 10.170387 -5.873159
v -16.369566 10.182087 -5.873241
v -16.369530 10.193840 -5.873335
v -16.368343 10.205533 -5.873442
v -16.366016 10.217053 -5.873557
v -16.362572 10.228289 -5.873683
v -16.358042 10.239132 -5.873819
v -16.352470 10.249481 -5.873960
v -16.345911 10.259233 -5.874109
v -16.338428 10.268294 -5.874262
v -16.330093 10.276579 -5.874416
v -16.320988 10.284008 -5.874574
v -16.311195 10.290507 -5.874731
v -16.300814 10.296015 -5.874885
v -16.289944 10.300481 -5.875037
v -16.278687 10.303856 -5.875185
v -16.267153 10.306115 -5.875326
v -16.255453 10.307231 -5.875461
v -16.243702 10.307195 -5.875587
v -16.232010 10.306006 -5.875702
v -16.220490 10.303678 -5.875809
v -16.209253 10.300233 -5.875900
v -16.198408 10.295700 -5.875981
v -16.188061 10.290129 -5.876047
v -16.178308 10.283570 -5.876100
v -16.169247 10.276085 -5.876136
v -16.160961 10.267751 -5.876158
v -16.153532 10.258642 -5.876165
v -16.147032 10.248851 -5.876157
v -16.141523 10.238469 -5.876134
v -16.137058 10.227595 -5.876095
v -16.133680 10.216339 -5.876042
v -16.131420 10.204805 -5.875973
v -16.130304 10.193106 -5.875893
v -16.130339 10.181354 -5.875798
v -16.131527 10.169660 -5.875692
v -16.133854 10.158140 -5.875576
v -16.137299 10.146904 -5.875451
v -16.141829 10.136061 -5.875314
v -16.147400 10.125712 -5.875173
v -16.153957 10.115960 -5.875025
v -16.161440 10.106898 -5.874872
v -16.169775 10.098613 -5.874718
v -16.178883 10.091187 -5.874559
v -16.188673 10.084685 -5.874404
v -16.199055 10.079177 -5.874249
v -16.209927 10.074713 -5.874096
v -16.221182 10.071336 -5.873949
v -16.232716 10.069077 -5.873807
v -16.244415 10.067962 -5.873673
v -16.256168 10.067999 -5.873548
v -16.269505 10.103875 -5.758059
v -16.261044 10.102165 -5.758137
v -16.277756 10.106406 -5.757991
v -16.285719 10.109734 -5.757932
v -16.293320 10.113825 -5.757883
v -16.300482 10.118643 -5.757844
v -16.307137 10.124139 -5.757815
v -16.313221 10.130260 -5.757801
v -16.318676 10.136950 -5.757794
v -16.323450 10.144139 -5.757801
v -16.327496 10.151764 -5.757819
v -16.330774 10.159748 -5.757847
v -16.333256 10.168015 -5.757886
v -16.334915 10.176486 -5.757936
v -16.335735 10.185077 -5.757997
v -16.335709 10.193709 -5.758064
v -16.334837 10.202296 -5.758142
v -16.333128 10.210756 -5.758228
v -16.330599 10.219007 -5.758320
v -16.327272 10.226971 -5.758420
v -16.323181 10.234571 -5.758524
v -16.318363 10.241733 -5.758634
v -16.312868 10.248387 -5.758745
v -16.306747 10.254472 -5.758858
v -16.300060 10.259927 -5.758974
v -16.292870 10.264699 -5.759089
v -16.285246 10.268744 -5.759203
v -16.277262 10.272024 -5.759315
v -16.268995 10.274503 -5.759423
v -16.260525 10.276162 -5.759527
v -16.251934 10.276981 -5.759625
v -16.243303 10.276954 -5.759719
v -16.234716 10.276082 -5.759803
v -16.226255 10.274372 -5.759881
v -16.218004 10.271842 -5.759948
v -16.210041 10.268513 -5.760008
v -16.202440 10.264421 -5.760056
v -16.195278 10.259605 -5.760096
v -16.188623 10.254108 -5.760121
v -16.182539 10.247988 -5.760138
v -16.177084 10.241299 -5.760143
v -16.172310 10.234107 -5.760137
v -16.168264 10.226483 -5.760120
v -16.164986 10.218498 -5.760091
v -16.162504 10.210232 -5.760053
v -16.160847 10.201762 -5.760002
v -16.160025 10.193170 -5.759943
v -16.160051 10.184539 -5.759874
v -16.160923 10.175951 -5.759796
v -16.162632 10.167492 -5.759710
v -16.165161 10.159240 -5.759618
v -16.168489 10.151277 -5.759518
v -16.172581 10.143677 -5.759414
v -16.177397 10.136515 -5.759306
v -16.182892 10.129861 -5.759193
v -16.189013 10.123775 -5.759079
v -16.195700 10.118321 -5.758964
v -16.202890 10.113547 -5.758849
v -16.210514 10.109502 -5.758737
v -16.218498 10.106224 -5.758624
v -16.226765 10.103744 -5.758515
v -16.235235 10.102085 -5.758411
v -16.243826 10.101267 -5.758313
v -16.252459 10.101294 -5.758221
vt 1.000000 1.000000
vt 0.984375 0.500000
vt 1.000000 0.500000
vt 0.984375 1.000000
vt 0.968750 0.500000
vt 0.968750 1.000000
vt 0.953125 0.500000
vt 0.953125 1.000000
vt 0.937500 0.500000
vt 0.937500 1.000000
vt 0.921875 0.500000
vt 0.921875 1.000000
vt 0.906250 0.500000
vt 0.906250 1.000000
vt 0.890625 0.500000
vt 0.890625 1.000000
vt 0.875000 0.500000
vt 0.875000 1.000000
vt 0.859375 0.500000
vt 0.859375 1.000000
vt 0.843750 0.500000
vt 0.843750 1.000000
vt 0.828125 0.500000
vt 0.828125 1.000000
vt 0.812500 0.500000
vt 0.812500 1.000000
vt 0.796875 0.500000
vt 0.796875 1.000000
vt 0.781250 0.500000
vt 0.781250 1.000000
vt 0.765625 0.500000
vt 0.765625 1.000000
vt 0.750000 0.500000
vt 0.750000 1.000000
vt 0.734375 0.500000
vt 0.734375 1.000000
vt 0.718750 0.500000
vt 0.718750 1.000000
vt 0.703125 0.500000
vt 0.703125 1.000000
vt 0.687500 0.500000
vt 0.687500 1.000000
vt 0.671875 0.500000
vt 0.671875 1.000000
vt 0.656250 0.500000
vt 0.656250 1.000000
vt 0.640625 0.500000
vt 0.640625 1.000000
vt 0.625000 0.500000
vt 0.625000 1.000000
vt 0.609375 0.500000
vt 0.609375 1.000000
vt 0.593750 0.500000
vt 0.593750 1.000000
vt 0.578125 0.500000
vt 0.578125 1.000000
vt 0.562500 0.500000
vt 0.562500 1.000000
vt 0.546875 0.500000
vt 0.546875 1.000000
vt 0.531250 0.500000
vt 0.531250 1.000000
vt 0.515625 0.500000
vt 0.515625 1.000000
vt 0.500000 0.500000
vt 0.500000 1.000000
vt 0.484375 0.500000
vt 0.484375 1.000000
vt 0.468750 0.500000
vt 0.468750 1.000000
vt 0.453125 0.500000
vt 0.453125 1.000000
vt 0.437500 0.500000
vt 0.437500 1.000000
vt 0.421875 0.500000
vt 0.421875 1.000000
vt 0.406250 0.500000
vt 0.406250 1.000000
vt 0.390625 0.500000
vt 0.390625 1.000000
vt 0.375000 0.500000
vt 0.375000 1.000000
vt 0.359375 0.500000
vt 0.359375 1.000000
vt 0.343750 0.500000
vt 0.343750 1.000000
vt 0.328125 0.500000
vt 0.328125 1.000000
vt 0.312500 0.500000
vt 0.312500 1.000000
vt 0.296875 0.500000
vt 0.296875 1.000000
vt 0.281250 0.500000
vt 0.281250 1.000000
vt 0.265625 0.500000
vt 0.265625 1.000000
vt 0.250000 0.500000
vt 0.250000 1.000000
vt 0.234375 0.500000
vt 0.234375 1.000000
vt 0.218750 0.500000
vt 0.218750 1.000000
vt 0.203125 0.500000
vt 0.203125 1.000000
vt 0.187500 0.500000
vt 0.187500 1.000000
vt 0.171875 0.500000
vt 0.171875 1.000000
vt 0.156250 0.500000
vt 0.156250 1.000000
vt 0.140625 0.500000
vt 0.140625 1.000000
vt 0.125000 0.500000
vt 0.125000 1.000000
vt 0.109375 0.500000
vt 0.109375 1.000000
vt 0.093750 0.500000
vt 0.093750 1.000000
vt 0.078125 0.500000
vt 0.078125 1.000000
vt 0.062500 0.500000
vt 0.062500 1.000000
vt 0.046875 0.500000
vt 0.046875 1.000000
vt 0.031250 0.500000
vt 0.109375 1.000000
vt 0.093750 1.000000
vt 0.031250 1.000000
vt 0.015625 0.500000
vt 0.015625 1.000000
vt 0.000000 0.500000
vt 0.773524 0.011156
vt 0.511156 0.226476
vt 0.726476 0.488844
vt 0.046875 1.000000
vt 0.062500 1.000000
vt 0.046875 1.000000
vt 0.515625 1.000000
vt 0.500000 1.000000
vt 0.921875 1.000000
vt 0.906250 1.000000
vt 0.375000 1.000000
vt 0.359375 1.000000
vt 0.781250 1.000000
vt 0.765625 1.000000
vt 0.234375 1.000000
vt 0.218750 1.000000
vt 0.640625 1.000000
vt 0.625000 1.000000
vt 0.078125 1.000000
vt 0.484375 1.000000
vt 0.890625 1.000000
vt 0.343750 1.000000
vt 0.750000 1.000000
vt 0.203125 1.000000
vt 0.609375 1.000000
vt 0.062500 1.000000
vt 0.468750 1.000000
vt 0.875000 1.000000
vt 0.328125 1.000000
vt 0.734375 1.000000
vt 0.187500 1.000000
vt 0.593750 1.000000
vt 0.453125 1.000000
vt 0.859375 1.000000
vt 0.312500 1.000000
vt 0.718750 1.000000
vt 0.171875 1.000000
vt 1.000000 1.000000
vt 0.984375 1.000000
vt 0.578125 1.000000
vt 0.031250 1.000000
vt 0.437500 1.000000
vt 0.843750 1.000000
vt 0.296875 1.000000
vt 0.703125 1.000000
vt 0.156250 1.000000
vt 0.562500 1.000000
vt 0.015625 1.000000
vt 0.968750 1.000000
vt 0.421875 1.000000
vt 0.828125 1.000000
vt 0.281250 1.000000
vt 0.687500 1.000000
vt 0.140625 1.000000
vt 0.546875 1.000000
vt 0.000000 1.000000
vt 0.000000 1.000000
vt 0.953125 1.000000
vt 0.406250 1.000000
vt 0.812500 1.000000
vt 0.265625 1.000000
vt 0.671875 1.000000
vt 0.125000 1.000000
vt 0.531250 1.000000
vt 0.937500 1.000000
vt 0.390625 1.000000
vt 0.796875 1.000000
vt 0.250000 1.000000
vt 0.656250 1.000000
vt 0.015625 1.000000
vt 0.000000 1.000000
vt 0.000000 1.000000
vt 0.468750 1.000000
vt 0.453125 1.000000
vt 0.859375 1.000000
vt 0.031250 1.000000
vt 0.437500 1.000000
vt 0.843750 1.000000
vt 0.421875 1.000000
vt 0.828125 1.000000
vt 0.406250 1.000000
vt 0.812500 1.000000
vt 0.390625 1.000000
vt 0.796875 1.000000
vt 0.375000 1.000000
vt 0.781250 1.000000
vt 0.359375 1.000000
vt 0.765625 1.000000
vt 0.343750 1.000000
vt 0.750000 1.000000
vt 0.328125 1.000000
vt 0.734375 1.000000
vt 0.312500 1.000000
vt 0.718750 1.000000
vt 0.296875 1.000000
vt 0.703125 1.000000
vt 0.281250 1.000000
vt 0.687500 1.000000
vt 0.265625 1.000000
vt 0.671875 1.000000
vt 0.250000 1.000000
vt 0.656250 1.000000
vt 0.234375 1.000000
vt 0.640625 1.000000
vt 0.218750 1.000000
vt 0.625000 1.000000
vt 0.203125 1.000000
vt 0.609375 1.000000
vt 0.187500 1.000000
vt 0.593750 1.000000
vt 0.171875 1.000000
vt 0.578125 1.000000
vt 0.984375 1.000000
vt 0.156250 1.000000
vt 0.562500 1.000000
vt 0.968750 1.000000
vt 0.140625 1.000000
vt 0.546875 1.000000
vt 0.953125 1.000000
vt 0.125000 1.000000
vt 0.531250 1.000000
vt 0.937500 1.000000
vt 0.109375 1.000000
vt 0.515625 1.000000
vt 0.921875 1.000000
vt 0.093750 1.000000
vt 0.500000 1.000000
vt 0.906250 1.000000
vt 0.078125 1.000000
vt 0.484375 1.000000
vt 0.890625 1.000000
vt 0.875000 1.000000
vt 0.359375 1.000000
vt 0.375000 1.000000
vt 0.359375 1.000000
vt 0.421875 1.000000
vt 0.406250 1.000000
vt 0.812500 1.000000
vt 0.390625 1.000000
vt 0.796875 1.000000
vt 0.375000 1.000000
vt 0.781250 1.000000
vt 0.765625 1.000000
vt 0.343750 1.000000
vt 0.750000 1.000000
vt 0.328125 1.000000
vt 0.734375 1.000000
vt 0.312500 1.000000
vt 0.718750 1.000000
vt 0.296875 1.000000
vt 0.703125 1.000000
vt 0.281250 1.000000
vt 0.687500 1.000000
vt 0.265625 1.000000
vt 0.671875 1.000000
vt 0.250000 1.000000
vt 0.656250 1.000000
vt 0.234375 1.000000
vt 0.640625 1.000000
vt 0.218750 1.000000
vt 0.625000 1.000000
vt 0.203125 1.000000
vt 0.609375 1.000000
vt 0.187500 1.000000
vt 0.593750 1.000000
vt 0.171875 1.000000
vt 0.578125 1.000000
vt 1.000000 1.000000
vt 0.984375 1.000000
vt 0.156250 1.000000
vt 0.562500 1.000000
vt 0.968750 1.000000
vt 0.140625 1.000000
vt 0.546875 1.000000
vt 0.953125 1.000000
vt 0.125000 1.000000
vt 0.531250 1.000000
vt 0.937500 1.000000
vt 0.109375 1.000000
vt 0.515625 1.000000
vt 0.921875 1.000000
vt 0.093750 1.000000
vt 0.500000 1.000000
vt 0.906250 1.000000
vt 0.078125 1.000000
vt 0.484375 1.000000
vt 0.890625 1.000000
vt 0.062500 1.000000
vt 0.468750 1.000000
vt 0.875000 1.000000
vt 0.046875 1.000000
vt 0.453125 1.000000
vt 0.859375 1.000000
vt 0.031250 1.000000
vt 0.437500 1.000000
vt 0.843750 1.000000
vt 0.015625 1.000000
vt 0.828125 1.000000
vt 0.312500 1.000000
vt 0.328125 1.000000
vt 0.312500 1.000000
vt 0.765625 1.000000
vt 0.343750 1.000000
vt 0.750000 1.000000
vt 0.328125 1.000000
vt 0.734375 1.000000
vt 0.718750 1.000000
vt 0.296875 1.000000
vt 0.703125 1.000000
vt 0.281250 1.000000
vt 0.687500 1.000000
vt 0.265625 1.000000
vt 0.671875 1.000000
vt 0.250000 1.000000
vt 0.656250 1.000000
vt 0.234375 1.000000
vt 0.640625 1.000000
vt 0.218750 1.000000
vt 0.625000 1.000000
vt 0.203125 1.000000
vt 0.609375 1.000000
vt 0.187500 1.000000
vt 0.593750 1.000000
vt 0.171875 1.000000
vt 0.578125 1.000000
vt 1.000000 1.000000
vt 0.984375 1.000000
vt 0.156250 1.000000
vt 0.562500 1.000000
vt 0.968750 1.000000
vt 0.140625 1.000000
vt 0.546875 1.000000
vt 0.953125 1.000000
vt 0.125000 1.000000
vt 0.531250 1.000000
vt 0.937500 1.000000
vt 0.109375 1.000000
vt 0.515625 1.000000
vt 0.921875 1.000000
vt 0.093750 1.000000
vt 0.500000 1.000000
vt 0.906250 1.000000
vt 0.078125 1.000000
vt 0.484375 1.000000
vt 0.890625 1.000000
vt 0.062500 1.000000
vt 0.468750 1.000000
vt 0.875000 1.000000
vt 0.046875 1.000000
vt 0.453125 1.000000
vt 0.859375 1.000000
vt 0.031250 1.000000
vt 0.437500 1.000000
vt 0.843750 1.000000
vt 0.015625 1.000000
vt 0.421875 1.000000
vt 0.828125 1.000000
vt 0.000000 1.000000
vt 0.406250 1.000000
vt 0.812500 1.000000
vt 0.390625 1.000000
vt 0.796875 1.000000
vt 0.781250 1.000000
vt 0.265625 1.000000
vt 0.281250 1.000000
vt 0.265625 1.000000
vt 0.718750 1.000000
vt 0.296875 1.000000
vt 0.703125 1.000000
vt 0.281250 1.000000
vt 0.687500 1.000000
vt 0.671875 1.000000
vt 0.250000 1.000000
vt 0.656250 1.000000
vt 0.234375 1.000000
vt 0.640625 1.000000
vt 0.218750 1.000000
vt 0.625000 1.000000
vt 0.203125 1.000000
vt 0.609375 1.000000
vt 0.187500 1.000000
vt 0.593750 1.000000
vt 0.171875 1.000000
vt 0.578125 1.000000
vt 1.000000 1.000000
vt 0.984375 1.000000
vt 0.156250 1.000000
vt 0.562500 1.000000
vt 0.968750 1.000000
vt 0.140625 1.000000
vt 0.546875 1.000000
vt 0.953125 1.000000
vt 0.125000 1.000000
vt 0.531250 1.000000
vt 0.937500 1.000000
vt 0.109375 1.000000
vt 0.515625 1.000000
vt 0.921875 1.000000
vt 0.093750 1.000000
vt 0.500000 1.000000
vt 0.906250 1.000000
vt 0.078125 1.000000
vt 0.484375 1.000000
vt 0.890625 1.000000
vt 0.062500 1.000000
vt 0.468750 1.000000
vt 0.875000 1.000000
vt 0.046875 1.000000
vt 0.453125 1.000000
vt 0.859375 1.000000
vt 0.031250 1.000000
vt 0.437500 1.000000
vt 0.843750 1.000000
vt 0.015625 1.000000
vt 0.421875 1.000000
vt 0.828125 1.000000
vt 0.000000 1.000000
vt 0.406250 1.000000
vt 0.812500 1.000000
vt 0.390625 1.000000
vt 0.796875 1.000000
vt 0.375000 1.000000
vt 0.781250 1.000000
vt 0.359375 1.000000
vt 0.765625 1.000000
vt 0.343750 1.000000
vt 0.750000 1.000000
vt 0.734375 1.000000
vt 0.218750 1.000000
vt 0.234375 1.000000
vt 0.218750 1.000000
vt 0.671875 1.000000
vt 0.250000 1.000000
vt 0.656250 1.000000
vt 0.234375 1.000000
vt 0.640625 1.000000
vt 0.625000 1.000000
vt 0.203125 1.000000
vt 0.609375 1.000000
vt 0.187500 1.000000
vt 0.593750 1.000000
vt 0.171875 1.000000
vt 0.578125 1.000000
vt 1.000000 1.000000
vt 0.984375 1.000000
vt 0.156250 1.000000
vt 0.562500 1.000000
vt 0.968750 1.000000
vt 0.140625 1.000000
vt 0.546875 1.000000
vt 0.953125 1.000000
vt 0.125000 1.000000
vt 0.531250 1.000000
vt 0.937500 1.000000
vt 0.109375 1.000000
vt 0.515625 1.000000
vt 0.921875 1.000000
vt 0.093750 1.000000
vt 0.500000 1.000000
vt 0.906250 1.000000
vt 0.078125 1.000000
vt 0.484375 1.000000
vt 0.890625 1.000000
vt 0.062500 1.000000
vt 0.468750 1.000000
vt 0.875000 1.000000
vt 0.046875 1.000000
vt 0.453125 1.000000
vt 0.859375 1.000000
vt 0.031250 1.000000
vt 0.437500 1.000000
vt 0.843750 1.000000
vt 0.015625 1.000000
vt 0.421875 1.000000
vt 0.828125 1.000000
vt 0.000000 1.000000
vt 0.406250 1.000000
vt 0.812500 1.000000
vt 0.390625 1.000000
vt 0.796875 1.000000
vt 0.375000 1.000000
vt 0.781250 1.000000
vt 0.359375 1.000000
vt 0.765625 1.000000
vt 0.343750 1.000000
vt 0.750000 1.000000
vt 0.328125 1.000000
vt 0.734375 1.000000
vt 0.312500 1.000000
vt 0.718750 1.000000
vt 0.296875 1.000000
vt 0.703125 1.000000
vt 0.687500 1.000000
vt 0.171875 1.000000
vt 0.187500 1.000000
vt 0.171875 1.000000
vt 0.625000 1.000000
vt 0.203125 1.000000
vt 0.609375 1.000000
vt 0.187500 1.000000
vt 0.593750 1.000000
vt 0.578125 1.000000
vt 1.000000 1.000000
vt 0.984375 1.000000
vt 0.156250 1.000000
vt 0.562500 1.000000
vt 0.968750 1.000000
vt 0.140625 1.000000
vt 0.546875 1.000000
vt 0.953125 1.000000
vt 0.125000 1.000000
vt 0.531250 1.000000
vt 0.937500 1.000000
vt 0.109375 1.000000
vt 0.515625 1.000000
vt 0.921875 1.000000
vt 0.093750 1.000000
vt 0.500000 1.000000
vt 0.906250 1.000000
vt 0.078125 1.000000
vt 0.484375 1.000000
vt 0.890625 1.000000
vt 0.062500 1.000000
vt 0.468750 1.000000
vt 0.875000 1.000000
vt 0.046875 1.000000
vt 0.453125 1.000000
vt 0.859375 1.000000
vt 0.031250 1.000000
vt 0.437500 1.000000
vt 0.843750 1.000000
vt 0.015625 1.000000
vt 0.421875 1.000000
vt 0.828125 1.000000
vt 0.000000 1.000000
vt 0.406250 1.000000
vt 0.812500 1.000000
vt 0.390625 1.000000
vt 0.796875 1.000000
vt 0.375000 1.000000
vt 0.781250 1.000000
vt 0.359375 1.000000
vt 0.765625 1.000000
vt 0.343750 1.000000
vt 0.750000 1.000000
vt 0.328125 1.000000
vt 0.734375 1.000000
vt 0.312500 1.000000
vt 0.718750 1.000000
vt 0.296875 1.000000
vt 0.703125 1.000000
vt 0.281250 1.000000
vt 0.687500 1.000000
vt 0.265625 1.000000
vt 0.671875 1.000000
vt 0.250000 1.000000
vt 0.656250 1.000000
vt 0.640625 1.000000
vt 0.968750 1.000000
vt 0.953125 1.000000
vt 0.953125 1.000000
vt 0.593750 1.000000
vt 0.578125 1.000000
vt 0.984375 1.000000
vt 0.156250 1.000000
vt 0.562500 1.000000
vt 0.140625 1.000000
vt 0.546875 1.000000
vt 0.125000 1.000000
vt 0.531250 1.000000
vt 0.937500 1.000000
vt 0.109375 1.000000
vt 0.515625 1.000000
vt 0.921875 1.000000
vt 0.093750 1.000000
vt 0.500000 1.000000
vt 0.906250 1.000000
vt 0.078125 1.000000
vt 0.484375 1.000000
vt 0.890625 1.000000
vt 0.062500 1.000000
vt 0.468750 1.000000
vt 0.875000 1.000000
vt 0.046875 1.000000
vt 0.453125 1.000000
vt 0.859375 1.000000
vt 0.031250 1.000000
vt 0.437500 1.000000
vt 0.843750 1.000000
vt 0.015625 1.000000
vt 0.421875 1.000000
vt 0.828125 1.000000
vt 0.000000 1.000000
vt 0.406250 1.000000
vt 0.812500 1.000000
vt 0.390625 1.000000
vt 0.796875 1.000000
vt 0.375000 1.000000
vt 0.781250 1.000000
vt 0.359375 1.000000
vt 0.765625 1.000000
vt 0.343750 1.000000
vt 0.750000 1.000000
vt 0.328125 1.000000
vt 0.734375 1.000000
vt 0.312500 1.000000
vt 0.718750 1.000000
vt 0.296875 1.000000
vt 0.703125 1.000000
vt 0.281250 1.000000
vt 0.687500 1.000000
vt 0.265625 1.000000
vt 0.671875 1.000000
vt 0.250000 1.000000
vt 0.656250 1.000000
vt 0.234375 1.000000
vt 0.640625 1.000000
vt 0.218750 1.000000
vt 0.625000 1.000000
vt 0.203125 1.000000
vt 0.609375 1.000000
vt 0.937500 1.000000
vt 0.609375 1.000000
vt 0.140625 1.000000
vt 0.125000 1.000000
vt 0.546875 1.000000
vt 0.531250 1.000000
vt 0.109375 1.000000
vt 0.515625 1.000000
vt 0.921875 1.000000
vt 0.093750 1.000000
vt 0.500000 1.000000
vt 0.906250 1.000000
vt 0.078125 1.000000
vt 0.484375 1.000000
vt 0.890625 1.000000
vt 0.062500 1.000000
vt 0.468750 1.000000
vt 0.875000 1.000000
vt 0.046875 1.000000
vt 0.453125 1.000000
vt 0.859375 1.000000
vt 0.031250 1.000000
vt 0.437500 1.000000
vt 0.843750 1.000000
vt 0.015625 1.000000
vt 0.421875 1.000000
vt 0.828125 1.000000
vt 0.000000 1.000000
vt 0.406250 1.000000
vt 0.812500 1.000000
vt 0.390625 1.000000
vt 0.796875 1.000000
vt 0.375000 1.000000
vt 0.781250 1.000000
vt 0.359375 1.000000
vt 0.765625 1.000000
vt 0.343750 1.000000
vt 0.750000 1.000000
vt 0.328125 1.000000
vt 0.734375 1.000000
vt 0.312500 1.000000
vt 0.718750 1.000000
vt 0.296875 1.000000
vt 0.703125 1.000000
vt 0.281250 1.000000
vt 0.687500 1.000000
vt 0.265625 1.000000
vt 0.671875 1.000000
vt 0.250000 1.000000
vt 0.656250 1.000000
vt 0.234375 1.000000
vt 0.640625 1.000000
vt 0.218750 1.000000
vt 0.625000 1.000000
vt 0.203125 1.000000
vt 0.187500 1.000000
vt 0.593750 1.000000
vt 0.171875 1.000000
vt 0.578125 1.000000
vt 1.000000 1.000000
vt 0.984375 1.000000
vt 0.156250 1.000000
vt 0.562500 1.000000
vt 0.968750 1.000000
vt 0.750000 0.490000
vt 0.773524 0.488844
vt 0.796822 0.485388
vt 0.819668 0.479666
vt 0.841844 0.471731
vt 0.863135 0.461661
vt 0.883337 0.449553
vt 0.902254 0.435522
vt 0.919706 0.419706
vt 0.961661 0.363135
vt 0.935522 0.402254
vt 0.949553 0.383337
vt 0.971731 0.341844
vt 0.979666 0.319668
vt 0.985388 0.296822
vt 0.988844 0.273524
vt 0.990000 0.250000
vt 0.988844 0.226476
vt 0.985388 0.203178
vt 0.979666 0.180332
vt 0.971731 0.158156
vt 0.961661 0.136865
vt 0.949553 0.116663
vt 0.935522 0.097746
vt 0.919706 0.080294
vt 0.863135 0.038339
vt 0.902254 0.064478
vt 0.883337 0.050447
vt 0.841844 0.028269
vt 0.819668 0.020334
vt 0.796822 0.014612
vt 0.750000 0.010000
vt 0.726476 0.011156
vt 0.703178 0.014612
vt 0.680332 0.020334
vt 0.658156 0.028269
vt 0.636865 0.038339
vt 0.616663 0.050447
vt 0.597746 0.064478
vt 0.580294 0.080294
vt 0.538339 0.136865
vt 0.564478 0.097746
vt 0.550447 0.116663
vt 0.528269 0.158156
vt 0.520334 0.180332
vt 0.514612 0.203178
vt 0.510000 0.250000
vt 0.511156 0.273524
vt 0.514612 0.296822
vt 0.520334 0.319668
vt 0.528269 0.341844
vt 0.538339 0.363135
vt 0.550447 0.383337
vt 0.564478 0.402254
vt 0.580294 0.419706
vt 0.636865 0.461661
vt 0.597746 0.435522
vt 0.616663 0.449553
vt 0.658156 0.471731
vt 0.680332 0.479666
vt 0.703178 0.485388
vt 1.000000 1.000000
vt 1.000000 1.000000
vn -0.0491 0.0000 0.9988
vn -0.1467 0.0000 0.9892
vn -0.2429 0.0000 0.9701
vn -0.3368 0.0000 0.9416
vn -0.4275 0.0000 0.9040
vn -0.5141 0.0000 0.8577
vn -0.5956 0.0000 0.8033
vn -0.6715 0.0000 0.7410
vn -0.7410 0.0000 0.6716
vn -0.8032 0.0000 0.5957
vn -0.8577 0.0000 0.5141
vn -0.9040 0.0000 0.4275
vn -0.9415 0.0000 0.3369
vn -0.9700 0.0000 0.2429
vn -0.9892 0.0000 0.1467
vn -0.9988 0.0000 0.0491
vn -0.9988 0.0000 -0.0491
vn -0.9892 0.0000 -0.1467
vn -0.9700 0.0000 -0.2430
vn -0.9415 0.0000 -0.3370
vn -0.9040 0.0000 -0.4275
vn -0.8577 0.0000 -0.5142
vn -0.8032 0.0000 -0.5957
vn -0.7410 0.0000 -0.6715
vn -0.6716 0.0000 -0.7409
vn -0.5956 0.0000 -0.8033
vn -0.5142 0.0000 -0.8576
vn -0.4275 0.0000 -0.9040
vn -0.3370 0.0000 -0.9415
vn -0.2430 0.0000 -0.9700
vn -0.1467 0.0000 -0.9892
vn -0.0491 0.0000 -0.9988
vn 0.0491 0.0000 -0.9988
vn 0.1467 0.0000 -0.9892
vn 0.2429 0.0000 -0.9701
vn 0.3368 0.0000 -0.9416
vn 0.4275 0.0000 -0.9040
vn 0.5141 0.0000 -0.8577
vn 0.5956 0.0000 -0.8033
vn 0.6715 0.0000 -0.7410
vn 0.7410 0.0000 -0.6716
vn 0.8032 0.0000 -0.5957
vn 0.8577 0.0000 -0.5141
vn 0.9040 0.0000 -0.4276
vn 0.9415 0.0000 -0.3369
vn 0.9700 0.0000 -0.2429
vn 0.9892 0.0000 -0.1467
vn 0.9988 0.0000 -0.0491
vn 0.9988 0.0000 0.0491
vn 0.9892 0.0000 0.1467
vn 0.9700 0.0000 0.2430
vn 0.9415 0.0000 0.3370
vn 0.9040 0.0000 0.4276
vn 0.8577 0.0000 0.5142
vn 0.8032 0.0000 0.5957
vn 0.7410 0.0000 0.6715
vn 0.6716 0.0000 0.7409
vn 0.5956 0.0000 0.8033
vn 0.5142 0.0000 0.8576
vn 0.4275 0.0000 0.9040
vn 0.3370 0.0000 0.9415
vn 0.2430 0.0000 0.9700
vn 0.4631 0.0108 0.8862
vn 0.1467 0.0000 0.9892
vn 0.0491 0.0000 0.9988
vn 0.0000 -1.0000 0.0000
vn 0.1917 -0.1723 0.9662
vn 0.0976 0.0106 -0.9952
vn -0.6286 0.0069 0.7777
vn 0.8286 0.0011 -0.5599
vn -1.0000 -0.0038 -0.0038
vn 0.9548 -0.0023 0.2971
vn -0.6270 0.0056 -0.7790
vn 0.3753 0.0124 0.9268
vn 0.1934 0.0102 -0.9811
vn -0.7019 0.0050 0.7122
vn 0.8798 -0.0001 -0.4754
vn -0.9946 -0.0035 -0.1033
vn 0.9206 -0.0012 0.3905
vn -0.5484 0.0068 -0.8362
vn 0.2839 0.0136 0.9588
vn 0.2874 0.0095 -0.9578
vn -0.7688 0.0031 0.6395
vn 0.9226 -0.0013 -0.3858
vn -0.9795 -0.0029 -0.2016
vn 0.8774 0.0001 0.4798
vn -0.4644 0.0080 -0.8856
vn 0.1906 0.0146 0.9816
vn 0.3788 0.0087 -0.9254
vn -0.8283 0.0014 0.5603
vn 0.9563 -0.0022 -0.2924
vn -0.9546 -0.0021 -0.2979
vn 0.8257 0.0017 0.5642
vn -0.1924 0.0145 0.9812
vn -0.3763 0.0089 -0.9264
vn 0.0951 0.0151 0.9954
vn 0.4671 0.0077 -0.8841
vn -0.8797 -0.0002 0.4754
vn 0.9806 -0.0030 -0.1961
vn -0.9204 -0.0011 -0.3909
vn 0.7660 0.0035 0.6429
vn -0.2850 0.0097 -0.9585
vn -0.0007 0.0153 0.9999
vn -0.2859 0.0135 0.9582
vn 0.5510 0.0065 -0.8345
vn -0.9227 -0.0015 0.3855
vn 0.9953 -0.0035 -0.0973
vn -0.8773 0.0001 -0.4799
vn 0.6993 0.0053 0.7148
vn -0.1913 0.0103 -0.9815
vn -0.0969 0.0151 0.9952
vn -0.3774 0.0122 0.9260
vn 0.6299 0.0052 -0.7767
vn -0.9565 -0.0025 0.2916
vn 1.0000 -0.0037 0.0023
vn -0.8259 0.0014 -0.5638
vn 0.6259 0.0072 0.7799
vn -0.0956 0.0106 -0.9954
vn -0.4655 0.0106 0.8850
vn 0.7029 0.0038 -0.7113
vn -0.9808 -0.0032 0.1948
vn 0.9948 -0.0035 0.1022
vn -0.7666 0.0028 -0.6422
vn 0.5470 0.0091 0.8371
vn 0.0010 0.0107 -0.9999
vn -0.5495 0.0088 0.8354
vn 0.7693 0.0025 -0.6388
vn -0.9954 -0.0036 0.0961
vn 0.9797 -0.0031 0.2006
vn -0.6999 0.0042 -0.7142
vn -0.1007 -0.2817 0.9542
vn 0.3810 0.1717 -0.9085
vn -0.8330 -0.0900 0.5459
vn 0.0952 -0.1736 0.9802
vn 0.4695 0.1625 -0.8679
vn -0.8833 -0.0748 0.4629
vn -0.0027 -0.1734 0.9848
vn 0.5533 0.1518 -0.8190
vn -0.9249 -0.0588 0.3755
vn -0.1009 -0.1716 0.9800
vn 0.6321 0.1396 -0.7622
vn -0.9577 -0.0420 0.2846
vn 0.7048 0.1262 -0.6981
vn -0.9813 -0.0247 0.1909
vn 0.7710 0.1114 -0.6270
vn -0.9954 -0.0069 0.0955
vn 0.8299 0.0956 -0.5497
vn -0.9999 0.0110 -0.0011
vn 0.8808 0.0790 -0.4669
vn -0.9948 0.0291 -0.0973
vn 0.9230 0.0617 -0.3797
vn -0.9802 0.0469 -0.1926
vn 0.9565 0.0438 -0.2883
vn -0.9560 0.0645 -0.2861
vn 0.9806 0.0256 -0.1941
vn -0.9227 0.0815 -0.3768
vn 0.9952 0.0074 -0.0978
vn -0.8805 0.0979 -0.4638
vn 0.9999 -0.0108 -0.0006
vn -0.8297 0.1135 -0.5465
vn 0.9949 -0.0288 0.0968
vn -0.7709 0.1281 -0.6239
vn 0.9800 -0.0463 0.1933
vn -0.7049 0.1415 -0.6951
vn 0.9556 -0.0632 0.2879
vn -0.6320 0.1533 -0.7597
vn 0.9218 -0.0793 0.3795
vn -0.5529 0.1638 -0.8170
vn 0.8790 -0.0944 0.4673
vn -0.4686 0.1728 -0.8663
vn 0.8278 -0.1083 0.5504
vn -0.3799 0.1799 -0.9074
vn -0.1978 -0.1682 0.9657
vn 0.7688 -0.1212 0.6279
vn -0.2874 0.1855 -0.9397
vn -0.2929 -0.1634 0.9421
vn 0.7021 -0.1329 0.6995
vn -0.1920 0.1890 -0.9630
vn -0.3854 -0.1569 0.9093
vn 0.6291 -0.1431 0.7641
vn -0.0947 0.1907 -0.9771
vn -0.4739 -0.1490 0.8679
vn 0.5501 -0.1519 0.8212
vn 0.0016 0.1906 -0.9817
vn -0.5580 -0.1398 0.8180
vn 0.4660 -0.1592 0.8704
vn 0.0986 0.1886 -0.9771
vn -0.6366 -0.1292 0.7603
vn 0.3776 -0.1651 0.9111
vn 0.1951 0.1847 -0.9632
vn -0.7091 -0.1172 0.6953
vn 0.2860 -0.1695 0.9431
vn 0.2892 0.1790 -0.9404
vn -0.7748 -0.1042 0.6235
vn 0.8095 0.3237 -0.4899
vn 0.6249 0.2568 -0.7373
vn -0.9577 -0.0803 0.2762
vn 0.6980 0.2332 -0.6771
vn -0.9813 -0.0508 0.1856
vn 0.7649 0.2073 -0.6098
vn -0.9954 -0.0203 0.0936
vn 0.8246 0.1796 -0.5364
vn -0.9999 0.0111 0.0005
vn 0.8766 0.1500 -0.4573
vn -0.9948 0.0427 -0.0921
vn 0.9201 0.1192 -0.3731
vn -0.9801 0.0745 -0.1839
vn 0.9546 0.0873 -0.2849
vn -0.9560 0.1060 -0.2736
vn 0.9797 0.0547 -0.1930
vn -0.9226 0.1368 -0.3607
vn 0.9949 0.0220 -0.0987
vn -0.8804 0.1665 -0.4441
vn 0.9999 -0.0104 -0.0032
vn -0.8296 0.1950 -0.5232
vn 0.9948 -0.0421 0.0928
vn -0.7709 0.2216 -0.5972
vn 0.9794 -0.0731 0.1882
vn -0.7048 0.2462 -0.6654
vn 0.9541 -0.1025 0.2815
vn -0.6318 0.2687 -0.7270
vn 0.9190 -0.1302 0.3721
vn -0.5527 0.2885 -0.7819
vn 0.8748 -0.1561 0.4587
vn -0.4685 0.3053 -0.8290
vn 0.8221 -0.1797 0.5403
vn -0.3797 0.3193 -0.8683
vn -0.1975 -0.2775 0.9402
vn 0.7612 -0.2009 0.6166
vn -0.2871 0.3300 -0.8993
vn -0.2927 -0.2709 0.9170
vn 0.6938 -0.2195 0.6859
vn -0.1919 0.3374 -0.9216
vn -0.3851 -0.2621 0.8849
vn 0.6198 -0.2358 0.7485
vn -0.0948 0.3415 -0.9351
vn -0.4735 -0.2508 0.8443
vn 0.5406 -0.2496 0.8034
vn 0.0007 0.3420 -0.9397
vn -0.5577 -0.2372 0.7954
vn 0.4570 -0.2610 0.8503
vn 0.0960 0.3392 -0.9358
vn -0.6365 -0.2212 0.7389
vn 0.3697 -0.2699 0.8891
vn 0.1910 0.3332 -0.9233
vn -0.7088 -0.2029 0.6756
vn 0.2796 -0.2765 0.9194
vn 0.2841 0.3240 -0.9024
vn -0.7748 -0.1823 0.6054
vn 0.1875 -0.2810 0.9412
vn 0.3748 0.3117 -0.8732
vn -0.8329 -0.1596 0.5299
vn 0.0942 -0.2834 0.9544
vn 0.4626 0.2962 -0.8356
vn -0.8833 -0.1349 0.4491
vn -0.0024 -0.2838 0.9589
vn 0.5461 0.2778 -0.7903
vn -0.9249 -0.1084 0.3643
vn 0.9518 0.2524 -0.1743
vn -0.9999 0.0106 0.0031
vn 0.8644 0.2738 -0.4217
vn -0.9948 0.0640 -0.0788
vn 0.9113 0.2208 -0.3475
vn -0.9801 0.1183 -0.1594
vn 0.9490 0.1654 -0.2684
vn -0.9559 0.1719 -0.2380
vn 0.9769 0.1080 -0.1845
vn -0.9225 0.2245 -0.3140
vn 0.9940 0.0497 -0.0971
vn -0.8803 0.2753 -0.3865
vn 0.9999 -0.0082 -0.0073
vn -0.8294 0.3240 -0.4551
vn 0.9943 -0.0655 0.0840
vn -0.7708 0.3696 -0.5189
vn 0.9770 -0.1211 0.1753
vn -0.7044 0.4122 -0.5778
vn 0.9485 -0.1735 0.2649
vn -0.6315 0.4508 -0.6309
vn 0.9092 -0.2226 0.3519
vn -0.5522 0.4852 -0.6780
vn 0.8600 -0.2674 0.4346
vn -0.4681 0.5143 -0.7186
vn 0.8021 -0.3075 0.5120
vn -0.3791 0.5387 -0.7523
vn -0.1966 -0.4576 0.8671
vn 0.7369 -0.3423 0.5830
vn -0.2867 0.5577 -0.7790
vn -0.2914 -0.4483 0.8450
vn 0.6655 -0.3720 0.6471
vn -0.1914 0.5711 -0.7983
vn -0.3837 -0.4354 0.8144
vn 0.5892 -0.3971 0.7037
vn -0.0942 0.5787 -0.8101
vn -0.4724 -0.4188 0.7756
vn 0.5096 -0.4175 0.7524
vn -0.0012 0.5804 -0.8143
vn -0.5567 -0.3978 0.7293
vn 0.4277 -0.4336 0.7931
vn 0.0901 0.5769 -0.8118
vn -0.6355 -0.3729 0.6761
vn 0.3438 -0.4459 0.8264
vn 0.1810 0.5683 -0.8027
vn -0.7084 -0.3441 0.6163
vn 0.2590 -0.4548 0.8521
vn 0.2705 0.5547 -0.7869
vn -0.7744 -0.3109 0.5511
vn 0.1738 -0.4611 0.8702
vn 0.3586 0.5358 -0.7644
vn -0.8326 -0.2743 0.4812
vn 0.0883 -0.4644 0.8812
vn 0.4437 0.5124 -0.7353
vn -0.8830 -0.2338 0.4069
vn -0.0021 -0.4655 0.8851
vn 0.5262 0.4834 -0.6996
vn -0.9249 -0.1898 0.3296
vn -0.0997 -0.4632 0.8806
vn 0.6047 0.4503 -0.6569
vn -0.9577 -0.1431 0.2497
vn 0.6787 0.4121 -0.6079
vn -0.9813 -0.0935 0.1682
vn 0.7474 0.3697 -0.5520
vn -0.9954 -0.0424 0.0858
vn 0.9999 -0.0030 -0.0104
vn -0.9560 0.2527 -0.1491
vn 0.9783 0.1679 -0.1214
vn -0.9226 0.3310 -0.1981
vn 0.9944 0.0817 -0.0663
vn -0.8804 0.4062 -0.2448
vn 0.9999 -0.0055 -0.0094
vn -0.8295 0.4779 -0.2889
vn 0.9946 -0.0921 0.0482
vn -0.7709 0.5449 -0.3299
vn 0.9783 -0.1778 0.1060
vn -0.7048 0.6065 -0.3678
vn 0.9516 -0.2605 0.1632
vn -0.6316 0.6630 -0.4019
vn 0.9146 -0.3399 0.2191
vn -0.5526 0.7127 -0.4322
vn 0.8683 -0.4143 0.2728
vn -0.4683 0.7554 -0.4584
vn 0.8133 -0.4834 0.3238
vn -0.3794 0.7909 -0.4802
vn -0.1974 -0.7936 0.5755
vn 0.7507 -0.5464 0.3712
vn -0.2868 0.8186 -0.4976
vn -0.2924 -0.7745 0.5609
vn 0.6818 -0.6026 0.4148
vn -0.1917 0.8383 -0.5104
vn -0.3847 -0.7482 0.5406
vn 0.6068 -0.6525 0.4538
vn -0.0947 0.8499 -0.5184
vn -0.4733 -0.7147 0.5149
vn 0.5276 -0.6953 0.4881
vn -0.0005 0.8532 -0.5215
vn -0.5575 -0.6742 0.4844
vn 0.4448 -0.7309 0.5176
vn 0.0928 0.8489 -0.5204
vn -0.6362 -0.6274 0.4490
vn 0.3590 -0.7599 0.5419
vn 0.1855 0.8370 -0.5149
vn -0.7090 -0.5742 0.4095
vn 0.2714 -0.7819 0.5612
vn 0.2766 0.8175 -0.5051
vn -0.7747 -0.5153 0.3665
vn 0.1823 -0.7976 0.5750
vn 0.3659 0.7908 -0.4907
vn -0.8327 -0.4516 0.3203
vn 0.0920 -0.8068 0.5836
vn 0.4522 0.7568 -0.4720
vn -0.8831 -0.3827 0.2714
vn -0.0026 -0.8097 0.5868
vn 0.5353 0.7153 -0.4493
vn -0.9249 -0.3097 0.2205
vn -0.1004 -0.8053 0.5844
vn 0.6140 0.6671 -0.4220
vn -0.9577 -0.2335 0.1681
vn 0.6878 0.6119 -0.3904
vn -0.9813 -0.1544 0.1148
vn 0.7557 0.5505 -0.3548
vn -0.9954 -0.0735 0.0611
vn 0.8166 0.4835 -0.3151
vn -0.9999 0.0085 0.0072
vn 0.8703 0.4109 -0.2715
vn -0.9948 0.0904 -0.0460
vn 0.9156 0.3336 -0.2245
vn -0.9801 0.1724 -0.0982
vn 0.9560 -0.2933 -0.0053
vn -0.8296 0.5460 -0.1169
vn 0.9948 -0.1007 0.0134
vn -0.7709 0.6226 -0.1346
vn 0.9796 -0.1976 0.0372
vn -0.7049 0.6931 -0.1509
vn 0.9544 -0.2922 0.0611
vn -0.6318 0.7572 -0.1657
vn 0.9198 -0.3831 0.0844
vn -0.5529 0.8138 -0.1789
vn 0.8761 -0.4702 0.1071
vn -0.4686 0.8626 -0.1905
vn 0.8237 -0.5522 0.1288
vn -0.3797 0.9032 -0.2002
vn -0.1979 -0.9488 0.2464
vn 0.7638 -0.6279 0.1494
vn -0.2871 0.9350 -0.2081
vn -0.2929 -0.9253 0.2407
vn 0.6966 -0.6974 0.1686
vn -0.1921 0.9577 -0.2141
vn -0.3852 -0.8930 0.2328
vn 0.6228 -0.7599 0.1861
vn -0.0950 0.9713 -0.2181
vn -0.4737 -0.8521 0.2225
vn 0.5438 -0.8146 0.2017
vn 0.0031 0.9755 -0.2202
vn -0.5579 -0.8029 0.2100
vn 0.4602 -0.8613 0.2154
vn 0.0965 0.9707 -0.2202
vn -0.6365 -0.7461 0.1955
vn 0.3726 -0.8999 0.2268
vn 0.1914 0.9569 -0.2184
vn -0.7091 -0.6820 0.1792
vn 0.2821 -0.9299 0.2362
vn 0.2848 0.9342 -0.2147
vn -0.7749 -0.6111 0.1613
vn 0.1892 -0.9514 0.2431
vn 0.3758 0.9028 -0.2090
vn -0.8329 -0.5349 0.1419
vn 0.0949 -0.9642 0.2477
vn 0.4633 0.8631 -0.2013
vn -0.8833 -0.4529 0.1214
vn -0.0028 -0.9683 0.2498
vn 0.5471 0.8148 -0.1920
vn -0.9250 -0.3666 0.1000
vn -0.1007 -0.9632 0.2494
vn 0.6260 0.7587 -0.1806
vn -0.9577 -0.2769 0.0780
vn 0.6990 0.6952 -0.1676
vn -0.9813 -0.1842 0.0553
vn 0.7659 0.6245 -0.1527
vn -0.9954 -0.0899 0.0325
vn 0.8255 0.5477 -0.1362
vn -0.9999 0.0054 0.0097
vn 0.8773 0.4652 -0.1182
vn -0.9948 0.1006 -0.0130
vn 0.9206 0.3777 -0.0988
vn -0.9801 0.1953 -0.0353
vn 0.9550 0.2863 -0.0781
vn -0.9560 0.2878 -0.0570
vn 0.9799 0.1914 -0.0563
vn -0.9226 0.3777 -0.0780
vn 0.9949 0.0948 -0.0336
vn -0.8804 0.4640 -0.0980
vn 0.8283 -0.5560 0.0689
vn -0.6321 0.7749 0.0004
vn 0.9226 -0.3858 -0.0046
vn -0.5533 0.8330 -0.0005
vn 0.8806 -0.4739 -0.0038
vn -0.4687 0.8833 -0.0014
vn 0.8298 -0.5580 -0.0030
vn -0.3800 0.9250 -0.0022
vn -0.1981 -0.9802 0.0067
vn 0.7711 -0.6367 -0.0021
vn -0.2871 0.9579 -0.0031
vn -0.2931 -0.9561 0.0072
vn 0.7050 -0.7092 -0.0013
vn -0.1923 0.9813 -0.0039
vn -0.3855 -0.9227 0.0077
vn 0.6318 -0.7751 -0.0004
vn -0.0951 0.9955 -0.0046
vn -0.4742 -0.8804 0.0081
vn 0.5531 -0.8331 0.0005
vn 0.0030 1.0000 -0.0054
vn -0.5580 -0.8298 0.0084
vn 0.4689 -0.8833 0.0014
vn 0.1010 0.9949 -0.0060
vn -0.6366 -0.7711 0.0087
vn 0.3798 -0.9250 0.0022
vn 0.1981 0.9802 -0.0067
vn -0.7092 -0.7050 0.0089
vn 0.2874 -0.9578 0.0031
vn 0.2931 0.9561 -0.0072
vn -0.7750 -0.6319 0.0089
vn 0.1922 -0.9814 0.0039
vn 0.3854 0.9227 -0.0077
vn -0.8329 -0.5533 0.0089
vn 0.0950 -0.9955 0.0046
vn 0.4742 0.8804 -0.0081
vn -0.8832 -0.4689 0.0089
vn -0.0031 -1.0000 0.0054
vn 0.5580 0.8298 -0.0084
vn -0.9250 -0.3798 0.0087
vn -0.1010 -0.9949 0.0060
vn 0.6368 0.7710 -0.0087
vn -0.9579 -0.2871 0.0084
vn 0.7090 0.7051 -0.0089
vn -0.9813 -0.1923 0.0081
vn 0.7749 0.6320 -0.0089
vn -0.9955 -0.0949 0.0077
vn 0.8332 0.5529 -0.0089
vn -1.0000 0.0031 0.0072
vn 0.8834 0.4685 -0.0089
vn -0.9949 0.1011 0.0066
vn 0.9249 0.3801 -0.0087
vn -0.9802 0.1979 0.0060
vn 0.9578 0.2873 -0.0084
vn -0.9562 0.2928 0.0053
vn 0.9813 0.1924 -0.0081
vn -0.9228 0.3851 0.0046
vn 0.9954 0.0951 -0.0077
vn -0.8804 0.4742 0.0038
vn 1.0000 -0.0029 -0.0072
vn -0.8297 0.5582 0.0030
vn 0.9948 -0.1014 -0.0066
vn -0.7710 0.6368 0.0021
vn 0.9802 -0.1979 -0.0060
vn -0.7047 0.7095 0.0013
vn -0.3680 -0.8858 0.2827
vn -0.3782 0.9231 0.0701
vn -0.1967 -0.9769 0.0833
vn 0.7698 -0.6344 0.0702
vn -0.2857 0.9559 0.0688
vn -0.2915 -0.9529 0.0841
vn 0.7038 -0.7068 0.0715
vn -0.1909 0.9793 0.0676
vn -0.3837 -0.9196 0.0848
vn 0.6310 -0.7724 0.0728
vn -0.0940 0.9934 0.0665
vn -0.4719 -0.8775 0.0854
vn 0.5525 -0.8302 0.0741
vn 0.0038 0.9979 0.0654
vn -0.5557 -0.8269 0.0859
vn 0.4683 -0.8803 0.0754
vn 0.1015 0.9927 0.0644
vn -0.6341 -0.7684 0.0863
vn 0.3796 -0.9220 0.0766
vn 0.1983 0.9781 0.0635
vn -0.7065 -0.7024 0.0865
vn 0.2875 -0.9546 0.0779
vn 0.2930 0.9540 0.0626
vn -0.7721 -0.6296 0.0867
vn 0.1925 -0.9781 0.0791
vn 0.3853 0.9207 0.0619
vn -0.8302 -0.5508 0.0867
vn 0.0955 -0.9922 0.0802
vn 0.4734 0.8787 0.0613
vn -0.8801 -0.4668 0.0865
vn -0.0023 -0.9967 0.0813
vn 0.5574 0.8280 0.0608
vn -0.9217 -0.3782 0.0863
vn -0.0999 -0.9916 0.0824
vn 0.6359 0.7694 0.0604
vn -0.9545 -0.2857 0.0859
vn 0.7080 0.7037 0.0602
vn -0.9779 -0.1910 0.0854
vn 0.7735 0.6310 0.0601
vn -0.9919 -0.0941 0.0848
vn 0.8317 0.5519 0.0601
vn -0.9965 0.0038 0.0840
vn 0.8817 0.4679 0.0602
vn -0.9914 0.1014 0.0832
vn 0.9232 0.3794 0.0605
vn -0.9767 0.1983 0.0822
vn 0.9559 0.2873 0.0608
vn -0.9526 0.2932 0.0813
vn 0.9794 0.1922 0.0613
vn -0.9193 0.3852 0.0802
vn 0.9935 0.0953 0.0620
vn -0.8774 0.4733 0.0790
vn 0.9980 -0.0028 0.0627
vn -0.8266 0.5574 0.0778
vn 0.9929 -0.1002 0.0635
vn -0.7681 0.6358 0.0765
vn 0.9783 -0.1970 0.0645
vn -0.7023 0.7079 0.0753
vn 0.9543 -0.2915 0.0655
vn -0.6298 0.7732 0.0740
vn 0.9210 -0.3838 0.0666
vn -0.5509 0.8314 0.0727
vn 0.8788 -0.4723 0.0677
vn -0.4667 0.8816 0.0714
vn 0.0107 0.0080 0.9999
vn 0.6126 -0.7450 0.2641
vn -0.0889 0.9630 0.2542
vn -0.4531 -0.8451 0.2837
vn 0.5361 -0.8012 0.2660
vn 0.0058 0.9676 0.2526
vn -0.5339 -0.7963 0.2844
vn 0.4548 -0.8493 0.2682
vn 0.1003 0.9628 0.2510
vn -0.6097 -0.7395 0.2851
vn 0.3689 -0.8893 0.2701
vn 0.1941 0.9487 0.2494
vn -0.6794 -0.6759 0.2855
vn 0.2800 -0.9206 0.2721
vn 0.2858 0.9256 0.2482
vn -0.7425 -0.6059 0.2856
vn 0.1881 -0.9432 0.2740
vn 0.3751 0.8935 0.2470
vn -0.7987 -0.5297 0.2857
vn 0.0943 -0.9566 0.2757
vn 0.4607 0.8527 0.2461
vn -0.8468 -0.4489 0.2854
vn -0.0001 -0.9608 0.2773
vn 0.5419 0.8038 0.2454
vn -0.8870 -0.3634 0.2850
vn -0.0943 -0.9557 0.2790
vn 0.6182 0.7470 0.2448
vn -0.9185 -0.2746 0.2844
vn 0.6880 0.6833 0.2443
vn -0.9414 -0.1825 0.2837
vn 0.7516 0.6127 0.2442
vn -0.9551 -0.0890 0.2827
vn 0.8078 0.5365 0.2442
vn -0.9595 0.0054 0.2815
vn 0.8563 0.4549 0.2444
vn -0.9547 0.0996 0.2803
vn 0.8966 0.3692 0.2447
vn -0.9408 0.1929 0.2789
vn 0.9283 0.2794 0.2454
vn -0.9176 0.2848 0.2772
vn 0.9508 0.1878 0.2463
vn -0.8858 0.3734 0.2755
vn 0.9645 0.0936 0.2471
vn -0.8453 0.4588 0.2737
vn 0.9687 -0.0009 0.2483
vn -0.7967 0.5398 0.2719
vn 0.9637 -0.0952 0.2496
vn -0.7403 0.6157 0.2700
vn 0.9493 -0.1893 0.2511
vn -0.6769 0.6856 0.2680
vn 0.9259 -0.2809 0.2526
vn -0.6065 0.7493 0.2659
vn 0.8936 -0.3699 0.2544
vn -0.5304 0.8057 0.2638
vn 0.8524 -0.4558 0.2561
vn -0.4494 0.8541 0.2618
vn 0.8036 -0.5363 0.2580
vn -0.3640 0.8944 0.2600
vn -0.1877 -0.9414 0.2803
vn 0.7468 -0.6121 0.2600
vn -0.2745 0.9264 0.2579
vn -0.2791 -0.9180 0.2816
vn 0.6830 -0.6818 0.2620
vn -0.1829 0.9492 0.2560
vn -0.2430 0.0000 0.9700
vn -0.3370 0.0000 0.9415
vn -0.5142 0.0000 0.8576
vn -0.6716 0.0000 0.7409
vn -0.7410 0.0000 0.6715
vn -0.8577 0.0000 0.5142
vn -0.9040 0.0000 0.4276
vn -0.9415 0.0000 0.3370
vn -0.9700 0.0000 0.2430
vn -0.9700 0.0000 -0.2429
vn -0.9415 0.0000 -0.3369
vn -0.9040 0.0000 -0.4276
vn -0.8577 0.0000 -0.5141
vn -0.7410 0.0000 -0.6716
vn -0.6715 0.0000 -0.7410
vn -0.5141 0.0000 -0.8577
vn -0.3368 0.0000 -0.9416
vn -0.2429 0.0000 -0.9701
vn 0.2430 0.0000 -0.9700
vn 0.3370 0.0000 -0.9415
vn 0.5142 0.0000 -0.8576
vn 0.6716 0.0000 -0.7409
vn 0.7410 0.0000 -0.6715
vn 0.8577 0.0000 -0.5142
vn 0.9040 0.0000 -0.4275
vn 0.9415 0.0000 -0.3370
vn 0.9700 0.0000 -0.2430
vn 0.9700 0.0000 0.2429
vn 0.9415 0.0000 0.3369
vn 0.9040 0.0000 0.4275
vn 0.8577 0.0000 0.5141
vn 0.7410 0.0000 0.6716
vn 0.6715 0.0000 0.7410
vn 0.5141 0.0000 0.8577
vn 0.3368 0.0000 0.9416
vn 0.2429 0.0000 0.9701
vn 0.5956 0.0186 0.8031
vn 0.0000 -1.0000 0.0001
vn 0.0000 -1.0000 -0.0002
vn 0.0000 -1.0000 0.0002
vn 0.0000 -1.0000 -0.0001
vn 0.1923 -0.1724 0.9661
vn -0.0490 0.0168 -0.9987
vn -0.5143 0.0161 0.8575
vn 0.7409 0.0084 -0.6715
vn -0.9892 0.0036 0.1467
vn 0.9892 0.0049 0.1467
vn -0.7410 0.0112 -0.6714
vn 0.5141 0.0203 0.8575
vn 0.0491 0.0166 -0.9987
vn -0.5956 0.0141 0.8032
vn 0.8032 0.0072 -0.5957
vn -0.9988 0.0036 0.0491
vn 0.9700 0.0060 0.2430
vn -0.6714 0.0124 -0.7410
vn 0.4275 0.0218 0.9038
vn 0.1466 0.0161 -0.9891
vn -0.6715 0.0121 0.7409
vn 0.8577 0.0060 -0.5141
vn -0.9988 0.0039 -0.0491
vn 0.9415 0.0073 0.3370
vn -0.5955 0.0136 -0.8033
vn 0.3369 0.0229 0.9413
vn 0.2432 0.0154 -0.9699
vn -0.7410 0.0102 0.6714
vn 0.9039 0.0051 -0.4277
vn -0.9892 0.0044 -0.1467
vn 0.9040 0.0089 0.4275
vn -0.0491 0.0235 0.9985
vn -0.5142 0.0146 -0.8575
vn 0.2430 0.0237 0.9697
vn 0.3368 0.0145 -0.9415
vn -0.8032 0.0084 0.5956
vn 0.9415 0.0043 -0.3369
vn -0.9700 0.0052 -0.2430
vn 0.8576 0.0108 0.5142
vn -0.4276 0.0155 -0.9039
vn 0.1467 0.0240 0.9889
vn -0.1467 0.0226 0.9889
vn 0.4275 0.0135 -0.9039
vn -0.8577 0.0069 0.5141
vn 0.9700 0.0038 -0.2429
vn -0.9415 0.0062 -0.3369
vn 0.8031 0.0127 0.5957
vn -0.3368 0.0162 -0.9414
vn 0.0491 0.0240 0.9985
vn -0.2429 0.0213 0.9698
vn 0.5140 0.0123 -0.8577
vn -0.9040 0.0056 0.4275
vn 0.9892 0.0036 -0.1467
vn -0.9040 0.0074 -0.4275
vn 0.7409 0.0147 0.6715
vn -0.2429 0.0166 -0.9699
vn -0.3368 0.0198 0.9414
vn 0.5956 0.0110 -0.8032
vn -0.9415 0.0046 0.3369
vn 0.9988 0.0038 -0.0491
vn -0.8576 0.0086 -0.5142
vn 0.6714 0.0167 0.7409
vn -0.1465 0.0169 -0.9891
vn -0.4274 0.0180 0.9039
vn 0.6714 0.0097 -0.7410
vn -0.9700 0.0040 0.2430
vn 0.9988 0.0042 0.0491
vn -0.8032 0.0099 -0.5957
vn -0.0941 -0.2812 0.9550
vn 0.3855 0.1716 -0.9066
vn -0.8294 -0.0904 0.5513
vn 0.0954 -0.1736 0.9802
vn 0.4740 0.1623 -0.8654
vn -0.8805 -0.0752 0.4681
vn -0.0014 -0.1732 0.9849
vn 0.5580 0.1516 -0.8159
vn -0.9230 -0.0592 0.3803
vn -0.0983 -0.1714 0.9803
vn 0.6367 0.1393 -0.7584
vn -0.9565 -0.0424 0.2887
vn 0.7092 0.1258 -0.6937
vn -0.9806 -0.0250 0.1943
vn 0.7749 0.1109 -0.6223
vn -0.9952 -0.0072 0.0979
vn 0.8331 0.0951 -0.5449
vn -0.9999 0.0109 0.0004
vn 0.8833 0.0785 -0.4622
vn -0.9949 0.0290 -0.0968
vn 0.9250 0.0612 -0.3751
vn -0.9801 0.0469 -0.1930
vn 0.9578 0.0433 -0.2842
vn -0.9556 0.0647 -0.2874
vn 0.9813 0.0253 -0.1909
vn -0.9219 0.0818 -0.3787
vn 0.9954 0.0070 -0.0953
vn -0.8792 0.0983 -0.4663
vn 0.9999 -0.0110 0.0009
vn -0.8281 0.1137 -0.5489
vn 0.9948 -0.0289 0.0975
vn -0.7692 0.1282 -0.6261
vn 0.9802 -0.0463 0.1928
vn -0.7027 0.1414 -0.6973
vn 0.9560 -0.0631 0.2864
vn -0.6297 0.1534 -0.7615
vn 0.9227 -0.0790 0.3773
vn -0.5507 0.1639 -0.8184
vn 0.8805 -0.0941 0.4645
vn -0.4669 0.1728 -0.8673
vn 0.8299 -0.1082 0.5474
vn -0.3783 0.1799 -0.9080
vn -0.1943 -0.1680 0.9664
vn 0.7710 -0.1212 0.6253
vn -0.2864 0.1854 -0.9400
vn -0.2885 -0.1632 0.9435
vn 0.7050 -0.1327 0.6966
vn -0.1919 0.1890 -0.9630
vn -0.3802 -0.1568 0.9115
vn 0.6321 -0.1430 0.7616
vn -0.0957 0.1908 -0.9769
vn -0.4683 -0.1491 0.8709
vn 0.5532 -0.1520 0.8191
vn 0.0030 0.1907 -0.9816
vn -0.5525 -0.1399 0.8217
vn 0.4688 -0.1594 0.8688
vn 0.1011 0.1887 -0.9768
vn -0.6310 -0.1294 0.7649
vn 0.3801 -0.1653 0.9101
vn 0.1980 0.1848 -0.9626
vn -0.7041 -0.1176 0.7003
vn 0.2876 -0.1696 0.9426
vn 0.2932 0.1790 -0.9391
vn -0.7705 -0.1045 0.6288
vn 0.8331 0.3064 -0.4605
vn 0.6368 0.2546 -0.7278
vn -0.9542 -0.0828 0.2875
vn 0.7092 0.2306 -0.6662
vn -0.9795 -0.0528 0.1942
vn 0.7749 0.2045 -0.5981
vn -0.9948 -0.0217 0.0991
vn 0.8331 0.1765 -0.5241
vn -0.9999 0.0104 0.0030
vn 0.8833 0.1470 -0.4451
vn -0.9948 0.0427 -0.0925
vn 0.9249 0.1163 -0.3619
vn -0.9795 0.0752 -0.1868
vn 0.9578 0.0848 -0.2747
vn -0.9544 0.1071 -0.2787
vn 0.9813 0.0528 -0.1850
vn -0.9198 0.1383 -0.3673
vn 0.9954 0.0209 -0.0933
vn -0.8761 0.1684 -0.4518
vn 0.9999 -0.0109 -0.0006
vn -0.8239 0.1969 -0.5314
vn 0.9948 -0.0420 0.0923
vn -0.7643 0.2234 -0.6050
vn 0.9802 -0.0724 0.1845
vn -0.6974 0.2479 -0.6724
vn 0.9560 -0.1013 0.2753
vn -0.6240 0.2700 -0.7333
vn 0.9227 -0.1287 0.3634
vn -0.5454 0.2893 -0.7867
vn 0.8805 -0.1542 0.4483
vn -0.4617 0.3059 -0.8326
vn 0.8298 -0.1777 0.5290
vn -0.3740 0.3196 -0.8706
vn -0.1874 -0.2770 0.9424
vn 0.7712 -0.1991 0.6047
vn -0.2830 0.3300 -0.9005
vn -0.2795 -0.2706 0.9212
vn 0.7050 -0.2182 0.6748
vn -0.1899 0.3374 -0.9220
vn -0.3695 -0.2622 0.8915
vn 0.6322 -0.2349 0.7384
vn -0.0951 0.3415 -0.9351
vn -0.4570 -0.2514 0.8532
vn 0.5531 -0.2490 0.7950
vn 0.0032 0.3421 -0.9396
vn -0.5406 -0.2384 0.8068
vn 0.4690 -0.2607 0.8439
vn 0.1013 0.3394 -0.9352
vn -0.6197 -0.2231 0.7525
vn 0.3801 -0.2701 0.8847
vn 0.1984 0.3332 -0.9217
vn -0.6937 -0.2053 0.6904
vn 0.2878 -0.2769 0.9168
vn 0.2931 0.3236 -0.8996
vn -0.7615 -0.1852 0.6211
vn 0.1924 -0.2815 0.9401
vn 0.3856 0.3109 -0.8687
vn -0.8220 -0.1629 0.5457
vn 0.0955 -0.2835 0.9542
vn 0.4743 0.2949 -0.8295
vn -0.8749 -0.1381 0.4641
vn 0.0003 -0.2835 0.9590
vn 0.5580 0.2762 -0.7825
vn -0.9192 -0.1113 0.3778
vn 0.9578 0.2368 -0.1631
vn -0.9999 0.0085 0.0071
vn 0.8834 0.2565 -0.3923
vn -0.9944 0.0664 -0.0827
vn 0.9250 0.2047 -0.3200
vn -0.9775 0.1244 -0.1702
vn 0.9578 0.1515 -0.2444
vn -0.9500 0.1809 -0.2543
vn 0.9813 0.0974 -0.1658
vn -0.9125 0.2359 -0.3342
vn 0.9954 0.0433 -0.0851
vn -0.8660 0.2881 -0.4088
vn 0.9999 -0.0105 -0.0033
vn -0.8110 0.3373 -0.4780
vn 0.9948 -0.0632 0.0794
vn -0.7490 0.3825 -0.5410
vn 0.9802 -0.1141 0.1621
vn -0.6805 0.4238 -0.5977
vn 0.9560 -0.1631 0.2437
vn -0.6068 0.4605 -0.6479
vn 0.9227 -0.2091 0.3239
vn -0.5284 0.4924 -0.6917
vn 0.8806 -0.2518 0.4015
vn -0.4462 0.5197 -0.7286
vn 0.8299 -0.2913 0.4759
vn -0.3605 0.5422 -0.7590
vn -0.1688 -0.4581 0.8727
vn 0.7710 -0.3267 0.5466
vn -0.2727 0.5594 -0.7828
vn -0.2543 -0.4505 0.8558
vn 0.7049 -0.3584 0.6121
vn -0.1833 0.5716 -0.7998
vn -0.3391 -0.4404 0.8313
vn 0.6318 -0.3859 0.6723
vn -0.0926 0.5787 -0.8103
vn -0.4233 -0.4266 0.7993
vn 0.5529 -0.4090 0.7259
vn 0.0035 0.5806 -0.8142
vn -0.5056 -0.4092 0.7596
vn 0.4684 -0.4278 0.7730
vn 0.1015 0.5767 -0.8107
vn -0.5856 -0.3879 0.7118
vn 0.3797 -0.4428 0.8123
vn 0.1984 0.5671 -0.7994
vn -0.6623 -0.3615 0.6563
vn 0.2874 -0.4539 0.8434
vn 0.2933 0.5517 -0.7808
vn -0.7339 -0.3306 0.5934
vn 0.1924 -0.4611 0.8662
vn 0.3855 0.5308 -0.7548
vn -0.7996 -0.2946 0.5233
vn 0.0957 -0.4647 0.8803
vn 0.4742 0.5043 -0.7217
vn -0.8581 -0.2533 0.4467
vn 0.0026 -0.4652 0.8852
vn 0.5582 0.4731 -0.6817
vn -0.9076 -0.2079 0.3647
vn -0.0831 -0.4627 0.8826
vn 0.6368 0.4373 -0.6350
vn -0.9473 -0.1582 0.2784
vn 0.7092 0.3972 -0.5825
vn -0.9763 -0.1049 0.1892
vn 0.7749 0.3534 -0.5241
vn -0.9939 -0.0493 0.0984
vn 0.9999 -0.0058 -0.0096
vn -0.9522 0.2625 -0.1562
vn 0.9813 0.1559 -0.1125
vn -0.9161 0.3434 -0.2071
vn 0.9954 0.0741 -0.0604
vn -0.8709 0.4201 -0.2549
vn -0.8173 0.4923 -0.2994
vn 0.9949 -0.0899 0.0466
vn -0.7564 0.5587 -0.3403
vn 0.9801 -0.1708 0.1008
vn -0.6885 0.6195 -0.3771
vn 0.9561 -0.2492 0.1544
vn -0.6148 0.6737 -0.4101
vn 0.9227 -0.3250 0.2073
vn -0.5364 0.7209 -0.4389
vn 0.8806 -0.3970 0.2588
vn -0.4532 0.7614 -0.4634
vn 0.8298 -0.4651 0.3084
vn -0.3669 0.7947 -0.4836
vn -0.1796 -0.7956 0.5786
vn 0.7712 -0.5280 0.3555
vn -0.2776 0.8206 -0.4996
vn -0.2688 -0.7791 0.5663
vn 0.7051 -0.5858 0.3996
vn -0.1864 0.8390 -0.5111
vn -0.3567 -0.7560 0.5488
vn 0.6321 -0.6378 0.4401
vn -0.0938 0.8500 -0.5184
vn -0.4426 -0.7262 0.5261
vn 0.5533 -0.6832 0.4766
vn 0.0034 0.8533 -0.5215
vn -0.5257 -0.6895 0.4982
vn 0.4688 -0.7221 0.5087
vn 0.1012 0.8483 -0.5197
vn -0.6050 -0.6462 0.4651
vn 0.3801 -0.7541 0.5356
vn 0.1983 0.8351 -0.5131
vn -0.6800 -0.5956 0.4275
vn 0.2876 -0.7790 0.5572
vn 0.2932 0.8138 -0.5017
vn -0.7493 -0.5387 0.3851
vn 0.1923 -0.7967 0.5730
vn 0.3856 0.7845 -0.4857
vn -0.8122 -0.4749 0.3389
vn 0.0953 -0.8068 0.5830
vn 0.4743 0.7474 -0.4653
vn -0.8674 -0.4051 0.2891
vn 0.0014 -0.8096 0.5870
vn 0.5582 0.7032 -0.4404
vn -0.9139 -0.3300 0.2363
vn -0.0892 -0.8058 0.5854
vn 0.6368 0.6522 -0.4112
vn -0.9510 -0.2505 0.1812
vn 0.7093 0.5949 -0.3781
vn -0.9780 -0.1671 0.1245
vn 0.7748 0.5321 -0.3413
vn -0.9944 -0.0819 0.0669
vn 0.8331 0.4640 -0.3011
vn -0.9999 0.0053 0.0095
vn 0.8834 0.3914 -0.2577
vn -0.9946 0.0923 -0.0474
vn 0.9251 0.3154 -0.2116
vn -0.9785 0.1786 -0.1029
vn -0.8247 0.5529 -0.1191
vn 0.9949 -0.1005 0.0133
vn -0.7651 0.6292 -0.1368
vn 0.9801 -0.1950 0.0364
vn -0.6981 0.6994 -0.1530
vn 0.9561 -0.2869 0.0595
vn -0.6249 0.7625 -0.1675
vn 0.9227 -0.3767 0.0823
vn -0.5459 0.8182 -0.1805
vn 0.8805 -0.4623 0.1045
vn -0.4623 0.8658 -0.1917
vn 0.8297 -0.5438 0.1260
vn -0.3746 0.9051 -0.2011
vn -0.1898 -0.9502 0.2471
vn 0.7712 -0.6195 0.1465
vn -0.2835 0.9360 -0.2087
vn -0.2827 -0.9282 0.2421
vn 0.7049 -0.6897 0.1656
vn -0.1902 0.9581 -0.2142
vn -0.3732 -0.8976 0.2347
vn 0.6320 -0.7529 0.1834
vn -0.0952 0.9713 -0.2181
vn -0.4609 -0.8584 0.2250
vn 0.5534 -0.8087 0.1995
vn 0.0007 0.9755 -0.2200
vn -0.5446 -0.8112 0.2130
vn 0.4689 -0.8570 0.2136
vn 0.1011 0.9703 -0.2200
vn -0.6236 -0.7560 0.1989
vn 0.3800 -0.8971 0.2256
vn 0.1982 0.9557 -0.2178
vn -0.6971 -0.6932 0.1830
vn 0.2876 -0.9284 0.2354
vn 0.2932 0.9319 -0.2137
vn -0.7641 -0.6236 0.1652
vn 0.1923 -0.9508 0.2428
vn 0.3855 0.8990 -0.2076
vn -0.8242 -0.5471 0.1459
vn 0.0953 -0.9642 0.2476
vn 0.4741 0.8575 -0.1997
vn -0.8765 -0.4648 0.1252
vn -0.0004 -0.9683 0.2499
vn 0.5581 0.8078 -0.1898
vn -0.9202 -0.3775 0.1034
vn -0.0955 -0.9636 0.2498
vn 0.6366 0.7504 -0.1780
vn -0.9547 -0.2862 0.0807
vn 0.7093 0.6854 -0.1646
vn -0.9798 -0.1914 0.0575
vn 0.7747 0.6144 -0.1496
vn -0.9949 -0.0949 0.0340
vn 0.8330 0.5371 -0.1330
vn -0.9999 0.0032 0.0103
vn 0.8833 0.4544 -0.1151
vn -0.9948 0.1007 -0.0130
vn 0.9250 0.3676 -0.0958
vn -0.9796 0.1977 -0.0360
vn 0.9577 0.2776 -0.0755
vn -0.9547 0.2919 -0.0583
vn 0.9814 0.1844 -0.0543
vn -0.9202 0.3833 -0.0797
vn 0.9954 0.0902 -0.0323
vn -0.8767 0.4705 -0.1000
vn 0.8284 -0.5559 0.0689
vn 0.9227 -0.3854 -0.0046
vn -0.5529 0.8332 -0.0005
vn 0.8805 -0.4740 -0.0038
vn -0.4686 0.8834 -0.0014
vn 0.8299 -0.5579 -0.0030
vn 0.7710 -0.6368 -0.0021
vn -0.2872 0.9579 -0.0031
vn -0.2931 -0.9560 0.0072
vn -0.3856 -0.9226 0.0077
vn 0.6321 -0.7749 -0.0004
vn -0.0950 0.9955 -0.0046
vn -0.4739 -0.8806 0.0081
vn -0.5579 -0.8298 0.0084
vn 0.4686 -0.8834 0.0014
vn -0.6369 -0.7709 0.0087
vn 0.3798 -0.9251 0.0022
vn 0.2932 0.9560 -0.0072
vn -0.7749 -0.6320 0.0089
vn 0.1922 -0.9813 0.0039
vn 0.3856 0.9226 -0.0077
vn -0.8332 -0.5529 0.0089
vn 0.4738 0.8806 -0.0081
vn -0.8834 -0.4686 0.0089
vn 0.5579 0.8299 -0.0084
vn -0.9249 -0.3800 0.0087
vn -0.1009 -0.9949 0.0060
vn -0.9578 -0.2872 0.0084
vn 0.7092 0.7050 -0.0089
vn -0.9813 -0.1922 0.0081
vn 0.7750 0.6319 -0.0089
vn 0.8331 0.5531 -0.0089
vn -1.0000 0.0029 0.0072
vn 0.8832 0.4688 -0.0089
vn 0.9250 0.3800 -0.0087
vn -0.9802 0.1978 0.0060
vn 0.9579 0.2871 -0.0084
vn -0.9560 0.2935 0.0053
vn 0.9813 0.1923 -0.0081
vn -0.9225 0.3859 0.0046
vn 0.9955 0.0946 -0.0077
vn -0.8805 0.4740 0.0038
vn 1.0000 -0.0028 -0.0072
vn -0.8298 0.5580 0.0030
vn 0.9949 -0.1011 -0.0066
vn 0.9801 -0.1982 -0.0060
vn -0.7051 0.7091 0.0013
vn -0.3681 -0.8857 0.2828
vn -0.3781 0.9231 0.0700
vn 0.7697 -0.6345 0.0702
vn -0.2857 0.9558 0.0688
vn -0.1910 0.9793 0.0676
vn -0.3836 -0.9196 0.0848
vn -0.0940 0.9933 0.0665
vn -0.5557 -0.8270 0.0859
vn 0.4682 -0.8804 0.0754
vn -0.6342 -0.7683 0.0863
vn 0.3797 -0.9219 0.0767
vn -0.7064 -0.7025 0.0865
vn 0.2874 -0.9546 0.0779
vn 0.2930 0.9541 0.0626
vn -0.7720 -0.6297 0.0867
vn -0.8300 -0.5510 0.0867
vn 0.0956 -0.9922 0.0803
vn -0.8800 -0.4671 0.0865
vn -0.0023 -0.9967 0.0814
vn 0.5572 0.8282 0.0608
vn -0.9216 -0.3784 0.0863
vn -0.0999 -0.9916 0.0823
vn 0.6357 0.7695 0.0604
vn -0.9544 -0.2858 0.0859
vn 0.7079 0.7037 0.0602
vn -0.9779 -0.1911 0.0853
vn 0.7736 0.6309 0.0601
vn -0.9919 -0.0942 0.0848
vn 0.8316 0.5521 0.0601
vn -0.9965 0.0036 0.0840
vn 0.8816 0.4681 0.0602
vn -0.9914 0.1011 0.0832
vn 0.9234 0.3791 0.0605
vn -0.9767 0.1981 0.0823
vn 0.9559 0.2872 0.0608
vn -0.9528 0.2926 0.0813
vn 0.9795 0.1921 0.0614
vn -0.9195 0.3849 0.0802
vn -0.8773 0.4735 0.0790
vn 0.9980 -0.0024 0.0627
vn -0.8266 0.5573 0.0778
vn -0.7684 0.6353 0.0766
vn 0.9783 -0.1967 0.0645
vn 0.9541 -0.2922 0.0655
vn -0.6295 0.7735 0.0739
vn 0.9209 -0.3841 0.0666
vn -0.5506 0.8316 0.0726
vn -0.4667 0.8815 0.0713
vn 0.0106 0.0080 0.9999
vn 0.0109 0.0080 0.9999
vn 0.0108 0.0080 0.9999
vn 0.0105 0.0080 0.9999
vn 0.0111 0.0080 0.9999
vn 0.0104 0.0080 0.9999
vn 0.0110 0.0080 0.9999
vn 0.0108 0.0079 0.9999
vn 0.0112 0.0080 0.9999
vn 0.0102 0.0080 0.9999
vn 0.0096 0.0079 0.9999
vn 0.0110 0.0079 0.9999
vn 0.0100 0.0079 0.9999
vn 0.0071 0.0078 0.9999
vn 0.0107 0.0079 0.9999
vn 0.6122 -0.7454 0.2640
vn -0.0889 0.9631 0.2541
vn -0.4532 -0.8450 0.2838
vn 0.0057 0.9676 0.2525
vn -0.5342 -0.7961 0.2845
vn 0.4546 -0.8494 0.2681
vn 0.1001 0.9628 0.2508
vn -0.6096 -0.7397 0.2851
vn 0.3690 -0.8893 0.2701
vn 0.1940 0.9487 0.2495
vn -0.6793 -0.6761 0.2854
vn 0.2797 -0.9208 0.2719
vn 0.2857 0.9256 0.2481
vn -0.7426 -0.6058 0.2856
vn 0.1880 -0.9432 0.2738
vn 0.3755 0.8933 0.2471
vn -0.7985 -0.5299 0.2856
vn 0.0944 -0.9566 0.2756
vn 0.4607 0.8527 0.2462
vn -0.8469 -0.4487 0.2854
vn -0.0000 -0.9607 0.2775
vn 0.5419 0.8039 0.2453
vn -0.8871 -0.3631 0.2850
vn 0.6179 0.7472 0.2447
vn -0.9186 -0.2742 0.2845
vn 0.6878 0.6836 0.2443
vn -0.9414 -0.1823 0.2836
vn 0.7517 0.6126 0.2442
vn -0.9550 -0.0896 0.2827
vn 0.8079 0.5363 0.2442
vn -0.9595 0.0047 0.2815
vn 0.8563 0.4551 0.2443
vn -0.9548 0.0996 0.2802
vn 0.8967 0.3688 0.2448
vn -0.9408 0.1927 0.2788
vn 0.9281 0.2799 0.2454
vn -0.9178 0.2842 0.2772
vn 0.9509 0.1878 0.2462
vn -0.8858 0.3733 0.2755
vn 0.9644 0.0941 0.2471
vn -0.8452 0.4589 0.2737
vn 0.9687 -0.0008 0.2483
vn -0.7965 0.5401 0.2719
vn 0.9636 -0.0959 0.2496
vn -0.7402 0.6158 0.2699
vn -0.6765 0.6860 0.2678
vn 0.9259 -0.2810 0.2526
vn -0.6066 0.7492 0.2659
vn 0.8934 -0.3702 0.2543
vn -0.5305 0.8056 0.2639
vn 0.8527 -0.4554 0.2562
vn -0.4492 0.8542 0.2618
vn 0.8036 -0.5364 0.2581
vn -0.3638 0.8945 0.2598
vn 0.7466 -0.6123 0.2600
vn -0.2743 0.9265 0.2578
vn -0.2793 -0.9180 0.2817
vn 0.6826 -0.6823 0.2619
vn -0.1828 0.9492 0.2560
s off
f 3269/9379/340 3270/9380/340 3268/9381/340
f 3271/9382/341 3272/9383/341 3270/9380/341
f 3273/9384/342 3274/9385/342 3272/9383/342
f 3275/9386/343 3276/9387/343 3274/9385/343
f 3277/9388/344 3278/9389/344 3276/9387/344
f 3279/9390/345 3280/9391/345 3278/9389/345
f 3281/9392/346 3282/9393/346 3280/9391/346
f 3283/9394/347 3284/9395/347 3282/9393/347
f 3285/9396/348 3286/9397/348 3284/9395/348
f 3287/9398/349 3288/9399/349 3286/9397/349
f 3289/9400/350 3290/9401/350 3288/9399/350
f 3291/9402/351 3292/9403/351 3290/9401/351
f 3293/9404/352 3294/9405/352 3292/9403/352
f 3295/9406/353 3296/9407/353 3294/9405/353
f 3297/9408/354 3298/9409/354 3296/9407/354
f 3299/9410/355 3300/9411/355 3298/9409/355
f 3301/9412/356 3302/9413/356 3300/9411/356
f 3303/9414/357 3304/9415/357 3302/9413/357
f 3305/9416/358 3306/9417/358 3304/9415/358
f 3307/9418/359 3308/9419/359 3306/9417/359
f 3309/9420/360 3310/9421/360 3308/9419/360
f 3311/9422/361 3312/9423/361 3310/9421/361
f 3313/9424/362 3314/9425/362 3312/9423/362
f 3315/9426/363 3316/9427/363 3314/9425/363
f 3317/9428/364 3318/9429/364 3316/9427/364
f 3319/9430/365 3320/9431/365 3318/9429/365
f 3321/9432/366 3322/9433/366 3320/9431/366
f 3323/9434/367 3324/9435/367 3322/9433/367
f 3325/9436/368 3326/9437/368 3324/9435/368
f 3327/9438/369 3328/9439/369 3326/9437/369
f 3329/9440/370 3330/9441/370 3328/9439/370
f 3331/9442/371 3332/9443/371 3330/9441/371
f 3333/9444/372 3334/9445/372 3332/9443/372
f 3335/9446/373 3336/9447/373 3334/9445/373
f 3337/9448/374 3338/9449/374 3336/9447/374
f 3339/9450/375 3340/9451/375 3338/9449/375
f 3341/9452/376 3342/9453/376 3340/9451/376
f 3343/9454/377 3344/9455/377 3342/9453/377
f 3345/9456/378 3346/9457/378 3344/9455/378
f 3347/9458/379 3348/9459/379 3346/9457/379
f 3349/9460/380 3350/9461/380 3348/9459/380
f 3351/9462/381 3352/9463/381 3350/9461/381
f 3353/9464/382 3354/9465/382 3352/9463/382
f 3355/9466/383 3356/9467/383 3354/9465/383
f 3357/9468/384 3358/9469/384 3356/9467/384
f 3359/9470/385 3360/9471/385 3358/9469/385
f 3361/9472/386 3362/9473/386 3360/9471/386
f 3363/9474/387 3364/9475/387 3362/9473/387
f 3365/9476/388 3366/9477/388 3364/9475/388
f 3367/9478/389 3368/9479/389 3366/9477/389
f 3369/9480/390 3370/9481/390 3368/9479/390
f 3371/9482/391 3372/9483/391 3370/9481/391
f 3373/9484/392 3374/9485/392 3372/9483/392
f 3375/9486/393 3376/9487/393 3374/9485/393
f 3377/9488/394 3378/9489/394 3376/9487/394
f 3379/9490/395 3380/9491/395 3378/9489/395
f 3381/9492/396 3382/9493/396 3380/9491/396
f 3383/9494/397 3384/9495/397 3382/9493/397
f 3385/9496/398 3386/9497/398 3384/9495/398
f 3387/9498/399 3388/9499/399 3386/9497/399
f 3389/9500/400 3390/9501/400 3388/9499/400
f 3391/9502/401 3392/9503/401 3390/9501/401
f 3385/9496/402 3453/9504/402 3454/9505/402
f 3393/9506/403 3394/9507/403 3392/9503/403
f 3395/9508/404 3268/9509/404 3394/9507/404
f 3330/9510/405 3362/9511/405 3394/9512/405
f 3457/9513/406 3520/9514/406 3521/9515/406
f 3333/9444/407 3427/9516/407 3428/9517/407
f 3281/9392/408 3401/9518/408 3402/9519/408
f 3351/9462/409 3436/9520/409 3437/9521/409
f 3299/9410/410 3410/9522/410 3411/9523/410
f 3369/9480/411 3445/9524/411 3446/9525/411
f 3317/9428/412 3419/9526/412 3420/9527/412
f 3387/9498/413 3454/9505/413 3455/9528/413
f 3335/9446/414 3428/9517/414 3429/9529/414
f 3283/9394/415 3402/9519/415 3403/9530/415
f 3353/9464/416 3437/9521/416 3438/9531/416
f 3301/9412/417 3411/9523/417 3412/9532/417
f 3371/9482/418 3446/9525/418 3447/9533/418
f 3319/9430/419 3420/9527/419 3421/9534/419
f 3389/9500/420 3455/9528/420 3456/9535/420
f 3337/9448/421 3429/9529/421 3430/9536/421
f 3285/9396/422 3403/9530/422 3404/9537/422
f 3355/9466/423 3438/9531/423 3439/9538/423
f 3303/9414/424 3412/9532/424 3413/9539/424
f 3373/9484/425 3447/9533/425 3448/9540/425
f 3321/9432/426 3421/9534/426 3422/9541/426
f 3391/9502/427 3456/9535/427 3457/9513/427
f 3339/9450/428 3430/9536/428 3431/9542/428
f 3287/9398/429 3404/9537/429 3405/9543/429
f 3357/9468/430 3439/9538/430 3440/9544/430
f 3305/9416/431 3413/9539/431 3414/9545/431
f 3375/9486/432 3448/9540/432 3449/9546/432
f 3271/9382/433 3397/9547/433 3396/9548/433
f 3323/9434/434 3422/9541/434 3423/9549/434
f 3393/9506/435 3457/9513/435 3458/9550/435
f 3341/9452/436 3431/9542/436 3432/9551/436
f 3289/9400/437 3405/9543/437 3406/9552/437
f 3359/9470/438 3440/9544/438 3441/9553/438
f 3307/9418/439 3414/9545/439 3415/9554/439
f 3377/9488/440 3449/9546/440 3450/9555/440
f 3325/9436/441 3423/9549/441 3424/9556/441
f 3395/9508/442 3458/9550/442 3459/9557/442
f 3273/9384/443 3396/9548/443 3398/9558/443
f 3343/9454/444 3432/9551/444 3433/9559/444
f 3291/9402/445 3406/9552/445 3407/9560/445
f 3361/9472/446 3441/9553/446 3442/9561/446
f 3309/9420/447 3415/9554/447 3416/9562/447
f 3379/9490/448 3450/9555/448 3451/9563/448
f 3327/9438/449 3424/9556/449 3425/9564/449
f 3269/9565/450 3459/9557/450 3397/9566/450
f 3275/9386/451 3398/9558/451 3399/9567/451
f 3345/9456/452 3433/9559/452 3434/9568/452
f 3293/9404/453 3407/9560/453 3408/9569/453
f 3363/9474/454 3442/9561/454 3443/9570/454
f 3311/9422/455 3416/9562/455 3417/9571/455
f 3381/9492/456 3451/9563/456 3452/9572/456
f 3329/9440/457 3425/9564/457 3426/9573/457
f 3277/9388/458 3399/9567/458 3400/9574/458
f 3347/9458/459 3434/9568/459 3435/9575/459
f 3295/9406/460 3408/9569/460 3409/9576/460
f 3365/9476/461 3443/9570/461 3444/9577/461
f 3313/9424/462 3417/9571/462 3418/9578/462
f 3383/9494/463 3452/9572/463 3453/9504/463
f 3331/9442/464 3426/9573/464 3427/9516/464
f 3279/9390/465 3400/9574/465 3401/9518/465
f 3349/9460/466 3435/9575/466 3436/9520/466
f 3297/9408/467 3409/9576/467 3410/9522/467
f 3367/9478/468 3444/9577/468 3445/9524/468
f 3315/9426/469 3418/9578/469 3419/9526/469
f 3523/9579/470 3525/9580/470 3461/9581/470
f 3431/9542/471 3494/9582/471 3495/9583/471
f 3404/9537/472 3469/9584/472 3405/9543/472
f 3457/9513/473 3522/9585/473 3458/9550/473
f 3432/9551/474 3495/9583/474 3496/9586/474
f 3405/9543/475 3470/9587/475 3406/9552/475
f 3458/9550/476 3523/9579/476 3459/9557/476
f 3433/9559/477 3496/9586/477 3497/9588/477
f 3406/9552/478 3471/9589/478 3407/9560/478
f 3459/9557/479 3461/9581/479 3397/9566/479
f 3434/9568/480 3497/9588/480 3498/9590/480
f 3407/9560/481 3472/9591/481 3408/9569/481
f 3435/9575/482 3498/9590/482 3499/9592/482
f 3408/9569/483 3473/9593/483 3409/9576/483
f 3436/9520/484 3499/9592/484 3500/9594/484
f 3409/9576/485 3474/9595/485 3410/9522/485
f 3437/9521/486 3500/9594/486 3501/9596/486
f 3410/9522/487 3475/9597/487 3411/9523/487
f 3438/9531/488 3501/9596/488 3502/9598/488
f 3411/9523/489 3476/9599/489 3412/9532/489
f 3439/9538/490 3502/9598/490 3503/9600/490
f 3412/9532/491 3477/9601/491 3413/9539/491
f 3440/9544/492 3503/9600/492 3504/9602/492
f 3413/9539/493 3478/9603/493 3414/9545/493
f 3441/9553/494 3504/9602/494 3505/9604/494
f 3414/9545/495 3479/9605/495 3415/9554/495
f 3442/9561/496 3505/9604/496 3506/9606/496
f 3415/9554/497 3480/9607/497 3416/9562/497
f 3443/9570/498 3506/9606/498 3507/9608/498
f 3416/9562/499 3481/9609/499 3417/9571/499
f 3444/9577/500 3507/9608/500 3508/9610/500
f 3417/9571/501 3482/9611/501 3418/9578/501
f 3445/9524/502 3508/9610/502 3509/9612/502
f 3418/9578/503 3483/9613/503 3419/9526/503
f 3446/9525/504 3509/9612/504 3510/9614/504
f 3419/9526/505 3484/9615/505 3420/9527/505
f 3447/9533/506 3510/9614/506 3511/9616/506
f 3420/9527/507 3485/9617/507 3421/9534/507
f 3448/9540/508 3511/9616/508 3512/9618/508
f 3421/9534/509 3486/9619/509 3422/9541/509
f 3449/9546/510 3512/9618/510 3513/9620/510
f 3422/9541/511 3487/9621/511 3423/9549/511
f 3397/9547/512 3460/9622/512 3396/9548/512
f 3450/9555/513 3513/9620/513 3514/9623/513
f 3423/9549/514 3488/9624/514 3424/9556/514
f 3396/9548/515 3462/9625/515 3398/9558/515
f 3451/9563/516 3514/9623/516 3515/9626/516
f 3424/9556/517 3489/9627/517 3425/9564/517
f 3398/9558/518 3463/9628/518 3399/9567/518
f 3452/9572/519 3515/9626/519 3516/9629/519
f 3425/9564/520 3490/9630/520 3426/9573/520
f 3399/9567/521 3464/9631/521 3400/9574/521
f 3453/9504/522 3516/9629/522 3517/9632/522
f 3427/9516/523 3490/9630/523 3491/9633/523
f 3400/9574/524 3465/9634/524 3401/9518/524
f 3454/9505/525 3517/9632/525 3518/9635/525
f 3428/9517/526 3491/9633/526 3492/9636/526
f 3401/9518/527 3466/9637/527 3402/9519/527
f 3455/9528/528 3518/9635/528 3519/9638/528
f 3429/9529/529 3492/9636/529 3493/9639/529
f 3402/9519/530 3467/9640/530 3403/9530/530
f 3456/9535/531 3519/9638/531 3520/9514/531
f 3430/9536/532 3493/9639/532 3494/9582/532
f 3403/9530/533 3468/9641/533 3404/9537/533
f 3565/9642/534 3628/9643/534 3629/9644/534
f 3498/9590/535 3561/9645/535 3562/9646/535
f 3471/9589/536 3536/9647/536 3472/9591/536
f 3499/9592/537 3562/9646/537 3563/9648/537
f 3472/9591/538 3537/9649/538 3473/9593/538
f 3500/9594/539 3563/9648/539 3564/9650/539
f 3473/9593/540 3538/9651/540 3474/9595/540
f 3501/9596/541 3564/9650/541 3565/9642/541
f 3474/9595/542 3539/9652/542 3475/9597/542
f 3502/9598/543 3565/9642/543 3566/9653/543
f 3475/9597/544 3540/9654/544 3476/9599/544
f 3503/9600/545 3566/9653/545 3567/9655/545
f 3476/9599/546 3541/9656/546 3477/9601/546
f 3504/9602/547 3567/9655/547 3568/9657/547
f 3477/9601/548 3542/9658/548 3478/9603/548
f 3505/9604/549 3568/9657/549 3569/9659/549
f 3478/9603/550 3543/9660/550 3479/9605/550
f 3506/9606/551 3569/9659/551 3570/9661/551
f 3479/9605/552 3544/9662/552 3480/9607/552
f 3507/9608/553 3570/9661/553 3571/9663/553
f 3480/9607/554 3545/9664/554 3481/9609/554
f 3508/9610/555 3571/9663/555 3572/9665/555
f 3481/9609/556 3546/9666/556 3482/9611/556
f 3509/9612/557 3572/9665/557 3573/9667/557
f 3482/9611/558 3547/9668/558 3483/9613/558
f 3510/9614/559 3573/9667/559 3574/9669/559
f 3483/9613/560 3548/9670/560 3484/9615/560
f 3511/9616/561 3574/9669/561 3575/9671/561
f 3484/9615/562 3549/9672/562 3485/9617/562
f 3512/9618/563 3575/9671/563 3576/9673/563
f 3485/9617/564 3550/9674/564 3486/9619/564
f 3513/9620/565 3576/9673/565 3577/9675/565
f 3486/9619/566 3551/9676/566 3487/9621/566
f 3461/9677/567 3524/9678/567 3460/9622/567
f 3514/9623/568 3577/9675/568 3578/9679/568
f 3487/9621/569 3552/9680/569 3488/9624/569
f 3460/9622/570 3526/9681/570 3462/9625/570
f 3515/9626/571 3578/9679/571 3579/9682/571
f 3488/9624/572 3553/9683/572 3489/9627/572
f 3462/9625/573 3527/9684/573 3463/9628/573
f 3516/9629/574 3579/9682/574 3580/9685/574
f 3489/9627/575 3554/9686/575 3490/9630/575
f 3463/9628/576 3528/9687/576 3464/9631/576
f 3517/9632/577 3580/9685/577 3581/9688/577
f 3491/9633/578 3554/9686/578 3555/9689/578
f 3464/9631/579 3529/9690/579 3465/9634/579
f 3518/9635/580 3581/9688/580 3582/9691/580
f 3492/9636/581 3555/9689/581 3556/9692/581
f 3465/9634/582 3530/9693/582 3466/9637/582
f 3519/9638/583 3582/9691/583 3583/9694/583
f 3493/9639/584 3556/9692/584 3557/9695/584
f 3466/9637/585 3531/9696/585 3467/9640/585
f 3520/9514/586 3583/9694/586 3584/9697/586
f 3494/9582/587 3557/9695/587 3558/9698/587
f 3467/9640/588 3532/9699/588 3468/9641/588
f 3521/9515/589 3584/9697/589 3585/9700/589
f 3495/9583/590 3558/9698/590 3559/9701/590
f 3468/9641/591 3533/9702/591 3469/9584/591
f 3522/9585/592 3585/9700/592 3586/9703/592
f 3496/9586/593 3559/9701/593 3560/9704/593
f 3469/9584/594 3534/9705/594 3470/9587/594
f 3522/9585/595 3587/9706/595 3523/9579/595
f 3497/9588/596 3560/9704/596 3561/9645/596
f 3470/9587/597 3535/9707/597 3471/9589/597
f 3632/9708/598 3695/9709/598 3696/9710/598
f 3538/9651/599 3603/9711/599 3539/9652/599
f 3566/9653/600 3629/9644/600 3630/9712/600
f 3539/9652/601 3604/9713/601 3540/9654/601
f 3567/9655/602 3630/9712/602 3631/9714/602
f 3540/9654/603 3605/9715/603 3541/9656/603
f 3568/9657/604 3631/9714/604 3632/9708/604
f 3541/9656/605 3606/9716/605 3542/9658/605
f 3569/9659/606 3632/9708/606 3633/9717/606
f 3542/9658/607 3607/9718/607 3543/9660/607
f 3570/9661/608 3633/9717/608 3634/9719/608
f 3543/9660/609 3608/9720/609 3544/9662/609
f 3571/9663/610 3634/9719/610 3635/9721/610
f 3544/9662/611 3609/9722/611 3545/9664/611
f 3572/9665/612 3635/9721/612 3636/9723/612
f 3545/9664/613 3610/9724/613 3546/9666/613
f 3573/9667/614 3636/9723/614 3637/9725/614
f 3546/9666/615 3611/9726/615 3547/9668/615
f 3574/9669/616 3637/9725/616 3638/9727/616
f 3547/9668/617 3612/9728/617 3548/9670/617
f 3575/9671/618 3638/9727/618 3639/9729/618
f 3548/9670/619 3613/9730/619 3549/9672/619
f 3576/9673/620 3639/9729/620 3640/9731/620
f 3549/9672/621 3614/9732/621 3550/9674/621
f 3577/9675/622 3640/9731/622 3641/9733/622
f 3550/9674/623 3615/9734/623 3551/9676/623
f 3525/9735/624 3588/9736/624 3524/9678/624
f 3578/9679/625 3641/9733/625 3642/9737/625
f 3551/9676/626 3616/9738/626 3552/9680/626
f 3524/9678/627 3590/9739/627 3526/9681/627
f 3579/9682/628 3642/9737/628 3643/9740/628
f 3552/9680/629 3617/9741/629 3553/9683/629
f 3526/9681/630 3591/9742/630 3527/9684/630
f 3580/9685/631 3643/9740/631 3644/9743/631
f 3553/9683/632 3618/9744/632 3554/9686/632
f 3527/9684/633 3592/9745/633 3528/9687/633
f 3581/9688/634 3644/9743/634 3645/9746/634
f 3555/9689/635 3618/9744/635 3619/9747/635
f 3528/9687/636 3593/9748/636 3529/9690/636
f 3582/9691/637 3645/9746/637 3646/9749/637
f 3556/9692/638 3619/9747/638 3620/9750/638
f 3529/9690/639 3594/9751/639 3530/9693/639
f 3583/9694/640 3646/9749/640 3647/9752/640
f 3557/9695/641 3620/9750/641 3621/9753/641
f 3530/9693/642 3595/9754/642 3531/9696/642
f 3584/9697/643 3647/9752/643 3648/9755/643
f 3558/9698/644 3621/9753/644 3622/9756/644
f 3531/9696/645 3596/9757/645 3532/9699/645
f 3585/9700/646 3648/9755/646 3649/9758/646
f 3559/9701/647 3622/9756/647 3623/9759/647
f 3532/9699/648 3597/9760/648 3533/9702/648
f 3586/9703/649 3649/9758/649 3650/9761/649
f 3560/9704/650 3623/9759/650 3624/9762/650
f 3533/9702/651 3598/9763/651 3534/9705/651
f 3586/9703/652 3651/9764/652 3587/9706/652
f 3561/9645/653 3624/9762/653 3625/9765/653
f 3534/9705/654 3599/9766/654 3535/9707/654
f 3587/9706/655 3589/9767/655 3525/9580/655
f 3562/9646/656 3625/9765/656 3626/9768/656
f 3535/9707/657 3600/9769/657 3536/9647/657
f 3563/9648/658 3626/9768/658 3627/9770/658
f 3536/9647/659 3601/9771/659 3537/9649/659
f 3564/9650/660 3627/9770/660 3628/9643/660
f 3537/9649/661 3602/9772/661 3538/9651/661
f 3699/9773/662 3762/9774/662 3763/9775/662
f 3605/9715/663 3670/9776/663 3606/9716/663
f 3633/9717/664 3696/9710/664 3697/9777/664
f 3606/9716/665 3671/9778/665 3607/9718/665
f 3634/9719/666 3697/9777/666 3698/9779/666
f 3607/9718/667 3672/9780/667 3608/9720/667
f 3635/9721/668 3698/9779/668 3699/9773/668
f 3608/9720/669 3673/9781/669 3609/9722/669
f 3636/9723/670 3699/9773/670 3700/9782/670
f 3609/9722/671 3674/9783/671 3610/9724/671
f 3637/9725/672 3700/9782/672 3701/9784/672
f 3610/9724/673 3675/9785/673 3611/9726/673
f 3638/9727/674 3701/9784/674 3702/9786/674
f 3611/9726/675 3676/9787/675 3612/9728/675
f 3639/9729/676 3702/9786/676 3703/9788/676
f 3612/9728/677 3677/9789/677 3613/9730/677
f 3640/9731/678 3703/9788/678 3704/9790/678
f 3613/9730/679 3678/9791/679 3614/9732/679
f 3641/9733/680 3704/9790/680 3705/9792/680
f 3614/9732/681 3679/9793/681 3615/9734/681
f 3589/9794/682 3652/9795/682 3588/9736/682
f 3642/9737/683 3705/9792/683 3706/9796/683
f 3615/9734/684 3680/9797/684 3616/9738/684
f 3588/9736/685 3654/9798/685 3590/9739/685
f 3643/9740/686 3706/9796/686 3707/9799/686
f 3616/9738/687 3681/9800/687 3617/9741/687
f 3590/9739/688 3655/9801/688 3591/9742/688
f 3644/9743/689 3707/9799/689 3708/9802/689
f 3617/9741/690 3682/9803/690 3618/9744/690
f 3591/9742/691 3656/9804/691 3592/9745/691
f 3645/9746/692 3708/9802/692 3709/9805/692
f 3619/9747/693 3682/9803/693 3683/9806/693
f 3592/9745/694 3657/9807/694 3593/9748/694
f 3646/9749/695 3709/9805/695 3710/9808/695
f 3620/9750/696 3683/9806/696 3684/9809/696
f 3593/9748/697 3658/9810/697 3594/9751/697
f 3647/9752/698 3710/9808/698 3711/9811/698
f 3621/9753/699 3684/9809/699 3685/9812/699
f 3594/9751/700 3659/9813/700 3595/9754/700
f 3648/9755/701 3711/9811/701 3712/9814/701
f 3622/9756/702 3685/9812/702 3686/9815/702
f 3595/9754/703 3660/9816/703 3596/9757/703
f 3649/9758/704 3712/9814/704 3713/9817/704
f 3623/9759/705 3686/9815/705 3687/9818/705
f 3596/9757/706 3661/9819/706 3597/9760/706
f 3650/9761/707 3713/9817/707 3714/9820/707
f 3624/9762/708 3687/9818/708 3688/9821/708
f 3597/9760/709 3662/9822/709 3598/9763/709
f 3650/9761/710 3715/9823/710 3651/9764/710
f 3625/9765/711 3688/9821/711 3689/9824/711
f 3598/9763/712 3663/9825/712 3599/9766/712
f 3651/9764/713 3653/9826/713 3589/9767/713
f 3626/9768/714 3689/9824/714 3690/9827/714
f 3599/9766/715 3664/9828/715 3600/9769/715
f 3627/9770/716 3690/9827/716 3691/9829/716
f 3600/9769/717 3665/9830/717 3601/9771/717
f 3628/9643/718 3691/9829/718 3692/9831/718
f 3601/9771/719 3666/9832/719 3602/9772/719
f 3629/9644/720 3692/9831/720 3693/9833/720
f 3602/9772/721 3667/9834/721 3603/9711/721
f 3630/9712/722 3693/9833/722 3694/9835/722
f 3603/9711/723 3668/9836/723 3604/9713/723
f 3631/9714/724 3694/9835/724 3695/9709/724
f 3604/9713/725 3669/9837/725 3605/9715/725
f 3766/9838/726 3829/9839/726 3830/9840/726
f 3672/9780/727 3737/9841/727 3673/9781/727
f 3700/9782/728 3763/9775/728 3764/9842/728
f 3673/9781/729 3738/9843/729 3674/9783/729
f 3701/9784/730 3764/9842/730 3765/9844/730
f 3674/9783/731 3739/9845/731 3675/9785/731
f 3702/9786/732 3765/9844/732 3766/9838/732
f 3675/9785/733 3740/9846/733 3676/9787/733
f 3703/9788/734 3766/9838/734 3767/9847/734
f 3676/9787/735 3741/9848/735 3677/9789/735
f 3704/9790/736 3767/9847/736 3768/9849/736
f 3677/9789/737 3742/9850/737 3678/9791/737
f 3705/9792/738 3768/9849/738 3769/9851/738
f 3678/9791/739 3743/9852/739 3679/9793/739
f 3653/9853/740 3716/9854/740 3652/9795/740
f 3706/9796/741 3769/9851/741 3770/9855/741
f 3679/9793/742 3744/9856/742 3680/9797/742
f 3652/9795/743 3718/9857/743 3654/9798/743
f 3707/9799/744 3770/9855/744 3771/9858/744
f 3680/9797/745 3745/9859/745 3681/9800/745
f 3654/9798/746 3719/9860/746 3655/9801/746
f 3708/9802/747 3771/9858/747 3772/9861/747
f 3681/9800/748 3746/9862/748 3682/9803/748
f 3655/9801/749 3720/9863/749 3656/9804/749
f 3709/9805/750 3772/9861/750 3773/9864/750
f 3682/9803/751 3747/9865/751 3683/9806/751
f 3656/9804/752 3721/9866/752 3657/9807/752
f 3710/9808/753 3773/9864/753 3774/9867/753
f 3684/9809/754 3747/9865/754 3748/9868/754
f 3657/9807/755 3722/9869/755 3658/9810/755
f 3711/9811/756 3774/9867/756 3775/9870/756
f 3685/9812/757 3748/9868/757 3749/9871/757
f 3658/9810/758 3723/9872/758 3659/9813/758
f 3712/9814/759 3775/9870/759 3776/9873/759
f 3686/9815/760 3749/9871/760 3750/9874/760
f 3659/9813/761 3724/9875/761 3660/9816/761
f 3713/9817/762 3776/9873/762 3777/9876/762
f 3687/9818/763 3750/9874/763 3751/9877/763
f 3660/9816/764 3725/9878/764 3661/9819/764
f 3714/9820/765 3777/9876/765 3778/9879/765
f 3688/9821/766 3751/9877/766 3752/9880/766
f 3661/9819/767 3726/9881/767 3662/9822/767
f 3714/9820/768 3779/9882/768 3715/9823/768
f 3689/9824/769 3752/9880/769 3753/9883/769
f 3662/9822/770 3727/9884/770 3663/9825/770
f 3715/9823/771 3717/9885/771 3653/9826/771
f 3690/9827/772 3753/9883/772 3754/9886/772
f 3663/9825/773 3728/9887/773 3664/9828/773
f 3691/9829/774 3754/9886/774 3755/9888/774
f 3664/9828/775 3729/9889/775 3665/9830/775
f 3692/9831/776 3755/9888/776 3756/9890/776
f 3665/9830/777 3730/9891/777 3666/9832/777
f 3693/9833/778 3756/9890/778 3757/9892/778
f 3666/9832/779 3731/9893/779 3667/9834/779
f 3694/9835/780 3757/9892/780 3758/9894/780
f 3667/9834/781 3732/9895/781 3668/9836/781
f 3695/9709/782 3758/9894/782 3759/9896/782
f 3668/9836/783 3733/9897/783 3669/9837/783
f 3696/9710/784 3759/9896/784 3760/9898/784
f 3669/9837/785 3734/9899/785 3670/9776/785
f 3697/9777/786 3760/9898/786 3761/9900/786
f 3670/9776/787 3735/9901/787 3671/9778/787
f 3698/9779/788 3761/9900/788 3762/9774/788
f 3671/9778/789 3736/9902/789 3672/9780/789
f 3833/9903/790 3896/9904/790 3897/9905/790
f 3739/9845/791 3804/9906/791 3740/9846/791
f 3767/9847/792 3830/9840/792 3831/9907/792
f 3740/9846/793 3805/9908/793 3741/9848/793
f 3768/9849/794 3831/9907/794 3832/9909/794
f 3741/9848/795 3806/9910/795 3742/9850/795
f 3769/9851/796 3832/9909/796 3833/9903/796
f 3742/9850/797 3807/9911/797 3743/9852/797
f 3716/9854/798 3781/9912/798 3780/9913/798
f 3770/9855/799 3833/9903/799 3834/9914/799
f 3743/9852/800 3808/9915/800 3744/9856/800
f 3718/9857/801 3780/9913/801 3782/9916/801
f 3771/9858/802 3834/9914/802 3835/9917/802
f 3744/9856/803 3809/9918/803 3745/9859/803
f 3719/9860/804 3782/9916/804 3783/9919/804
f 3772/9861/805 3835/9917/805 3836/9920/805
f 3745/9859/806 3810/9921/806 3746/9862/806
f 3720/9863/807 3783/9919/807 3784/9922/807
f 3773/9864/808 3836/9920/808 3837/9923/808
f 3746/9862/809 3811/9924/809 3747/9865/809
f 3720/9863/810 3785/9925/810 3721/9866/810
f 3774/9867/811 3837/9923/811 3838/9926/811
f 3747/9865/812 3812/9927/812 3748/9868/812
f 3721/9866/813 3786/9928/813 3722/9869/813
f 3775/9870/814 3838/9926/814 3839/9929/814
f 3748/9868/815 3813/9930/815 3749/9871/815
f 3722/9869/816 3787/9931/816 3723/9872/816
f 3776/9873/817 3839/9929/817 3840/9932/817
f 3749/9871/818 3814/9933/818 3750/9874/818
f 3723/9872/819 3788/9934/819 3724/9875/819
f 3777/9876/820 3840/9932/820 3841/9935/820
f 3750/9874/821 3815/9936/821 3751/9877/821
f 3724/9875/822 3789/9937/822 3725/9878/822
f 3778/9879/823 3841/9935/823 3842/9938/823
f 3751/9877/824 3816/9939/824 3752/9880/824
f 3725/9878/825 3790/9940/825 3726/9881/825
f 3779/9882/826 3842/9938/826 3843/9941/826
f 3753/9883/827 3816/9939/827 3817/9942/827
f 3726/9881/828 3791/9943/828 3727/9884/828
f 3717/9885/829 3843/9941/829 3781/9944/829
f 3754/9886/830 3817/9942/830 3818/9945/830
f 3727/9884/831 3792/9946/831 3728/9887/831
f 3755/9888/832 3818/9945/832 3819/9947/832
f 3728/9887/833 3793/9948/833 3729/9889/833
f 3756/9890/834 3819/9947/834 3820/9949/834
f 3729/9889/835 3794/9950/835 3730/9891/835
f 3757/9892/836 3820/9949/836 3821/9951/836
f 3730/9891/837 3795/9952/837 3731/9893/837
f 3758/9894/838 3821/9951/838 3822/9953/838
f 3731/9893/839 3796/9954/839 3732/9895/839
f 3759/9896/840 3822/9953/840 3823/9955/840
f 3732/9895/841 3797/9956/841 3733/9897/841
f 3760/9898/842 3823/9955/842 3824/9957/842
f 3733/9897/843 3798/9958/843 3734/9899/843
f 3761/9900/844 3824/9957/844 3825/9959/844
f 3734/9899/845 3799/9960/845 3735/9901/845
f 3762/9774/846 3825/9959/846 3826/9961/846
f 3735/9901/847 3800/9962/847 3736/9902/847
f 3763/9775/848 3826/9961/848 3827/9963/848
f 3736/9902/849 3801/9964/849 3737/9841/849
f 3764/9842/850 3827/9963/850 3828/9965/850
f 3737/9841/851 3802/9966/851 3738/9843/851
f 3765/9844/852 3828/9965/852 3829/9839/852
f 3738/9843/853 3803/9967/853 3739/9845/853
f 3846/9968/854 3911/9969/854 3847/9970/854
f 3807/9911/855 3870/9971/855 3871/9972/855
f 3781/9912/856 3844/9973/856 3780/9913/856
f 3834/9914/857 3897/9905/857 3898/9974/857
f 3808/9915/858 3871/9972/858 3872/9975/858
f 3780/9913/859 3846/9968/859 3782/9916/859
f 3835/9917/860 3898/9974/860 3899/9976/860
f 3809/9918/861 3872/9975/861 3873/9977/861
f 3782/9916/862 3847/9970/862 3783/9919/862
f 3836/9920/863 3899/9976/863 3900/9978/863
f 3810/9921/864 3873/9977/864 3874/9979/864
f 3783/9919/865 3848/9980/865 3784/9922/865
f 3837/9923/866 3900/9978/866 3901/9981/866
f 3810/9921/867 3875/9982/867 3811/9924/867
f 3784/9922/868 3849/9983/868 3785/9925/868
f 3838/9926/869 3901/9981/869 3902/9984/869
f 3811/9924/870 3876/9985/870 3812/9927/870
f 3785/9925/871 3850/9986/871 3786/9928/871
f 3839/9929/872 3902/9984/872 3903/9987/872
f 3812/9927/873 3877/9988/873 3813/9930/873
f 3786/9928/874 3851/9989/874 3787/9931/874
f 3840/9932/875 3903/9987/875 3904/9990/875
f 3813/9930/876 3878/9991/876 3814/9933/876
f 3787/9931/877 3852/9992/877 3788/9934/877
f 3841/9935/878 3904/9990/878 3905/9993/878
f 3814/9933/879 3879/9994/879 3815/9936/879
f 3788/9934/880 3853/9995/880 3789/9937/880
f 3842/9938/881 3905/9993/881 3906/9996/881
f 3815/9936/882 3880/9997/882 3816/9939/882
f 3789/9937/883 3854/9998/883 3790/9940/883
f 3842/9938/884 3907/9999/884 3843/9941/884
f 3816/9939/885 3881/10000/885 3817/9942/885
f 3790/9940/886 3855/10001/886 3791/9943/886
f 3843/9941/887 3845/10002/887 3781/9944/887
f 3817/9942/888 3882/10003/888 3818/9945/888
f 3791/9943/889 3856/10004/889 3792/9946/889
f 3818/9945/890 3883/10005/890 3819/9947/890
f 3792/9946/891 3857/10006/891 3793/9948/891
f 3819/9947/892 3884/10007/892 3820/9949/892
f 3793/9948/893 3858/10008/893 3794/9950/893
f 3820/9949/894 3885/10009/894 3821/9951/894
f 3794/9950/895 3859/10010/895 3795/9952/895
f 3821/9951/896 3886/10011/896 3822/9953/896
f 3795/9952/897 3860/10012/897 3796/9954/897
f 3822/9953/898 3887/10013/898 3823/9955/898
f 3797/9956/899 3860/10012/899 3861/10014/899
f 3823/9955/900 3888/10015/900 3824/9957/900
f 3798/9958/901 3861/10014/901 3862/10016/901
f 3824/9957/902 3889/10017/902 3825/9959/902
f 3799/9960/903 3862/10016/903 3863/10018/903
f 3826/9961/904 3889/10017/904 3890/10019/904
f 3800/9962/905 3863/10018/905 3864/10020/905
f 3827/9963/906 3890/10019/906 3891/10021/906
f 3801/9964/907 3864/10020/907 3865/10022/907
f 3828/9965/908 3891/10021/908 3892/10023/908
f 3802/9966/909 3865/10022/909 3866/10024/909
f 3829/9839/910 3892/10023/910 3893/10025/910
f 3803/9967/911 3866/10024/911 3867/10026/911
f 3830/9840/912 3893/10025/912 3894/10027/912
f 3804/9906/913 3867/10026/913 3868/10028/913
f 3831/9907/914 3894/10027/914 3895/10029/914
f 3805/9908/915 3868/10028/915 3869/10030/915
f 3832/9909/916 3895/10029/916 3896/9904/916
f 3806/9910/917 3869/10030/917 3870/9971/917
f 3912/10031/918 3911/9969/918 3933/10032/918
f 3900/9978/919 3963/10033/919 3964/10034/919
f 3874/9979/920 3937/10035/920 3938/10036/920
f 3847/9970/921 3912/10031/921 3848/9980/921
f 3901/9981/922 3964/10034/922 3965/10037/922
f 3875/9982/923 3938/10036/923 3939/10038/923
f 3848/9980/924 3913/10039/924 3849/9983/924
f 3902/9984/925 3965/10037/925 3966/10040/925
f 3875/9982/926 3940/10041/926 3876/9985/926
f 3849/9983/927 3914/10042/927 3850/9986/927
f 3903/9987/928 3966/10040/928 3967/10043/928
f 3876/9985/929 3941/10044/929 3877/9988/929
f 3850/9986/930 3915/10045/930 3851/9989/930
f 3904/9990/931 3967/10043/931 3968/10046/931
f 3877/9988/932 3942/10047/932 3878/9991/932
f 3851/9989/933 3916/10048/933 3852/9992/933
f 3905/9993/934 3968/10046/934 3969/10049/934
f 3878/9991/935 3943/10050/935 3879/9994/935
f 3852/9992/936 3917/10051/936 3853/9995/936
f 3906/9996/937 3969/10049/937 3970/10052/937
f 3879/9994/938 3944/10053/938 3880/9997/938
f 3853/9995/939 3918/10054/939 3854/9998/939
f 3906/9996/940 3971/10055/940 3907/9999/940
f 3880/9997/941 3945/10056/941 3881/10000/941
f 3854/9998/942 3919/10057/942 3855/10001/942
f 3907/9999/943 3909/10058/943 3845/10002/943
f 3881/10000/944 3946/10059/944 3882/10003/944
f 3855/10001/945 3920/10060/945 3856/10004/945
f 3882/10003/946 3947/10061/946 3883/10005/946
f 3856/10004/947 3921/10062/947 3857/10006/947
f 3883/10005/948 3948/10063/948 3884/10007/948
f 3857/10006/949 3922/10064/949 3858/10008/949
f 3884/10007/950 3949/10065/950 3885/10009/950
f 3858/10008/951 3923/10066/951 3859/10010/951
f 3885/10009/952 3950/10067/952 3886/10011/952
f 3860/10012/953 3923/10066/953 3924/10068/953
f 3886/10011/954 3951/10069/954 3887/10013/954
f 3861/10014/955 3924/10068/955 3925/10070/955
f 3887/10013/956 3952/10071/956 3888/10015/956
f 3862/10016/957 3925/10070/957 3926/10072/957
f 3888/10015/958 3953/10073/958 3889/10017/958
f 3863/10018/959 3926/10072/959 3927/10074/959
f 3889/10017/960 3954/10075/960 3890/10019/960
f 3864/10020/961 3927/10074/961 3928/10076/961
f 3891/10021/962 3954/10075/962 3955/10077/962
f 3865/10022/963 3928/10076/963 3929/10078/963
f 3892/10023/964 3955/10077/964 3956/10079/964
f 3866/10024/965 3929/10078/965 3930/10080/965
f 3893/10025/966 3956/10079/966 3957/10081/966
f 3867/10026/967 3930/10080/967 3931/10082/967
f 3894/10027/968 3957/10081/968 3958/10083/968
f 3868/10028/969 3931/10082/969 3932/10084/969
f 3895/10029/970 3958/10083/970 3959/10085/970
f 3869/10030/971 3932/10084/971 3933/10032/971
f 3896/9904/972 3959/10085/972 3960/10086/972
f 3870/9971/973 3933/10032/973 3934/10087/973
f 3897/9905/974 3960/10086/974 3961/10088/974
f 3871/9972/975 3934/10087/975 3935/10089/975
f 3845/10090/976 3908/10091/976 3844/9973/976
f 3898/9974/977 3961/10088/977 3962/10092/977
f 3872/9975/978 3935/10089/978 3936/10093/978
f 3844/9973/979 3910/10094/979 3846/9968/979
f 3899/9976/980 3962/10092/980 3963/10033/980
f 3873/9977/981 3936/10093/981 3937/10035/981
f 3269/9379/340 3271/9382/340 3270/9380/340
f 3271/9382/341 3273/9384/341 3272/9383/341
f 3273/9384/982 3275/9386/982 3274/9385/982
f 3275/9386/983 3277/9388/983 3276/9387/983
f 3277/9388/344 3279/9390/344 3278/9389/344
f 3279/9390/984 3281/9392/984 3280/9391/984
f 3281/9392/346 3283/9394/346 3282/9393/346
f 3283/9394/985 3285/9396/985 3284/9395/985
f 3285/9396/986 3287/9398/986 3286/9397/986
f 3287/9398/349 3289/9400/349 3288/9399/349
f 3289/9400/987 3291/9402/987 3290/9401/987
f 3291/9402/988 3293/9404/988 3292/9403/988
f 3293/9404/989 3295/9406/989 3294/9405/989
f 3295/9406/990 3297/9408/990 3296/9407/990
f 3297/9408/354 3299/9410/354 3298/9409/354
f 3299/9410/355 3301/9412/355 3300/9411/355
f 3301/9412/356 3303/9414/356 3302/9413/356
f 3303/9414/357 3305/9416/357 3304/9415/357
f 3305/9416/991 3307/9418/991 3306/9417/991
f 3307/9418/992 3309/9420/992 3308/9419/992
f 3309/9420/993 3311/9422/993 3310/9421/993
f 3311/9422/994 3313/9424/994 3312/9423/994
f 3313/9424/362 3315/9426/362 3314/9425/362
f 3315/9426/995 3317/9428/995 3316/9427/995
f 3317/9428/996 3319/9430/996 3318/9429/996
f 3319/9430/365 3321/9432/365 3320/9431/365
f 3321/9432/997 3323/9434/997 3322/9433/997
f 3323/9434/367 3325/9436/367 3324/9435/367
f 3325/9436/998 3327/9438/998 3326/9437/998
f 3327/9438/999 3329/9440/999 3328/9439/999
f 3329/9440/370 3331/9442/370 3330/9441/370
f 3331/9442/371 3333/9444/371 3332/9443/371
f 3333/9444/372 3335/9446/372 3334/9445/372
f 3335/9446/373 3337/9448/373 3336/9447/373
f 3337/9448/1000 3339/9450/1000 3338/9449/1000
f 3339/9450/1001 3341/9452/1001 3340/9451/1001
f 3341/9452/376 3343/9454/376 3342/9453/376
f 3343/9454/1002 3345/9456/1002 3344/9455/1002
f 3345/9456/378 3347/9458/378 3346/9457/378
f 3347/9458/1003 3349/9460/1003 3348/9459/1003
f 3349/9460/1004 3351/9462/1004 3350/9461/1004
f 3351/9462/381 3353/9464/381 3352/9463/381
f 3353/9464/1005 3355/9466/1005 3354/9465/1005
f 3355/9466/1006 3357/9468/1006 3356/9467/1006
f 3357/9468/1007 3359/9470/1007 3358/9469/1007
f 3359/9470/1008 3361/9472/1008 3360/9471/1008
f 3361/9472/386 3363/9474/386 3362/9473/386
f 3363/9474/387 3365/9476/387 3364/9475/387
f 3365/9476/388 3367/9478/388 3366/9477/388
f 3367/9478/389 3369/9480/389 3368/9479/389
f 3369/9480/1009 3371/9482/1009 3370/9481/1009
f 3371/9482/1010 3373/9484/1010 3372/9483/1010
f 3373/9484/1011 3375/9486/1011 3374/9485/1011
f 3375/9486/1012 3377/9488/1012 3376/9487/1012
f 3377/9488/394 3379/9490/394 3378/9489/394
f 3379/9490/1013 3381/9492/1013 3380/9491/1013
f 3381/9492/1014 3383/9494/1014 3382/9493/1014
f 3383/9494/397 3385/9496/397 3384/9495/397
f 3385/9496/1015 3387/9498/1015 3386/9497/1015
f 3387/9498/399 3389/9500/399 3388/9499/399
f 3389/9500/1016 3391/9502/1016 3390/9501/1016
f 3391/9502/1017 3393/9506/1017 3392/9503/1017
f 3385/9496/1018 3383/9494/1018 3453/9504/1018
f 3393/9506/403 3395/9508/403 3394/9507/403
f 3395/9508/404 3269/9565/404 3268/9509/404
f 3394/9512/405 3268/10095/405 3270/10096/405
f 3270/10096/405 3272/10097/405 3394/9512/405
f 3272/10097/1019 3274/10098/1019 3394/9512/1019
f 3274/10098/1020 3276/10099/1020 3278/10100/1020
f 3278/10100/1021 3280/10101/1021 3282/10102/1021
f 3282/10102/1019 3284/10103/1019 3290/10104/1019
f 3284/10103/405 3286/10105/405 3290/10104/405
f 3286/10105/1022 3288/10106/1022 3290/10104/1022
f 3290/10104/1022 3292/10107/1022 3294/10108/1022
f 3294/10108/405 3296/10109/405 3290/10104/405
f 3296/10109/405 3298/10110/405 3290/10104/405
f 3298/10110/405 3300/10111/405 3302/10112/405
f 3302/10112/405 3304/10113/405 3298/10110/405
f 3304/10113/405 3306/10114/405 3298/10110/405
f 3306/10114/1019 3308/10115/1019 3310/10116/1019
f 3310/10116/1019 3312/10117/1019 3314/10118/1019
f 3314/10118/1019 3316/10119/1019 3322/10120/1019
f 3316/10119/405 3318/10121/405 3322/10120/405
f 3318/10121/1020 3320/10122/1020 3322/10120/1020
f 3322/10120/1021 3324/10123/1021 3326/10124/1021
f 3326/10124/405 3328/10125/405 3322/10120/405
f 3328/10125/405 3330/9510/405 3322/10120/405
f 3330/9510/405 3332/10126/405 3334/10127/405
f 3334/10127/405 3336/10128/405 3330/9510/405
f 3336/10128/1022 3338/10129/1022 3330/9510/1022
f 3338/10129/1021 3340/10130/1021 3342/10131/1021
f 3342/10131/1020 3344/10132/1020 3346/10133/1020
f 3346/10133/1022 3348/10134/1022 3354/10135/1022
f 3348/10134/405 3350/10136/405 3354/10135/405
f 3350/10136/1019 3352/10137/1019 3354/10135/1019
f 3354/10135/1019 3356/10138/1019 3358/10139/1019
f 3358/10139/405 3360/10140/405 3354/10135/405
f 3360/10140/405 3362/9511/405 3354/10135/405
f 3362/9511/405 3364/10141/405 3366/10142/405
f 3366/10142/405 3368/10143/405 3362/9511/405
f 3368/10143/405 3370/10144/405 3362/9511/405
f 3370/10144/1022 3372/10145/1022 3374/10146/1022
f 3374/10146/1022 3376/10147/1022 3378/10148/1022
f 3378/10148/1022 3380/10149/1022 3386/10150/1022
f 3380/10149/405 3382/10151/405 3386/10150/405
f 3382/10151/1021 3384/10152/1021 3386/10150/1021
f 3386/10150/1020 3388/10153/1020 3390/10154/1020
f 3390/10154/405 3392/10155/405 3386/10150/405
f 3392/10155/405 3394/9512/405 3386/10150/405
f 3274/10098/405 3278/10100/405 3394/9512/405
f 3278/10100/405 3282/10102/405 3394/9512/405
f 3306/10114/405 3310/10116/405 3298/10110/405
f 3310/10116/405 3314/10118/405 3298/10110/405
f 3338/10129/405 3342/10131/405 3330/9510/405
f 3342/10131/405 3346/10133/405 3330/9510/405
f 3370/10144/405 3374/10146/405 3362/9511/405
f 3374/10146/405 3378/10148/405 3362/9511/405
f 3282/10102/405 3290/10104/405 3394/9512/405
f 3290/10104/405 3298/10110/405 3394/9512/405
f 3314/10118/405 3322/10120/405 3298/10110/405
f 3322/10120/405 3330/9510/405 3298/10110/405
f 3346/10133/405 3354/10135/405 3330/9510/405
f 3354/10135/405 3362/9511/405 3330/9510/405
f 3378/10148/405 3386/10150/405 3362/9511/405
f 3386/10150/405 3394/9512/405 3362/9511/405
f 3394/9512/405 3298/10110/405 3330/9510/405
f 3457/9513/1023 3456/9535/1023 3520/9514/1023
f 3333/9444/1024 3331/9442/1024 3427/9516/1024
f 3281/9392/1025 3279/9390/1025 3401/9518/1025
f 3351/9462/1026 3349/9460/1026 3436/9520/1026
f 3299/9410/1027 3297/9408/1027 3410/9522/1027
f 3369/9480/1028 3367/9478/1028 3445/9524/1028
f 3317/9428/1029 3315/9426/1029 3419/9526/1029
f 3387/9498/1030 3385/9496/1030 3454/9505/1030
f 3335/9446/1031 3333/9444/1031 3428/9517/1031
f 3283/9394/1032 3281/9392/1032 3402/9519/1032
f 3353/9464/1033 3351/9462/1033 3437/9521/1033
f 3301/9412/1034 3299/9410/1034 3411/9523/1034
f 3371/9482/1035 3369/9480/1035 3446/9525/1035
f 3319/9430/1036 3317/9428/1036 3420/9527/1036
f 3389/9500/1037 3387/9498/1037 3455/9528/1037
f 3337/9448/1038 3335/9446/1038 3429/9529/1038
f 3285/9396/1039 3283/9394/1039 3403/9530/1039
f 3355/9466/1040 3353/9464/1040 3438/9531/1040
f 3303/9414/1041 3301/9412/1041 3412/9532/1041
f 3373/9484/1042 3371/9482/1042 3447/9533/1042
f 3321/9432/1043 3319/9430/1043 3421/9534/1043
f 3391/9502/1044 3389/9500/1044 3456/9535/1044
f 3339/9450/1045 3337/9448/1045 3430/9536/1045
f 3287/9398/1046 3285/9396/1046 3404/9537/1046
f 3357/9468/1047 3355/9466/1047 3439/9538/1047
f 3305/9416/1048 3303/9414/1048 3413/9539/1048
f 3375/9486/1049 3373/9484/1049 3448/9540/1049
f 3271/9382/1050 3269/9379/1050 3397/9547/1050
f 3323/9434/1051 3321/9432/1051 3422/9541/1051
f 3393/9506/1052 3391/9502/1052 3457/9513/1052
f 3341/9452/1053 3339/9450/1053 3431/9542/1053
f 3289/9400/1054 3287/9398/1054 3405/9543/1054
f 3359/9470/1055 3357/9468/1055 3440/9544/1055
f 3307/9418/1056 3305/9416/1056 3414/9545/1056
f 3377/9488/1057 3375/9486/1057 3449/9546/1057
f 3325/9436/1058 3323/9434/1058 3423/9549/1058
f 3395/9508/1059 3393/9506/1059 3458/9550/1059
f 3273/9384/1060 3271/9382/1060 3396/9548/1060
f 3343/9454/1061 3341/9452/1061 3432/9551/1061
f 3291/9402/1062 3289/9400/1062 3406/9552/1062
f 3361/9472/1063 3359/9470/1063 3441/9553/1063
f 3309/9420/1064 3307/9418/1064 3415/9554/1064
f 3379/9490/1065 3377/9488/1065 3450/9555/1065
f 3327/9438/1066 3325/9436/1066 3424/9556/1066
f 3269/9565/1067 3395/9508/1067 3459/9557/1067
f 3275/9386/1068 3273/9384/1068 3398/9558/1068
f 3345/9456/1069 3343/9454/1069 3433/9559/1069
f 3293/9404/1070 3291/9402/1070 3407/9560/1070
f 3363/9474/1071 3361/9472/1071 3442/9561/1071
f 3311/9422/1072 3309/9420/1072 3416/9562/1072
f 3381/9492/1073 3379/9490/1073 3451/9563/1073
f 3329/9440/1074 3327/9438/1074 3425/9564/1074
f 3277/9388/1075 3275/9386/1075 3399/9567/1075
f 3347/9458/1076 3345/9456/1076 3434/9568/1076
f 3295/9406/1077 3293/9404/1077 3408/9569/1077
f 3365/9476/1078 3363/9474/1078 3443/9570/1078
f 3313/9424/1079 3311/9422/1079 3417/9571/1079
f 3383/9494/1080 3381/9492/1080 3452/9572/1080
f 3331/9442/1081 3329/9440/1081 3426/9573/1081
f 3279/9390/1082 3277/9388/1082 3400/9574/1082
f 3349/9460/1083 3347/9458/1083 3435/9575/1083
f 3297/9408/1084 3295/9406/1084 3409/9576/1084
f 3367/9478/1085 3365/9476/1085 3444/9577/1085
f 3315/9426/1086 3313/9424/1086 3418/9578/1086
f 3523/9579/1087 3587/9706/1087 3525/9580/1087
f 3431/9542/1088 3430/9536/1088 3494/9582/1088
f 3404/9537/1089 3468/9641/1089 3469/9584/1089
f 3457/9513/1090 3521/9515/1090 3522/9585/1090
f 3432/9551/1091 3431/9542/1091 3495/9583/1091
f 3405/9543/1092 3469/9584/1092 3470/9587/1092
f 3458/9550/1093 3522/9585/1093 3523/9579/1093
f 3433/9559/1094 3432/9551/1094 3496/9586/1094
f 3406/9552/1095 3470/9587/1095 3471/9589/1095
f 3459/9557/1096 3523/9579/1096 3461/9581/1096
f 3434/9568/1097 3433/9559/1097 3497/9588/1097
f 3407/9560/1098 3471/9589/1098 3472/9591/1098
f 3435/9575/1099 3434/9568/1099 3498/9590/1099
f 3408/9569/1100 3472/9591/1100 3473/9593/1100
f 3436/9520/1101 3435/9575/1101 3499/9592/1101
f 3409/9576/1102 3473/9593/1102 3474/9595/1102
f 3437/9521/1103 3436/9520/1103 3500/9594/1103
f 3410/9522/1104 3474/9595/1104 3475/9597/1104
f 3438/9531/1105 3437/9521/1105 3501/9596/1105
f 3411/9523/1106 3475/9597/1106 3476/9599/1106
f 3439/9538/1107 3438/9531/1107 3502/9598/1107
f 3412/9532/1108 3476/9599/1108 3477/9601/1108
f 3440/9544/1109 3439/9538/1109 3503/9600/1109
f 3413/9539/1110 3477/9601/1110 3478/9603/1110
f 3441/9553/1111 3440/9544/1111 3504/9602/1111
f 3414/9545/1112 3478/9603/1112 3479/9605/1112
f 3442/9561/1113 3441/9553/1113 3505/9604/1113
f 3415/9554/1114 3479/9605/1114 3480/9607/1114
f 3443/9570/1115 3442/9561/1115 3506/9606/1115
f 3416/9562/1116 3480/9607/1116 3481/9609/1116
f 3444/9577/1117 3443/9570/1117 3507/9608/1117
f 3417/9571/1118 3481/9609/1118 3482/9611/1118
f 3445/9524/1119 3444/9577/1119 3508/9610/1119
f 3418/9578/1120 3482/9611/1120 3483/9613/1120
f 3446/9525/1121 3445/9524/1121 3509/9612/1121
f 3419/9526/1122 3483/9613/1122 3484/9615/1122
f 3447/9533/1123 3446/9525/1123 3510/9614/1123
f 3420/9527/1124 3484/9615/1124 3485/9617/1124
f 3448/9540/1125 3447/9533/1125 3511/9616/1125
f 3421/9534/1126 3485/9617/1126 3486/9619/1126
f 3449/9546/1127 3448/9540/1127 3512/9618/1127
f 3422/9541/1128 3486/9619/1128 3487/9621/1128
f 3397/9547/1129 3461/9677/1129 3460/9622/1129
f 3450/9555/1130 3449/9546/1130 3513/9620/1130
f 3423/9549/1131 3487/9621/1131 3488/9624/1131
f 3396/9548/1132 3460/9622/1132 3462/9625/1132
f 3451/9563/1133 3450/9555/1133 3514/9623/1133
f 3424/9556/1134 3488/9624/1134 3489/9627/1134
f 3398/9558/1135 3462/9625/1135 3463/9628/1135
f 3452/9572/1136 3451/9563/1136 3515/9626/1136
f 3425/9564/1137 3489/9627/1137 3490/9630/1137
f 3399/9567/1138 3463/9628/1138 3464/9631/1138
f 3453/9504/1139 3452/9572/1139 3516/9629/1139
f 3427/9516/1140 3426/9573/1140 3490/9630/1140
f 3400/9574/1141 3464/9631/1141 3465/9634/1141
f 3454/9505/1142 3453/9504/1142 3517/9632/1142
f 3428/9517/1143 3427/9516/1143 3491/9633/1143
f 3401/9518/1144 3465/9634/1144 3466/9637/1144
f 3455/9528/1145 3454/9505/1145 3518/9635/1145
f 3429/9529/1146 3428/9517/1146 3492/9636/1146
f 3402/9519/1147 3466/9637/1147 3467/9640/1147
f 3456/9535/1148 3455/9528/1148 3519/9638/1148
f 3430/9536/1149 3429/9529/1149 3493/9639/1149
f 3403/9530/1150 3467/9640/1150 3468/9641/1150
f 3565/9642/1151 3564/9650/1151 3628/9643/1151
f 3498/9590/1152 3497/9588/1152 3561/9645/1152
f 3471/9589/1153 3535/9707/1153 3536/9647/1153
f 3499/9592/1154 3498/9590/1154 3562/9646/1154
f 3472/9591/1155 3536/9647/1155 3537/9649/1155
f 3500/9594/1156 3499/9592/1156 3563/9648/1156
f 3473/9593/1157 3537/9649/1157 3538/9651/1157
f 3501/9596/1158 3500/9594/1158 3564/9650/1158
f 3474/9595/1159 3538/9651/1159 3539/9652/1159
f 3502/9598/1160 3501/9596/1160 3565/9642/1160
f 3475/9597/1161 3539/9652/1161 3540/9654/1161
f 3503/9600/1162 3502/9598/1162 3566/9653/1162
f 3476/9599/1163 3540/9654/1163 3541/9656/1163
f 3504/9602/1164 3503/9600/1164 3567/9655/1164
f 3477/9601/1165 3541/9656/1165 3542/9658/1165
f 3505/9604/1166 3504/9602/1166 3568/9657/1166
f 3478/9603/1167 3542/9658/1167 3543/9660/1167
f 3506/9606/1168 3505/9604/1168 3569/9659/1168
f 3479/9605/1169 3543/9660/1169 3544/9662/1169
f 3507/9608/1170 3506/9606/1170 3570/9661/1170
f 3480/9607/1171 3544/9662/1171 3545/9664/1171
f 3508/9610/1172 3507/9608/1172 3571/9663/1172
f 3481/9609/1173 3545/9664/1173 3546/9666/1173
f 3509/9612/1174 3508/9610/1174 3572/9665/1174
f 3482/9611/1175 3546/9666/1175 3547/9668/1175
f 3510/9614/1176 3509/9612/1176 3573/9667/1176
f 3483/9613/1177 3547/9668/1177 3548/9670/1177
f 3511/9616/1178 3510/9614/1178 3574/9669/1178
f 3484/9615/1179 3548/9670/1179 3549/9672/1179
f 3512/9618/1180 3511/9616/1180 3575/9671/1180
f 3485/9617/1181 3549/9672/1181 3550/9674/1181
f 3513/9620/1182 3512/9618/1182 3576/9673/1182
f 3486/9619/1183 3550/9674/1183 3551/9676/1183
f 3461/9677/1184 3525/9735/1184 3524/9678/1184
f 3514/9623/1185 3513/9620/1185 3577/9675/1185
f 3487/9621/1186 3551/9676/1186 3552/9680/1186
f 3460/9622/1187 3524/9678/1187 3526/9681/1187
f 3515/9626/1188 3514/9623/1188 3578/9679/1188
f 3488/9624/1189 3552/9680/1189 3553/9683/1189
f 3462/9625/1190 3526/9681/1190 3527/9684/1190
f 3516/9629/1191 3515/9626/1191 3579/9682/1191
f 3489/9627/1192 3553/9683/1192 3554/9686/1192
f 3463/9628/1193 3527/9684/1193 3528/9687/1193
f 3517/9632/1194 3516/9629/1194 3580/9685/1194
f 3491/9633/1195 3490/9630/1195 3554/9686/1195
f 3464/9631/1196 3528/9687/1196 3529/9690/1196
f 3518/9635/1197 3517/9632/1197 3581/9688/1197
f 3492/9636/1198 3491/9633/1198 3555/9689/1198
f 3465/9634/1199 3529/9690/1199 3530/9693/1199
f 3519/9638/1200 3518/9635/1200 3582/9691/1200
f 3493/9639/1201 3492/9636/1201 3556/9692/1201
f 3466/9637/1202 3530/9693/1202 3531/9696/1202
f 3520/9514/1203 3519/9638/1203 3583/9694/1203
f 3494/9582/1204 3493/9639/1204 3557/9695/1204
f 3467/9640/1205 3531/9696/1205 3532/9699/1205
f 3521/9515/1206 3520/9514/1206 3584/9697/1206
f 3495/9583/1207 3494/9582/1207 3558/9698/1207
f 3468/9641/1208 3532/9699/1208 3533/9702/1208
f 3522/9585/1209 3521/9515/1209 3585/9700/1209
f 3496/9586/1210 3495/9583/1210 3559/9701/1210
f 3469/9584/1211 3533/9702/1211 3534/9705/1211
f 3522/9585/1212 3586/9703/1212 3587/9706/1212
f 3497/9588/1213 3496/9586/1213 3560/9704/1213
f 3470/9587/1214 3534/9705/1214 3535/9707/1214
f 3632/9708/1215 3631/9714/1215 3695/9709/1215
f 3538/9651/1216 3602/9772/1216 3603/9711/1216
f 3566/9653/1217 3565/9642/1217 3629/9644/1217
f 3539/9652/1218 3603/9711/1218 3604/9713/1218
f 3567/9655/1219 3566/9653/1219 3630/9712/1219
f 3540/9654/1220 3604/9713/1220 3605/9715/1220
f 3568/9657/1221 3567/9655/1221 3631/9714/1221
f 3541/9656/1222 3605/9715/1222 3606/9716/1222
f 3569/9659/1223 3568/9657/1223 3632/9708/1223
f 3542/9658/1224 3606/9716/1224 3607/9718/1224
f 3570/9661/1225 3569/9659/1225 3633/9717/1225
f 3543/9660/1226 3607/9718/1226 3608/9720/1226
f 3571/9663/1227 3570/9661/1227 3634/9719/1227
f 3544/9662/1228 3608/9720/1228 3609/9722/1228
f 3572/9665/1229 3571/9663/1229 3635/9721/1229
f 3545/9664/1230 3609/9722/1230 3610/9724/1230
f 3573/9667/1231 3572/9665/1231 3636/9723/1231
f 3546/9666/1232 3610/9724/1232 3611/9726/1232
f 3574/9669/1233 3573/9667/1233 3637/9725/1233
f 3547/9668/1234 3611/9726/1234 3612/9728/1234
f 3575/9671/1235 3574/9669/1235 3638/9727/1235
f 3548/9670/1236 3612/9728/1236 3613/9730/1236
f 3576/9673/1237 3575/9671/1237 3639/9729/1237
f 3549/9672/1238 3613/9730/1238 3614/9732/1238
f 3577/9675/1239 3576/9673/1239 3640/9731/1239
f 3550/9674/1240 3614/9732/1240 3615/9734/1240
f 3525/9735/1241 3589/9794/1241 3588/9736/1241
f 3578/9679/1242 3577/9675/1242 3641/9733/1242
f 3551/9676/1243 3615/9734/1243 3616/9738/1243
f 3524/9678/1244 3588/9736/1244 3590/9739/1244
f 3579/9682/1245 3578/9679/1245 3642/9737/1245
f 3552/9680/1246 3616/9738/1246 3617/9741/1246
f 3526/9681/1247 3590/9739/1247 3591/9742/1247
f 3580/9685/1248 3579/9682/1248 3643/9740/1248
f 3553/9683/1249 3617/9741/1249 3618/9744/1249
f 3527/9684/1250 3591/9742/1250 3592/9745/1250
f 3581/9688/1251 3580/9685/1251 3644/9743/1251
f 3555/9689/1252 3554/9686/1252 3618/9744/1252
f 3528/9687/1253 3592/9745/1253 3593/9748/1253
f 3582/9691/1254 3581/9688/1254 3645/9746/1254
f 3556/9692/1255 3555/9689/1255 3619/9747/1255
f 3529/9690/1256 3593/9748/1256 3594/9751/1256
f 3583/9694/1257 3582/9691/1257 3646/9749/1257
f 3557/9695/1258 3556/9692/1258 3620/9750/1258
f 3530/9693/1259 3594/9751/1259 3595/9754/1259
f 3584/9697/1260 3583/9694/1260 3647/9752/1260
f 3558/9698/1261 3557/9695/1261 3621/9753/1261
f 3531/9696/1262 3595/9754/1262 3596/9757/1262
f 3585/9700/1263 3584/9697/1263 3648/9755/1263
f 3559/9701/1264 3558/9698/1264 3622/9756/1264
f 3532/9699/1265 3596/9757/1265 3597/9760/1265
f 3586/9703/1266 3585/9700/1266 3649/9758/1266
f 3560/9704/1267 3559/9701/1267 3623/9759/1267
f 3533/9702/1268 3597/9760/1268 3598/9763/1268
f 3586/9703/1269 3650/9761/1269 3651/9764/1269
f 3561/9645/1270 3560/9704/1270 3624/9762/1270
f 3534/9705/1271 3598/9763/1271 3599/9766/1271
f 3587/9706/1272 3651/9764/1272 3589/9767/1272
f 3562/9646/1273 3561/9645/1273 3625/9765/1273
f 3535/9707/1274 3599/9766/1274 3600/9769/1274
f 3563/9648/1275 3562/9646/1275 3626/9768/1275
f 3536/9647/1276 3600/9769/1276 3601/9771/1276
f 3564/9650/1277 3563/9648/1277 3627/9770/1277
f 3537/9649/1278 3601/9771/1278 3602/9772/1278
f 3699/9773/1279 3698/9779/1279 3762/9774/1279
f 3605/9715/1280 3669/9837/1280 3670/9776/1280
f 3633/9717/1281 3632/9708/1281 3696/9710/1281
f 3606/9716/1282 3670/9776/1282 3671/9778/1282
f 3634/9719/1283 3633/9717/1283 3697/9777/1283
f 3607/9718/1284 3671/9778/1284 3672/9780/1284
f 3635/9721/610 3634/9719/610 3698/9779/610
f 3608/9720/1285 3672/9780/1285 3673/9781/1285
f 3636/9723/1286 3635/9721/1286 3699/9773/1286
f 3609/9722/1287 3673/9781/1287 3674/9783/1287
f 3637/9725/1288 3636/9723/1288 3700/9782/1288
f 3610/9724/1289 3674/9783/1289 3675/9785/1289
f 3638/9727/1290 3637/9725/1290 3701/9784/1290
f 3611/9726/1291 3675/9785/1291 3676/9787/1291
f 3639/9729/1292 3638/9727/1292 3702/9786/1292
f 3612/9728/1293 3676/9787/1293 3677/9789/1293
f 3640/9731/1294 3639/9729/1294 3703/9788/1294
f 3613/9730/1295 3677/9789/1295 3678/9791/1295
f 3641/9733/1296 3640/9731/1296 3704/9790/1296
f 3614/9732/1297 3678/9791/1297 3679/9793/1297
f 3589/9794/1298 3653/9853/1298 3652/9795/1298
f 3642/9737/1299 3641/9733/1299 3705/9792/1299
f 3615/9734/1300 3679/9793/1300 3680/9797/1300
f 3588/9736/1301 3652/9795/1301 3654/9798/1301
f 3643/9740/1302 3642/9737/1302 3706/9796/1302
f 3616/9738/1303 3680/9797/1303 3681/9800/1303
f 3590/9739/1304 3654/9798/1304 3655/9801/1304
f 3644/9743/1305 3643/9740/1305 3707/9799/1305
f 3617/9741/1306 3681/9800/1306 3682/9803/1306
f 3591/9742/1307 3655/9801/1307 3656/9804/1307
f 3645/9746/1308 3644/9743/1308 3708/9802/1308
f 3619/9747/1309 3618/9744/1309 3682/9803/1309
f 3592/9745/1310 3656/9804/1310 3657/9807/1310
f 3646/9749/1311 3645/9746/1311 3709/9805/1311
f 3620/9750/1312 3619/9747/1312 3683/9806/1312
f 3593/9748/1313 3657/9807/1313 3658/9810/1313
f 3647/9752/1314 3646/9749/1314 3710/9808/1314
f 3621/9753/1315 3620/9750/1315 3684/9809/1315
f 3594/9751/1316 3658/9810/1316 3659/9813/1316
f 3648/9755/1317 3647/9752/1317 3711/9811/1317
f 3622/9756/1318 3621/9753/1318 3685/9812/1318
f 3595/9754/1319 3659/9813/1319 3660/9816/1319
f 3649/9758/1320 3648/9755/1320 3712/9814/1320
f 3623/9759/1321 3622/9756/1321 3686/9815/1321
f 3596/9757/1322 3660/9816/1322 3661/9819/1322
f 3650/9761/1323 3649/9758/1323 3713/9817/1323
f 3624/9762/1324 3623/9759/1324 3687/9818/1324
f 3597/9760/1325 3661/9819/1325 3662/9822/1325
f 3650/9761/1326 3714/9820/1326 3715/9823/1326
f 3625/9765/1327 3624/9762/1327 3688/9821/1327
f 3598/9763/1328 3662/9822/1328 3663/9825/1328
f 3651/9764/1329 3715/9823/1329 3653/9826/1329
f 3626/9768/1330 3625/9765/1330 3689/9824/1330
f 3599/9766/1331 3663/9825/1331 3664/9828/1331
f 3627/9770/1332 3626/9768/1332 3690/9827/1332
f 3600/9769/1333 3664/9828/1333 3665/9830/1333
f 3628/9643/1334 3627/9770/1334 3691/9829/1334
f 3601/9771/1335 3665/9830/1335 3666/9832/1335
f 3629/9644/1336 3628/9643/1336 3692/9831/1336
f 3602/9772/1337 3666/9832/1337 3667/9834/1337
f 3630/9712/1338 3629/9644/1338 3693/9833/1338
f 3603/9711/1339 3667/9834/1339 3668/9836/1339
f 3631/9714/1340 3630/9712/1340 3694/9835/1340
f 3604/9713/1341 3668/9836/1341 3669/9837/1341
f 3766/9838/726 3765/9844/726 3829/9839/726
f 3672/9780/1342 3736/9902/1342 3737/9841/1342
f 3700/9782/1343 3699/9773/1343 3763/9775/1343
f 3673/9781/1344 3737/9841/1344 3738/9843/1344
f 3701/9784/1345 3700/9782/1345 3764/9842/1345
f 3674/9783/1346 3738/9843/1346 3739/9845/1346
f 3702/9786/1347 3701/9784/1347 3765/9844/1347
f 3675/9785/1348 3739/9845/1348 3740/9846/1348
f 3703/9788/1349 3702/9786/1349 3766/9838/1349
f 3676/9787/1350 3740/9846/1350 3741/9848/1350
f 3704/9790/1351 3703/9788/1351 3767/9847/1351
f 3677/9789/1352 3741/9848/1352 3742/9850/1352
f 3705/9792/1353 3704/9790/1353 3768/9849/1353
f 3678/9791/1354 3742/9850/1354 3743/9852/1354
f 3653/9853/1355 3717/10156/1355 3716/9854/1355
f 3706/9796/1356 3705/9792/1356 3769/9851/1356
f 3679/9793/1357 3743/9852/1357 3744/9856/1357
f 3652/9795/1358 3716/9854/1358 3718/9857/1358
f 3707/9799/1359 3706/9796/1359 3770/9855/1359
f 3680/9797/1360 3744/9856/1360 3745/9859/1360
f 3654/9798/1361 3718/9857/1361 3719/9860/1361
f 3708/9802/1362 3707/9799/1362 3771/9858/1362
f 3681/9800/1363 3745/9859/1363 3746/9862/1363
f 3655/9801/1364 3719/9860/1364 3720/9863/1364
f 3709/9805/1365 3708/9802/1365 3772/9861/1365
f 3682/9803/1366 3746/9862/1366 3747/9865/1366
f 3656/9804/1367 3720/9863/1367 3721/9866/1367
f 3710/9808/1368 3709/9805/1368 3773/9864/1368
f 3684/9809/1369 3683/9806/1369 3747/9865/1369
f 3657/9807/1370 3721/9866/1370 3722/9869/1370
f 3711/9811/1371 3710/9808/1371 3774/9867/1371
f 3685/9812/1372 3684/9809/1372 3748/9868/1372
f 3658/9810/1373 3722/9869/1373 3723/9872/1373
f 3712/9814/1374 3711/9811/1374 3775/9870/1374
f 3686/9815/1375 3685/9812/1375 3749/9871/1375
f 3659/9813/1376 3723/9872/1376 3724/9875/1376
f 3713/9817/1377 3712/9814/1377 3776/9873/1377
f 3687/9818/1378 3686/9815/1378 3750/9874/1378
f 3660/9816/1379 3724/9875/1379 3725/9878/1379
f 3714/9820/1380 3713/9817/1380 3777/9876/1380
f 3688/9821/1381 3687/9818/1381 3751/9877/1381
f 3661/9819/1382 3725/9878/1382 3726/9881/1382
f 3714/9820/1383 3778/9879/1383 3779/9882/1383
f 3689/9824/1384 3688/9821/1384 3752/9880/1384
f 3662/9822/1385 3726/9881/1385 3727/9884/1385
f 3715/9823/1386 3779/9882/1386 3717/9885/1386
f 3690/9827/1387 3689/9824/1387 3753/9883/1387
f 3663/9825/1388 3727/9884/1388 3728/9887/1388
f 3691/9829/1389 3690/9827/1389 3754/9886/1389
f 3664/9828/1390 3728/9887/1390 3729/9889/1390
f 3692/9831/1391 3691/9829/1391 3755/9888/1391
f 3665/9830/1392 3729/9889/1392 3730/9891/1392
f 3693/9833/1393 3692/9831/1393 3756/9890/1393
f 3666/9832/1394 3730/9891/1394 3731/9893/1394
f 3694/9835/1395 3693/9833/1395 3757/9892/1395
f 3667/9834/1396 3731/9893/1396 3732/9895/1396
f 3695/9709/1397 3694/9835/1397 3758/9894/1397
f 3668/9836/1398 3732/9895/1398 3733/9897/1398
f 3696/9710/1399 3695/9709/1399 3759/9896/1399
f 3669/9837/1400 3733/9897/1400 3734/9899/1400
f 3697/9777/1401 3696/9710/1401 3760/9898/1401
f 3670/9776/1402 3734/9899/1402 3735/9901/1402
f 3698/9779/1403 3697/9777/1403 3761/9900/1403
f 3671/9778/1404 3735/9901/1404 3736/9902/1404
f 3833/9903/1405 3832/9909/1405 3896/9904/1405
f 3739/9845/791 3803/9967/791 3804/9906/791
f 3767/9847/1406 3766/9838/1406 3830/9840/1406
f 3740/9846/1407 3804/9906/1407 3805/9908/1407
f 3768/9849/1408 3767/9847/1408 3831/9907/1408
f 3741/9848/1409 3805/9908/1409 3806/9910/1409
f 3769/9851/1410 3768/9849/1410 3832/9909/1410
f 3742/9850/797 3806/9910/797 3807/9911/797
f 3716/9854/798 3717/10156/798 3781/9912/798
f 3770/9855/1411 3769/9851/1411 3833/9903/1411
f 3743/9852/1412 3807/9911/1412 3808/9915/1412
f 3718/9857/1413 3716/9854/1413 3780/9913/1413
f 3771/9858/802 3770/9855/802 3834/9914/802
f 3744/9856/803 3808/9915/803 3809/9918/803
f 3719/9860/1414 3718/9857/1414 3782/9916/1414
f 3772/9861/1415 3771/9858/1415 3835/9917/1415
f 3745/9859/1416 3809/9918/1416 3810/9921/1416
f 3720/9863/1417 3719/9860/1417 3783/9919/1417
f 3773/9864/808 3772/9861/808 3836/9920/808
f 3746/9862/809 3810/9921/809 3811/9924/809
f 3720/9863/1418 3784/9922/1418 3785/9925/1418
f 3774/9867/1419 3773/9864/1419 3837/9923/1419
f 3747/9865/812 3811/9924/812 3812/9927/812
f 3721/9866/1420 3785/9925/1420 3786/9928/1420
f 3775/9870/1421 3774/9867/1421 3838/9926/1421
f 3748/9868/815 3812/9927/815 3813/9930/815
f 3722/9869/816 3786/9928/816 3787/9931/816
f 3776/9873/817 3775/9870/817 3839/9929/817
f 3749/9871/1422 3813/9930/1422 3814/9933/1422
f 3723/9872/1423 3787/9931/1423 3788/9934/1423
f 3777/9876/1424 3776/9873/1424 3840/9932/1424
f 3750/9874/1425 3814/9933/1425 3815/9936/1425
f 3724/9875/1426 3788/9934/1426 3789/9937/1426
f 3778/9879/823 3777/9876/823 3841/9935/823
f 3751/9877/1427 3815/9936/1427 3816/9939/1427
f 3725/9878/1428 3789/9937/1428 3790/9940/1428
f 3779/9882/826 3778/9879/826 3842/9938/826
f 3753/9883/1429 3752/9880/1429 3816/9939/1429
f 3726/9881/1430 3790/9940/1430 3791/9943/1430
f 3717/9885/1431 3779/9882/1431 3843/9941/1431
f 3754/9886/830 3753/9883/830 3817/9942/830
f 3727/9884/1432 3791/9943/1432 3792/9946/1432
f 3755/9888/1433 3754/9886/1433 3818/9945/1433
f 3728/9887/1434 3792/9946/1434 3793/9948/1434
f 3756/9890/1435 3755/9888/1435 3819/9947/1435
f 3729/9889/835 3793/9948/835 3794/9950/835
f 3757/9892/1436 3756/9890/1436 3820/9949/1436
f 3730/9891/1437 3794/9950/1437 3795/9952/1437
f 3758/9894/1438 3757/9892/1438 3821/9951/1438
f 3731/9893/839 3795/9952/839 3796/9954/839
f 3759/9896/1439 3758/9894/1439 3822/9953/1439
f 3732/9895/1440 3796/9954/1440 3797/9956/1440
f 3760/9898/1441 3759/9896/1441 3823/9955/1441
f 3733/9897/1442 3797/9956/1442 3798/9958/1442
f 3761/9900/1443 3760/9898/1443 3824/9957/1443
f 3734/9899/1444 3798/9958/1444 3799/9960/1444
f 3762/9774/1445 3761/9900/1445 3825/9959/1445
f 3735/9901/1446 3799/9960/1446 3800/9962/1446
f 3763/9775/1447 3762/9774/1447 3826/9961/1447
f 3736/9902/1448 3800/9962/1448 3801/9964/1448
f 3764/9842/1449 3763/9775/1449 3827/9963/1449
f 3737/9841/851 3801/9964/851 3802/9966/851
f 3765/9844/1450 3764/9842/1450 3828/9965/1450
f 3738/9843/1451 3802/9966/1451 3803/9967/1451
f 3846/9968/1452 3910/10094/1452 3911/9969/1452
f 3807/9911/1453 3806/9910/1453 3870/9971/1453
f 3781/9912/856 3845/10090/856 3844/9973/856
f 3834/9914/1454 3833/9903/1454 3897/9905/1454
f 3808/9915/1455 3807/9911/1455 3871/9972/1455
f 3780/9913/859 3844/9973/859 3846/9968/859
f 3835/9917/860 3834/9914/860 3898/9974/860
f 3809/9918/1456 3808/9915/1456 3872/9975/1456
f 3782/9916/1457 3846/9968/1457 3847/9970/1457
f 3836/9920/863 3835/9917/863 3899/9976/863
f 3810/9921/1458 3809/9918/1458 3873/9977/1458
f 3783/9919/865 3847/9970/865 3848/9980/865
f 3837/9923/866 3836/9920/866 3900/9978/866
f 3810/9921/867 3874/9979/867 3875/9982/867
f 3784/9922/1459 3848/9980/1459 3849/9983/1459
f 3838/9926/1460 3837/9923/1460 3901/9981/1460
f 3811/9924/870 3875/9982/870 3876/9985/870
f 3785/9925/1461 3849/9983/1461 3850/9986/1461
f 3839/9929/1462 3838/9926/1462 3902/9984/1462
f 3812/9927/873 3876/9985/873 3877/9988/873
f 3786/9928/1463 3850/9986/1463 3851/9989/1463
f 3840/9932/1464 3839/9929/1464 3903/9987/1464
f 3813/9930/1465 3877/9988/1465 3878/9991/1465
f 3787/9931/1466 3851/9989/1466 3852/9992/1466
f 3841/9935/878 3840/9932/878 3904/9990/878
f 3814/9933/879 3878/9991/879 3879/9994/879
f 3788/9934/1467 3852/9992/1467 3853/9995/1467
f 3842/9938/1468 3841/9935/1468 3905/9993/1468
f 3815/9936/882 3879/9994/882 3880/9997/882
f 3789/9937/1469 3853/9995/1469 3854/9998/1469
f 3842/9938/1470 3906/9996/1470 3907/9999/1470
f 3816/9939/1471 3880/9997/1471 3881/10000/1471
f 3790/9940/1472 3854/9998/1472 3855/10001/1472
f 3843/9941/1473 3907/9999/1473 3845/10002/1473
f 3817/9942/1474 3881/10000/1474 3882/10003/1474
f 3791/9943/1475 3855/10001/1475 3856/10004/1475
f 3818/9945/1476 3882/10003/1476 3883/10005/1476
f 3792/9946/1477 3856/10004/1477 3857/10006/1477
f 3819/9947/1478 3883/10005/1478 3884/10007/1478
f 3793/9948/1479 3857/10006/1479 3858/10008/1479
f 3820/9949/1480 3884/10007/1480 3885/10009/1480
f 3794/9950/1481 3858/10008/1481 3859/10010/1481
f 3821/9951/1482 3885/10009/1482 3886/10011/1482
f 3795/9952/1483 3859/10010/1483 3860/10012/1483
f 3822/9953/1484 3886/10011/1484 3887/10013/1484
f 3797/9956/1485 3796/9954/1485 3860/10012/1485
f 3823/9955/1486 3887/10013/1486 3888/10015/1486
f 3798/9958/1487 3797/9956/1487 3861/10014/1487
f 3824/9957/1488 3888/10015/1488 3889/10017/1488
f 3799/9960/1489 3798/9958/1489 3862/10016/1489
f 3826/9961/904 3825/9959/904 3889/10017/904
f 3800/9962/1490 3799/9960/1490 3863/10018/1490
f 3827/9963/1491 3826/9961/1491 3890/10019/1491
f 3801/9964/1492 3800/9962/1492 3864/10020/1492
f 3828/9965/908 3827/9963/908 3891/10021/908
f 3802/9966/1493 3801/9964/1493 3865/10022/1493
f 3829/9839/1494 3828/9965/1494 3892/10023/1494
f 3803/9967/911 3802/9966/911 3866/10024/911
f 3830/9840/1495 3829/9839/1495 3893/10025/1495
f 3804/9906/1496 3803/9967/1496 3867/10026/1496
f 3831/9907/1497 3830/9840/1497 3894/10027/1497
f 3805/9908/1498 3804/9906/1498 3868/10028/1498
f 3832/9909/916 3831/9907/916 3895/10029/916
f 3806/9910/1499 3805/9908/1499 3869/10030/1499
f 3910/10094/1500 3908/10091/1500 3935/10089/1500
f 3908/10091/1501 3909/10157/1501 3936/10093/1501
f 3937/10035/1500 3909/10157/1500 3971/10055/1500
f 3971/10055/918 3970/10052/918 3938/10036/918
f 3970/10052/1500 3969/10049/1500 3939/10038/1500
f 3969/10049/1500 3968/10046/1500 3940/10041/1500
f 3941/10044/1502 3968/10046/1502 3967/10043/1502
f 3967/10043/1502 3966/10040/1502 3942/10047/1502
f 3966/10040/1503 3965/10037/1503 3943/10050/1503
f 3965/10037/1500 3964/10034/1500 3944/10053/1500
f 3966/10040/1502 3943/10050/1502 3942/10047/1502
f 3964/10034/1501 3963/10033/1501 3945/10056/1501
f 3963/10033/1502 3962/10092/1502 3946/10059/1502
f 3964/10034/1501 3945/10056/1501 3944/10053/1501
f 3962/10092/1504 3961/10088/1504 3947/10061/1504
f 3961/10088/1505 3960/10086/1505 3948/10063/1505
f 3962/10092/1500 3947/10061/1500 3946/10059/1500
f 3960/10086/1503 3959/10085/1503 3949/10065/1503
f 3959/10085/1506 3958/10083/1506 3950/10067/1506
f 3960/10086/1502 3949/10065/1502 3948/10063/1502
f 3958/10083/1507 3957/10081/1507 3951/10069/1507
f 3957/10081/1508 3956/10079/1508 3952/10071/1508
f 3956/10079/1501 3955/10077/1501 3953/10073/1501
f 3955/10077/1509 3954/10075/1509 3953/10073/1509
f 3953/10073/1510 3952/10071/1510 3956/10079/1510
f 3952/10071/1504 3951/10069/1504 3957/10081/1504
f 3951/10069/1505 3950/10067/1505 3958/10083/1505
f 3950/10067/1504 3949/10065/1504 3959/10085/1504
f 3948/10063/1502 3947/10061/1502 3961/10088/1502
f 3946/10059/1505 3945/10056/1505 3963/10033/1505
f 3944/10053/1500 3943/10050/1500 3965/10037/1500
f 3942/10047/1503 3941/10044/1503 3967/10043/1503
f 3941/10044/1502 3940/10041/1502 3968/10046/1502
f 3969/10049/1500 3940/10041/1500 3939/10038/1500
f 3939/10038/1502 3938/10036/1502 3970/10052/1502
f 3938/10036/918 3937/10035/918 3971/10055/918
f 3937/10035/918 3936/10093/918 3909/10157/918
f 3908/10091/1502 3936/10093/1502 3935/10089/1502
f 3935/10089/918 3934/10087/918 3910/10094/918
f 3934/10087/1500 3933/10032/1500 3911/9969/1500
f 3933/10032/1502 3932/10084/1502 3912/10031/1502
f 3934/10087/918 3911/9969/918 3910/10094/918
f 3932/10084/1501 3931/10082/1501 3913/10039/1501
f 3931/10082/1503 3930/10080/1503 3914/10042/1503
f 3932/10084/1501 3913/10039/1501 3912/10031/1501
f 3930/10080/918 3929/10078/918 3915/10045/918
f 3929/10078/1501 3928/10076/1501 3916/10048/1501
f 3930/10080/1505 3915/10045/1505 3914/10042/1505
f 3928/10076/918 3927/10074/918 3917/10051/918
f 3927/10074/1511 3926/10072/1511 3918/10054/1511
f 3928/10076/1500 3917/10051/1500 3916/10048/1500
f 3926/10072/1512 3925/10070/1512 3919/10057/1512
f 3925/10070/1502 3924/10068/1502 3920/10060/1502
f 3924/10068/1501 3923/10066/1501 3921/10062/1501
f 3923/10066/1513 3922/10064/1513 3921/10062/1513
f 3921/10062/1506 3920/10060/1506 3924/10068/1506
f 3920/10060/1504 3919/10057/1504 3925/10070/1504
f 3919/10057/1514 3918/10054/1514 3926/10072/1514
f 3918/10054/1503 3917/10051/1503 3927/10074/1503
f 3916/10048/1506 3915/10045/1506 3929/10078/1506
f 3914/10042/1502 3913/10039/1502 3931/10082/1502
f 3900/9978/1515 3899/9976/1515 3963/10033/1515
f 3874/9979/1516 3873/9977/1516 3937/10035/1516
f 3847/9970/1517 3911/9969/1517 3912/10031/1517
f 3901/9981/922 3900/9978/922 3964/10034/922
f 3875/9982/1518 3874/9979/1518 3938/10036/1518
f 3848/9980/1519 3912/10031/1519 3913/10039/1519
f 3902/9984/1520 3901/9981/1520 3965/10037/1520
f 3875/9982/1521 3939/10038/1521 3940/10041/1521
f 3849/9983/1522 3913/10039/1522 3914/10042/1522
f 3903/9987/1523 3902/9984/1523 3966/10040/1523
f 3876/9985/1524 3940/10041/1524 3941/10044/1524
f 3850/9986/1525 3914/10042/1525 3915/10045/1525
f 3904/9990/1526 3903/9987/1526 3967/10043/1526
f 3877/9988/1527 3941/10044/1527 3942/10047/1527
f 3851/9989/1528 3915/10045/1528 3916/10048/1528
f 3905/9993/1529 3904/9990/1529 3968/10046/1529
f 3878/9991/1530 3942/10047/1530 3943/10050/1530
f 3852/9992/1531 3916/10048/1531 3917/10051/1531
f 3906/9996/1532 3905/9993/1532 3969/10049/1532
f 3879/9994/1533 3943/10050/1533 3944/10053/1533
f 3853/9995/1534 3917/10051/1534 3918/10054/1534
f 3906/9996/1535 3970/10052/1535 3971/10055/1535
f 3880/9997/1536 3944/10053/1536 3945/10056/1536
f 3854/9998/1537 3918/10054/1537 3919/10057/1537
f 3907/9999/943 3971/10055/943 3909/10058/943
f 3881/10000/1538 3945/10056/1538 3946/10059/1538
f 3855/10001/1539 3919/10057/1539 3920/10060/1539
f 3882/10003/1540 3946/10059/1540 3947/10061/1540
f 3856/10004/1541 3920/10060/1541 3921/10062/1541
f 3883/10005/1542 3947/10061/1542 3948/10063/1542
f 3857/10006/1543 3921/10062/1543 3922/10064/1543
f 3884/10007/1544 3948/10063/1544 3949/10065/1544
f 3858/10008/1545 3922/10064/1545 3923/10066/1545
f 3885/10009/1546 3949/10065/1546 3950/10067/1546
f 3860/10012/1547 3859/10010/1547 3923/10066/1547
f 3886/10011/1548 3950/10067/1548 3951/10069/1548
f 3861/10014/1549 3860/10012/1549 3924/10068/1549
f 3887/10013/1550 3951/10069/1550 3952/10071/1550
f 3862/10016/1551 3861/10014/1551 3925/10070/1551
f 3888/10015/1552 3952/10071/1552 3953/10073/1552
f 3863/10018/1553 3862/10016/1553 3926/10072/1553
f 3889/10017/1554 3953/10073/1554 3954/10075/1554
f 3864/10020/1555 3863/10018/1555 3927/10074/1555
f 3891/10021/1556 3890/10019/1556 3954/10075/1556
f 3865/10022/1557 3864/10020/1557 3928/10076/1557
f 3892/10023/1558 3891/10021/1558 3955/10077/1558
f 3866/10024/1559 3865/10022/1559 3929/10078/1559
f 3893/10025/966 3892/10023/966 3956/10079/966
f 3867/10026/1560 3866/10024/1560 3930/10080/1560
f 3894/10027/1561 3893/10025/1561 3957/10081/1561
f 3868/10028/1562 3867/10026/1562 3931/10082/1562
f 3895/10029/1563 3894/10027/1563 3958/10083/1563
f 3869/10030/1564 3868/10028/1564 3932/10084/1564
f 3896/9904/1565 3895/10029/1565 3959/10085/1565
f 3870/9971/1566 3869/10030/1566 3933/10032/1566
f 3897/9905/1567 3896/9904/1567 3960/10086/1567
f 3871/9972/1568 3870/9971/1568 3934/10087/1568
f 3845/10090/976 3909/10157/976 3908/10091/976
f 3898/9974/1569 3897/9905/1569 3961/10088/1569
f 3872/9975/1570 3871/9972/1570 3935/10089/1570
f 3844/9973/1571 3908/10091/1571 3910/10094/1571
f 3899/9976/1572 3898/9974/1572 3962/10092/1572
f 3873/9977/1573 3872/9975/1573 3936/10093/1573
o Cube.005_Cube
v -16.181259 8.313400 -9.041511
v -16.181259 10.919352 -9.041511
v -16.181259 8.313400 -8.141873
v -16.181259 10.919352 -8.141873
v -16.734756 8.313400 -9.041511
v -16.734756 10.919352 -9.041511
v -16.734756 8.313400 -8.141873
v -16.734756 10.919352 -8.141873
vt 0.625000 0.000000
vt 0.375000 0.250000
vt 0.375000 0.000000
vt 0.625000 0.250000
vt 0.375000 0.500000
vt 0.625000 0.500000
vt 0.375000 0.750000
vt 0.625000 0.750000
vt 0.375000 1.000000
vt 0.125000 0.750000
vt 0.125000 0.500000
vt 0.875000 0.500000
vt 0.625000 1.000000
vt 0.875000 0.750000
vn 1.0000 0.0000 0.0000
vn 0.0000 0.0000 1.0000
vn -1.0000 0.0000 0.0000
vn 0.0000 0.0000 -1.0000
vn 0.0000 -1.0000 0.0000
vn 0.0000 1.0000 0.0000
s off
f 3973/10158/1574 3974/10159/1574 3972/10160/1574
f 3975/10161/1575 3978/10162/1575 3974/10159/1575
f 3979/10163/1576 3976/10164/1576 3978/10162/1576
f 3977/10165/1577 3972/10166/1577 3976/10164/1577
f 3978/10162/1578 3972/10167/1578 3974/10168/1578
f 3975/10169/1579 3977/10165/1579 3979/10163/1579
f 3973/10158/1574 3975/10161/1574 3974/10159/1574
f 3975/10161/1575 3979/10163/1575 3978/10162/1575
f 3979/10163/1576 3977/10165/1576 3976/10164/1576
f 3977/10165/1577 3973/10170/1577 3972/10166/1577
f 3978/10162/1578 3976/10164/1578 3972/10167/1578
f 3975/10169/1579 3973/10171/1579 3977/10165/1579
o Cylinder.001
v -16.121771 2.032991 1.824149
v -16.121771 7.905256 1.824149
v -16.134809 2.032991 1.823509
v -16.134809 7.905256 1.823509
v -16.147722 2.032991 1.821593
v -16.147722 7.905256 1.821593
v -16.160385 2.032991 1.818421
v -16.160385 7.905256 1.818421
v -16.172678 2.032991 1.814023
v -16.172678 7.905256 1.814023
v -16.184479 2.032991 1.808442
v -16.184479 7.905256 1.808442
v -16.195675 2.032991 1.801731
v -16.195675 7.905256 1.801731
v -16.206161 2.032991 1.793954
v -16.206161 7.905256 1.793954
v -16.215834 2.032991 1.785187
v -16.215834 7.905256 1.785187
v -16.224600 2.032991 1.775515
v -16.224600 7.905256 1.775515
v -16.232376 2.032991 1.765029
v -16.232376 7.905256 1.765029
v -16.239088 2.032991 1.753832
v -16.239088 7.905256 1.753832
v -16.244669 2.032991 1.742031
v -16.244669 7.905256 1.742031
v -16.249067 2.032991 1.729740
v -16.249067 7.905256 1.729740
v -16.252239 2.032991 1.717077
v -16.252239 7.905256 1.717077
v -16.254154 2.032991 1.704164
v -16.254154 7.905256 1.704164
v -16.254795 2.032991 1.691125
v -16.254795 7.905256 1.691125
v -16.254154 2.032991 1.678087
v -16.254154 7.905256 1.678087
v -16.252239 2.032991 1.665173
v -16.252239 7.905256 1.665173
v -16.249067 2.032991 1.652510
v -16.249067 7.905256 1.652510
v -16.244669 2.032991 1.640219
v -16.244669 7.905256 1.640219
v -16.239088 2.032991 1.628418
v -16.239088 7.905256 1.628418
v -16.232376 2.032991 1.617221
v -16.232376 7.905256 1.617221
v -16.224600 2.032991 1.606735
v -16.224600 7.905256 1.606735
v -16.215834 2.032991 1.597063
v -16.215834 7.905256 1.597063
v -16.206161 2.032991 1.588296
v -16.206161 7.905256 1.588296
v -16.195675 2.032991 1.580520
v -16.195675 7.905256 1.580520
v -16.184479 2.032991 1.573808
v -16.184479 7.905256 1.573808
v -16.172678 2.032991 1.568227
v -16.172678 7.905256 1.568227
v -16.160385 2.032991 1.563829
v -16.160385 7.905256 1.563829
v -16.147722 2.032991 1.560657
v -16.147722 7.905256 1.560657
v -16.134809 2.032991 1.558741
v -16.134809 7.905256 1.558741
v -16.121771 2.032991 1.558101
v -16.121771 7.905256 1.558101
v -16.108732 2.032991 1.558741
v -16.108732 7.905256 1.558741
v -16.095819 2.032991 1.560657
v -16.095819 7.905256 1.560657
v -16.083157 2.032991 1.563829
v -16.083157 7.905256 1.563829
v -16.070864 2.032991 1.568227
v -16.070864 7.905256 1.568227
v -16.059063 2.032991 1.573808
v -16.059063 7.905256 1.573808
v -16.047867 2.032991 1.580520
v -16.047867 7.905256 1.580520
v -16.037380 2.032991 1.588296
v -16.037380 7.905256 1.588296
v -16.027708 2.032991 1.597063
v -16.027708 7.905256 1.597063
v -16.018942 2.032991 1.606735
v -16.018942 7.905256 1.606735
v -16.011166 2.032991 1.617221
v -16.011166 7.905256 1.617221
v -16.004454 2.032991 1.628418
v -16.004454 7.905256 1.628418
v -15.998873 2.032991 1.640219
v -15.998873 7.905256 1.640219
v -15.994474 2.032991 1.652510
v -15.994474 7.905256 1.652510
v -15.991302 2.032991 1.665173
v -15.991302 7.905256 1.665173
v -15.989388 2.032991 1.678087
v -15.989388 7.905256 1.678087
v -15.988747 2.032991 1.691125
v -15.988747 7.905256 1.691125
v -15.989388 2.032991 1.704164
v -15.989388 7.905256 1.704164
v -15.991302 2.032991 1.717077
v -15.991302 7.905256 1.717077
v -15.994474 2.032991 1.729740
v -15.994474 7.905256 1.729740
v -15.998873 2.032991 1.742031
v -15.998873 7.905256 1.742031
v -16.004454 2.032991 1.753832
v -16.004454 7.905256 1.753832
v -16.011166 2.032991 1.765029
v -16.011166 7.905256 1.765029
v -16.018942 2.032991 1.775515
v -16.018942 7.905256 1.775515
v -16.027708 2.032991 1.785187
v -16.027708 7.905256 1.785187
v -16.037380 2.032991 1.793954
v -16.037380 7.905256 1.793954
v -16.047867 2.032991 1.801731
v -16.047867 7.905256 1.801731
v -16.059063 2.032991 1.808442
v -16.059063 7.905256 1.808442
v -16.070864 2.032991 1.814023
v -16.070864 7.905256 1.814023
v -16.083157 2.032991 1.818421
v -16.083157 7.905256 1.818421
v -16.095819 2.032991 1.821593
v -16.095819 7.905256 1.821593
v -16.108732 2.032991 1.823509
v -16.108732 7.905256 1.823509
vt 1.000000 1.000000
vt 0.984375 0.500000
vt 1.000000 0.500000
vt 0.984375 1.000000
vt 0.968750 0.500000
vt 0.968750 1.000000
vt 0.953125 0.500000
vt 0.953125 1.000000
vt 0.937500 0.500000
vt 0.937500 1.000000
vt 0.921875 0.500000
vt 0.921875 1.000000
vt 0.906250 0.500000
vt 0.906250 1.000000
vt 0.890625 0.500000
vt 0.890625 1.000000
vt 0.875000 0.500000
vt 0.875000 1.000000
vt 0.859375 0.500000
vt 0.859375 1.000000
vt 0.843750 0.500000
vt 0.843750 1.000000
vt 0.828125 0.500000
vt 0.828125 1.000000
vt 0.812500 0.500000
vt 0.812500 1.000000
vt 0.796875 0.500000
vt 0.796875 1.000000
vt 0.781250 0.500000
vt 0.781250 1.000000
vt 0.765625 0.500000
vt 0.765625 1.000000
vt 0.750000 0.500000
vt 0.750000 1.000000
vt 0.734375 0.500000
vt 0.734375 1.000000
vt 0.718750 0.500000
vt 0.718750 1.000000
vt 0.703125 0.500000
vt 0.703125 1.000000
vt 0.687500 0.500000
vt 0.687500 1.000000
vt 0.671875 0.500000
vt 0.671875 1.000000
vt 0.656250 0.500000
vt 0.656250 1.000000
vt 0.640625 0.500000
vt 0.640625 1.000000
vt 0.625000 0.500000
vt 0.625000 1.000000
vt 0.609375 0.500000
vt 0.609375 1.000000
vt 0.593750 0.500000
vt 0.593750 1.000000
vt 0.578125 0.500000
vt 0.578125 1.000000
vt 0.562500 0.500000
vt 0.562500 1.000000
vt 0.546875 0.500000
vt 0.546875 1.000000
vt 0.531250 0.500000
vt 0.531250 1.000000
vt 0.515625 0.500000
vt 0.515625 1.000000
vt 0.500000 0.500000
vt 0.500000 1.000000
vt 0.484375 0.500000
vt 0.484375 1.000000
vt 0.468750 0.500000
vt 0.468750 1.000000
vt 0.453125 0.500000
vt 0.453125 1.000000
vt 0.437500 0.500000
vt 0.437500 1.000000
vt 0.421875 0.500000
vt 0.421875 1.000000
vt 0.406250 0.500000
vt 0.406250 1.000000
vt 0.390625 0.500000
vt 0.390625 1.000000
vt 0.375000 0.500000
vt 0.375000 1.000000
vt 0.359375 0.500000
vt 0.359375 1.000000
vt 0.343750 0.500000
vt 0.343750 1.000000
vt 0.328125 0.500000
vt 0.328125 1.000000
vt 0.312500 0.500000
vt 0.312500 1.000000
vt 0.296875 0.500000
vt 0.296875 1.000000
vt 0.281250 0.500000
vt 0.281250 1.000000
vt 0.265625 0.500000
vt 0.265625 1.000000
vt 0.250000 0.500000
vt 0.250000 1.000000
vt 0.234375 0.500000
vt 0.234375 1.000000
vt 0.218750 0.500000
vt 0.218750 1.000000
vt 0.203125 0.500000
vt 0.203125 1.000000
vt 0.187500 0.500000
vt 0.187500 1.000000
vt 0.171875 0.500000
vt 0.171875 1.000000
vt 0.156250 0.500000
vt 0.156250 1.000000
vt 0.140625 0.500000
vt 0.140625 1.000000
vt 0.125000 0.500000
vt 0.125000 1.000000
vt 0.109375 0.500000
vt 0.109375 1.000000
vt 0.093750 0.500000
vt 0.093750 1.000000
vt 0.078125 0.500000
vt 0.078125 1.000000
vt 0.062500 0.500000
vt 0.062500 1.000000
vt 0.046875 0.500000
vt 0.046875 1.000000
vt 0.031250 0.500000
vt 0.031250 1.000000
vt 0.015625 0.500000
vt 0.015625 1.000000
vt 0.000000 0.500000
vt 0.773524 0.011156
vt 0.511156 0.226476
vt 0.726476 0.488844
vt 0.000000 1.000000
vt 0.750000 0.490000
vt 0.773524 0.488844
vt 0.796822 0.485388
vt 0.819668 0.479666
vt 0.841844 0.471731
vt 0.863135 0.461661
vt 0.883337 0.449553
vt 0.902254 0.435522
vt 0.919706 0.419706
vt 0.961661 0.363135
vt 0.935522 0.402254
vt 0.949553 0.383337
vt 0.971731 0.341844
vt 0.979666 0.319668
vt 0.985388 0.296822
vt 0.988844 0.273524
vt 0.990000 0.250000
vt 0.988844 0.226476
vt 0.985388 0.203178
vt 0.979666 0.180332
vt 0.971731 0.158156
vt 0.961661 0.136865
vt 0.949553 0.116663
vt 0.935522 0.097746
vt 0.919706 0.080294
vt 0.863135 0.038339
vt 0.902254 0.064478
vt 0.883337 0.050447
vt 0.841844 0.028269
vt 0.819668 0.020334
vt 0.796822 0.014612
vt 0.750000 0.010000
vt 0.726476 0.011156
vt 0.703178 0.014612
vt 0.680332 0.020334
vt 0.658156 0.028269
vt 0.636865 0.038339
vt 0.616663 0.050447
vt 0.597746 0.064478
vt 0.580294 0.080294
vt 0.538339 0.136865
vt 0.564478 0.097746
vt 0.550447 0.116663
vt 0.528269 0.158156
vt 0.520334 0.180332
vt 0.514612 0.203178
vt 0.510000 0.250000
vt 0.511156 0.273524
vt 0.514612 0.296822
vt 0.520334 0.319668
vt 0.528269 0.341844
vt 0.538339 0.363135
vt 0.550447 0.383337
vt 0.564478 0.402254
vt 0.580294 0.419706
vt 0.636865 0.461661
vt 0.597746 0.435522
vt 0.616663 0.449553
vt 0.658156 0.471731
vt 0.680332 0.479666
vt 0.703178 0.485388
vn -0.0491 0.0000 0.9988
vn -0.1467 0.0000 0.9892
vn -0.2430 0.0000 0.9700
vn -0.3369 0.0000 0.9416
vn -0.4276 0.0000 0.9040
vn -0.5141 0.0000 0.8577
vn -0.5957 0.0000 0.8032
vn -0.6716 0.0000 0.7409
vn -0.7410 0.0000 0.6715
vn -0.8032 0.0000 0.5957
vn -0.8577 0.0000 0.5141
vn -0.9040 0.0000 0.4275
vn -0.9415 0.0000 0.3369
vn -0.9700 0.0000 0.2430
vn -0.9892 0.0000 0.1467
vn -0.9988 0.0000 0.0491
vn -0.9988 0.0000 -0.0491
vn -0.9892 0.0000 -0.1467
vn -0.9700 0.0000 -0.2430
vn -0.9415 0.0000 -0.3369
vn -0.9040 0.0000 -0.4275
vn -0.8577 0.0000 -0.5141
vn -0.8032 0.0000 -0.5957
vn -0.7410 0.0000 -0.6715
vn -0.6716 0.0000 -0.7409
vn -0.5957 0.0000 -0.8032
vn -0.5141 0.0000 -0.8577
vn -0.4276 0.0000 -0.9040
vn -0.3368 0.0000 -0.9416
vn -0.2430 0.0000 -0.9700
vn -0.1468 0.0000 -0.9892
vn -0.0491 0.0000 -0.9988
vn 0.0491 0.0000 -0.9988
vn 0.1467 0.0000 -0.9892
vn 0.2430 0.0000 -0.9700
vn 0.3369 0.0000 -0.9416
vn 0.4276 0.0000 -0.9040
vn 0.5141 0.0000 -0.8577
vn 0.5957 0.0000 -0.8032
vn 0.6716 0.0000 -0.7409
vn 0.7410 0.0000 -0.6715
vn 0.8032 0.0000 -0.5957
vn 0.8577 0.0000 -0.5141
vn 0.9040 0.0000 -0.4275
vn 0.9415 0.0000 -0.3369
vn 0.9700 0.0000 -0.2430
vn 0.9892 0.0000 -0.1467
vn 0.9988 0.0000 -0.0491
vn 0.9988 0.0000 0.0491
vn 0.9892 0.0000 0.1467
vn 0.9700 0.0000 0.2430
vn 0.9415 0.0000 0.3369
vn 0.9040 0.0000 0.4275
vn 0.8577 0.0000 0.5141
vn 0.8032 0.0000 0.5957
vn 0.7410 0.0000 0.6715
vn 0.6716 0.0000 0.7409
vn 0.5957 0.0000 0.8032
vn 0.5141 0.0000 0.8577
vn 0.4276 0.0000 0.9040
vn 0.3369 0.0000 0.9416
vn 0.2430 0.0000 0.9700
vn 0.1468 0.0000 0.9892
vn 0.0491 0.0000 0.9988
vn 0.0000 -1.0000 0.0000
vn 0.0000 1.0000 0.0000
vn -0.1468 0.0000 0.9892
vn -0.3369 0.0000 -0.9416
vn -0.1467 0.0000 -0.9892
vn 0.1468 0.0000 -0.9892
vn 0.3368 0.0000 -0.9416
vn 0.1467 0.0000 0.9892
vn 0.0000 -1.0000 0.0001
vn 0.0000 -1.0000 -0.0001
vn 0.0000 1.0000 -0.0009
vn 0.0000 1.0000 0.0009
vn 0.0000 1.0000 -0.0001
vn 0.0000 1.0000 0.0001
vn 0.0000 1.0000 0.0003
vn 0.0000 1.0000 0.0006
vn 0.0000 1.0000 -0.0003
vn 0.0000 1.0000 -0.0006
vn 0.0000 1.0000 -0.0002
vn 0.0000 1.0000 0.0002
s off
f 3981/10172/1580 3982/10173/1580 3980/10174/1580
f 3983/10175/1581 3984/10176/1581 3982/10173/1581
f 3985/10177/1582 3986/10178/1582 3984/10176/1582
f 3987/10179/1583 3988/10180/1583 3986/10178/1583
f 3989/10181/1584 3990/10182/1584 3988/10180/1584
f 3991/10183/1585 3992/10184/1585 3990/10182/1585
f 3993/10185/1586 3994/10186/1586 3992/10184/1586
f 3995/10187/1587 3996/10188/1587 3994/10186/1587
f 3997/10189/1588 3998/10190/1588 3996/10188/1588
f 3999/10191/1589 4000/10192/1589 3998/10190/1589
f 4001/10193/1590 4002/10194/1590 4000/10192/1590
f 4003/10195/1591 4004/10196/1591 4002/10194/1591
f 4005/10197/1592 4006/10198/1592 4004/10196/1592
f 4007/10199/1593 4008/10200/1593 4006/10198/1593
f 4009/10201/1594 4010/10202/1594 4008/10200/1594
f 4011/10203/1595 4012/10204/1595 4010/10202/1595
f 4013/10205/1596 4014/10206/1596 4012/10204/1596
f 4015/10207/1597 4016/10208/1597 4014/10206/1597
f 4017/10209/1598 4018/10210/1598 4016/10208/1598
f 4019/10211/1599 4020/10212/1599 4018/10210/1599
f 4021/10213/1600 4022/10214/1600 4020/10212/1600
f 4023/10215/1601 4024/10216/1601 4022/10214/1601
f 4025/10217/1602 4026/10218/1602 4024/10216/1602
f 4027/10219/1603 4028/10220/1603 4026/10218/1603
f 4029/10221/1604 4030/10222/1604 4028/10220/1604
f 4031/10223/1605 4032/10224/1605 4030/10222/1605
f 4033/10225/1606 4034/10226/1606 4032/10224/1606
f 4035/10227/1607 4036/10228/1607 4034/10226/1607
f 4037/10229/1608 4038/10230/1608 4036/10228/1608
f 4039/10231/1609 4040/10232/1609 4038/10230/1609
f 4041/10233/1610 4042/10234/1610 4040/10232/1610
f 4043/10235/1611 4044/10236/1611 4042/10234/1611
f 4045/10237/1612 4046/10238/1612 4044/10236/1612
f 4047/10239/1613 4048/10240/1613 4046/10238/1613
f 4049/10241/1614 4050/10242/1614 4048/10240/1614
f 4051/10243/1615 4052/10244/1615 4050/10242/1615
f 4053/10245/1616 4054/10246/1616 4052/10244/1616
f 4055/10247/1617 4056/10248/1617 4054/10246/1617
f 4057/10249/1618 4058/10250/1618 4056/10248/1618
f 4059/10251/1619 4060/10252/1619 4058/10250/1619
f 4061/10253/1620 4062/10254/1620 4060/10252/1620
f 4063/10255/1621 4064/10256/1621 4062/10254/1621
f 4065/10257/1622 4066/10258/1622 4064/10256/1622
f 4067/10259/1623 4068/10260/1623 4066/10258/1623
f 4069/10261/1624 4070/10262/1624 4068/10260/1624
f 4071/10263/1625 4072/10264/1625 4070/10262/1625
f 4073/10265/1626 4074/10266/1626 4072/10264/1626
f 4075/10267/1627 4076/10268/1627 4074/10266/1627
f 4077/10269/1628 4078/10270/1628 4076/10268/1628
f 4079/10271/1629 4080/10272/1629 4078/10270/1629
f 4081/10273/1630 4082/10274/1630 4080/10272/1630
f 4083/10275/1631 4084/10276/1631 4082/10274/1631
f 4085/10277/1632 4086/10278/1632 4084/10276/1632
f 4087/10279/1633 4088/10280/1633 4086/10278/1633
f 4089/10281/1634 4090/10282/1634 4088/10280/1634
f 4091/10283/1635 4092/10284/1635 4090/10282/1635
f 4093/10285/1636 4094/10286/1636 4092/10284/1636
f 4095/10287/1637 4096/10288/1637 4094/10286/1637
f 4097/10289/1638 4098/10290/1638 4096/10288/1638
f 4099/10291/1639 4100/10292/1639 4098/10290/1639
f 4101/10293/1640 4102/10294/1640 4100/10292/1640
f 4103/10295/1641 4104/10296/1641 4102/10294/1641
f 4105/10297/1642 4106/10298/1642 4104/10296/1642
f 4107/10299/1643 3980/10300/1643 4106/10298/1643
f 4042/10301/1644 4074/10302/1644 4106/10303/1644
f 4049/10241/1645 4017/10209/1645 3985/10177/1645
f 3981/10172/1580 3983/10175/1580 3982/10173/1580
f 3983/10175/1646 3985/10177/1646 3984/10176/1646
f 3985/10177/1582 3987/10179/1582 3986/10178/1582
f 3987/10179/1583 3989/10181/1583 3988/10180/1583
f 3989/10181/1584 3991/10183/1584 3990/10182/1584
f 3991/10183/1585 3993/10185/1585 3992/10184/1585
f 3993/10185/1586 3995/10187/1586 3994/10186/1586
f 3995/10187/1587 3997/10189/1587 3996/10188/1587
f 3997/10189/1588 3999/10191/1588 3998/10190/1588
f 3999/10191/1589 4001/10193/1589 4000/10192/1589
f 4001/10193/1590 4003/10195/1590 4002/10194/1590
f 4003/10195/1591 4005/10197/1591 4004/10196/1591
f 4005/10197/1592 4007/10199/1592 4006/10198/1592
f 4007/10199/1593 4009/10201/1593 4008/10200/1593
f 4009/10201/1594 4011/10203/1594 4010/10202/1594
f 4011/10203/1595 4013/10205/1595 4012/10204/1595
f 4013/10205/1596 4015/10207/1596 4014/10206/1596
f 4015/10207/1597 4017/10209/1597 4016/10208/1597
f 4017/10209/1598 4019/10211/1598 4018/10210/1598
f 4019/10211/1599 4021/10213/1599 4020/10212/1599
f 4021/10213/1600 4023/10215/1600 4022/10214/1600
f 4023/10215/1601 4025/10217/1601 4024/10216/1601
f 4025/10217/1602 4027/10219/1602 4026/10218/1602
f 4027/10219/1603 4029/10221/1603 4028/10220/1603
f 4029/10221/1604 4031/10223/1604 4030/10222/1604
f 4031/10223/1605 4033/10225/1605 4032/10224/1605
f 4033/10225/1606 4035/10227/1606 4034/10226/1606
f 4035/10227/1607 4037/10229/1607 4036/10228/1607
f 4037/10229/1647 4039/10231/1647 4038/10230/1647
f 4039/10231/1609 4041/10233/1609 4040/10232/1609
f 4041/10233/1648 4043/10235/1648 4042/10234/1648
f 4043/10235/1611 4045/10237/1611 4044/10236/1611
f 4045/10237/1612 4047/10239/1612 4046/10238/1612
f 4047/10239/1649 4049/10241/1649 4048/10240/1649
f 4049/10241/1614 4051/10243/1614 4050/10242/1614
f 4051/10243/1650 4053/10245/1650 4052/10244/1650
f 4053/10245/1616 4055/10247/1616 4054/10246/1616
f 4055/10247/1617 4057/10249/1617 4056/10248/1617
f 4057/10249/1618 4059/10251/1618 4058/10250/1618
f 4059/10251/1619 4061/10253/1619 4060/10252/1619
f 4061/10253/1620 4063/10255/1620 4062/10254/1620
f 4063/10255/1621 4065/10257/1621 4064/10256/1621
f 4065/10257/1622 4067/10259/1622 4066/10258/1622
f 4067/10259/1623 4069/10261/1623 4068/10260/1623
f 4069/10261/1624 4071/10263/1624 4070/10262/1624
f 4071/10263/1625 4073/10265/1625 4072/10264/1625
f 4073/10265/1626 4075/10267/1626 4074/10266/1626
f 4075/10267/1627 4077/10269/1627 4076/10268/1627
f 4077/10269/1628 4079/10271/1628 4078/10270/1628
f 4079/10271/1629 4081/10273/1629 4080/10272/1629
f 4081/10273/1630 4083/10275/1630 4082/10274/1630
f 4083/10275/1631 4085/10277/1631 4084/10276/1631
f 4085/10277/1632 4087/10279/1632 4086/10278/1632
f 4087/10279/1633 4089/10281/1633 4088/10280/1633
f 4089/10281/1634 4091/10283/1634 4090/10282/1634
f 4091/10283/1635 4093/10285/1635 4092/10284/1635
f 4093/10285/1636 4095/10287/1636 4094/10286/1636
f 4095/10287/1637 4097/10289/1637 4096/10288/1637
f 4097/10289/1638 4099/10291/1638 4098/10290/1638
f 4099/10291/1639 4101/10293/1639 4100/10292/1639
f 4101/10293/1640 4103/10295/1640 4102/10294/1640
f 4103/10295/1641 4105/10297/1641 4104/10296/1641
f 4105/10297/1651 4107/10299/1651 4106/10298/1651
f 4107/10299/1643 3981/10304/1643 3980/10300/1643
f 4106/10303/1644 3980/10305/1644 3982/10306/1644
f 3982/10306/1644 3984/10307/1644 4106/10303/1644
f 3984/10307/1652 3986/10308/1652 4106/10303/1652
f 3986/10308/1644 3988/10309/1644 3990/10310/1644
f 3990/10310/1644 3992/10311/1644 3994/10312/1644
f 3994/10312/1653 3996/10313/1653 4002/10314/1653
f 3996/10313/1652 3998/10315/1652 4002/10314/1652
f 3998/10315/1653 4000/10316/1653 4002/10314/1653
f 4002/10314/1644 4004/10317/1644 4006/10318/1644
f 4006/10318/1644 4008/10319/1644 4002/10314/1644
f 4008/10319/1644 4010/10320/1644 4002/10314/1644
f 4010/10320/1644 4012/10321/1644 4014/10322/1644
f 4014/10322/1644 4016/10323/1644 4010/10320/1644
f 4016/10323/1644 4018/10324/1644 4010/10320/1644
f 4018/10324/1644 4020/10325/1644 4022/10326/1644
f 4022/10326/1644 4024/10327/1644 4026/10328/1644
f 4026/10328/1644 4028/10329/1644 4034/10330/1644
f 4028/10329/1652 4030/10331/1652 4034/10330/1652
f 4030/10331/1644 4032/10332/1644 4034/10330/1644
f 4034/10330/1644 4036/10333/1644 4038/10334/1644
f 4038/10334/1644 4040/10335/1644 4034/10330/1644
f 4040/10335/1644 4042/10301/1644 4034/10330/1644
f 4042/10301/1644 4044/10336/1644 4046/10337/1644
f 4046/10337/1644 4048/10338/1644 4042/10301/1644
f 4048/10338/1653 4050/10339/1653 4042/10301/1653
f 4050/10339/1644 4052/10340/1644 4054/10341/1644
f 4054/10341/1644 4056/10342/1644 4058/10343/1644
f 4058/10343/1652 4060/10344/1652 4066/10345/1652
f 4060/10344/1653 4062/10346/1653 4066/10345/1653
f 4062/10346/1652 4064/10347/1652 4066/10345/1652
f 4066/10345/1644 4068/10348/1644 4070/10349/1644
f 4070/10349/1644 4072/10350/1644 4066/10345/1644
f 4072/10350/1644 4074/10302/1644 4066/10345/1644
f 4074/10302/1644 4076/10351/1644 4078/10352/1644
f 4078/10352/1644 4080/10353/1644 4074/10302/1644
f 4080/10353/1644 4082/10354/1644 4074/10302/1644
f 4082/10354/1644 4084/10355/1644 4086/10356/1644
f 4086/10356/1644 4088/10357/1644 4090/10358/1644
f 4090/10358/1644 4092/10359/1644 4098/10360/1644
f 4092/10359/1653 4094/10361/1653 4098/10360/1653
f 4094/10361/1644 4096/10362/1644 4098/10360/1644
f 4098/10360/1644 4100/10363/1644 4102/10364/1644
f 4102/10364/1644 4104/10365/1644 4098/10360/1644
f 4104/10365/1644 4106/10303/1644 4098/10360/1644
f 3986/10308/1644 3990/10310/1644 4106/10303/1644
f 3990/10310/1644 3994/10312/1644 4106/10303/1644
f 4018/10324/1644 4022/10326/1644 4010/10320/1644
f 4022/10326/1644 4026/10328/1644 4010/10320/1644
f 4050/10339/1644 4054/10341/1644 4042/10301/1644
f 4054/10341/1644 4058/10343/1644 4042/10301/1644
f 4082/10354/1644 4086/10356/1644 4074/10302/1644
f 4086/10356/1644 4090/10358/1644 4074/10302/1644
f 3994/10312/1644 4002/10314/1644 4106/10303/1644
f 4002/10314/1644 4010/10320/1644 4106/10303/1644
f 4026/10328/1644 4034/10330/1644 4010/10320/1644
f 4034/10330/1644 4042/10301/1644 4010/10320/1644
f 4058/10343/1644 4066/10345/1644 4042/10301/1644
f 4066/10345/1644 4074/10302/1644 4042/10301/1644
f 4090/10358/1644 4098/10360/1644 4074/10302/1644
f 4098/10360/1644 4106/10303/1644 4074/10302/1644
f 4106/10303/1644 4010/10320/1644 4042/10301/1644
f 3985/10177/1654 3983/10175/1654 3981/10304/1654
f 3981/10304/1654 4107/10299/1654 4105/10297/1654
f 4105/10297/1655 4103/10295/1655 4101/10293/1655
f 4101/10293/1645 4099/10291/1645 4105/10297/1645
f 4099/10291/1645 4097/10289/1645 4105/10297/1645
f 4097/10289/1655 4095/10287/1655 4093/10285/1655
f 4093/10285/1645 4091/10283/1645 4089/10281/1645
f 4089/10281/1656 4087/10279/1656 4081/10273/1656
f 4087/10279/1645 4085/10277/1645 4081/10273/1645
f 4085/10277/1645 4083/10275/1645 4081/10273/1645
f 4081/10273/1656 4079/10271/1656 4077/10269/1656
f 4077/10269/1657 4075/10267/1657 4073/10265/1657
f 4073/10265/1645 4071/10263/1645 4069/10261/1645
f 4069/10261/1645 4067/10259/1645 4073/10265/1645
f 4067/10259/1658 4065/10257/1658 4073/10265/1658
f 4065/10257/1645 4063/10255/1645 4061/10253/1645
f 4061/10253/1654 4059/10251/1654 4057/10249/1654
f 4057/10249/1645 4055/10247/1645 4049/10241/1645
f 4055/10247/1659 4053/10245/1659 4049/10241/1659
f 4053/10245/1654 4051/10243/1654 4049/10241/1654
f 4049/10241/1655 4047/10239/1655 4045/10237/1655
f 4045/10237/1655 4043/10235/1655 4041/10233/1655
f 4041/10233/1654 4039/10231/1654 4037/10229/1654
f 4037/10229/1645 4035/10227/1645 4041/10233/1645
f 4035/10227/1645 4033/10225/1645 4041/10233/1645
f 4033/10225/1654 4031/10223/1654 4029/10221/1654
f 4029/10221/1645 4027/10219/1645 4025/10217/1645
f 4025/10217/1657 4023/10215/1657 4017/10209/1657
f 4023/10215/1645 4021/10213/1645 4017/10209/1645
f 4021/10213/1645 4019/10211/1645 4017/10209/1645
f 4017/10209/1657 4015/10207/1657 4013/10205/1657
f 4013/10205/1656 4011/10203/1656 4009/10201/1656
f 4009/10201/1645 4007/10199/1645 4005/10197/1645
f 4005/10197/1645 4003/10195/1645 4009/10201/1645
f 4003/10195/1660 4001/10193/1660 4009/10201/1660
f 4001/10193/1645 3999/10191/1645 3997/10189/1645
f 3997/10189/1655 3995/10187/1655 3993/10185/1655
f 3993/10185/1645 3991/10183/1645 3985/10177/1645
f 3991/10183/1661 3989/10181/1661 3985/10177/1661
f 3989/10181/1655 3987/10179/1655 3985/10177/1655
f 3985/10177/1645 3981/10304/1645 4105/10297/1645
f 4097/10289/1662 4093/10285/1662 4089/10281/1662
f 4081/10273/1645 4077/10269/1645 4073/10265/1645
f 4065/10257/1663 4061/10253/1663 4057/10249/1663
f 4049/10241/1645 4045/10237/1645 4041/10233/1645
f 4033/10225/1663 4029/10221/1663 4025/10217/1663
f 4017/10209/1645 4013/10205/1645 4009/10201/1645
f 4001/10193/1662 3997/10189/1662 3993/10185/1662
f 3985/10177/1645 4105/10297/1645 4081/10273/1645
f 4105/10297/1645 4097/10289/1645 4081/10273/1645
f 4097/10289/1645 4089/10281/1645 4081/10273/1645
f 4081/10273/1645 4073/10265/1645 4049/10241/1645
f 4073/10265/1645 4065/10257/1645 4049/10241/1645
f 4065/10257/1656 4057/10249/1656 4049/10241/1656
f 4049/10241/1645 4041/10233/1645 4017/10209/1645
f 4041/10233/1645 4033/10225/1645 4017/10209/1645
f 4033/10225/1645 4025/10217/1645 4017/10209/1645
f 4017/10209/1645 4009/10201/1645 3985/10177/1645
f 4009/10201/1645 4001/10193/1645 3985/10177/1645
f 4001/10193/1657 3993/10185/1657 3985/10177/1657
f 3985/10177/1645 4081/10273/1645 4049/10241/1645
o Cube.006_Cube.001
v -16.049049 4.851550 1.216074
v -16.049049 7.457500 1.216074
v -16.049049 4.851550 2.115711
v -16.049049 7.457500 2.115711
v -16.602547 4.851550 1.216074
v -16.602547 7.457500 1.216074
v -16.602547 4.851550 2.115711
v -16.602547 7.457500 2.115711
vt 0.625000 0.000000
vt 0.375000 0.250000
vt 0.375000 0.000000
vt 0.625000 0.250000
vt 0.375000 0.500000
vt 0.625000 0.500000
vt 0.375000 0.750000
vt 0.625000 0.750000
vt 0.375000 1.000000
vt 0.125000 0.750000
vt 0.125000 0.500000
vt 0.875000 0.500000
vt 0.625000 1.000000
vt 0.875000 0.750000
vn 1.0000 0.0000 0.0000
vn 0.0000 0.0000 1.0000
vn -1.0000 0.0000 0.0000
vn 0.0000 0.0000 -1.0000
vn 0.0000 -1.0000 0.0000
vn 0.0000 1.0000 0.0000
s off
f 4109/10366/1664 4110/10367/1664 4108/10368/1664
f 4111/10369/1665 4114/10370/1665 4110/10367/1665
f 4115/10371/1666 4112/10372/1666 4114/10370/1666
f 4113/10373/1667 4108/10374/1667 4112/10372/1667
f 4114/10370/1668 4108/10375/1668 4110/10376/1668
f 4111/10377/1669 4113/10373/1669 4115/10371/1669
f 4109/10366/1664 4111/10369/1664 4110/10367/1664
f 4111/10369/1665 4115/10371/1665 4114/10370/1665
f 4115/10371/1666 4113/10373/1666 4112/10372/1666
f 4113/10373/1667 4109/10378/1667 4108/10374/1667
f 4114/10370/1668 4112/10372/1668 4108/10375/1668
f 4111/10377/1669 4109/10379/1669 4113/10373/1669
o Cylinder.002
v 16.874128 2.032991 -2.102699
v 16.874128 7.905256 -2.102699
v 16.887167 2.032991 -2.102058
v 16.887167 7.905256 -2.102058
v 16.900080 2.032991 -2.100143
v 16.900080 7.905256 -2.100143
v 16.912743 2.032991 -2.096971
v 16.912743 7.905256 -2.096971
v 16.925035 2.032991 -2.092573
v 16.925035 7.905256 -2.092573
v 16.936836 2.032991 -2.086991
v 16.936836 7.905256 -2.086991
v 16.948032 2.032991 -2.080280
v 16.948032 7.905256 -2.080280
v 16.958519 2.032991 -2.072504
v 16.958519 7.905256 -2.072504
v 16.968191 2.032991 -2.063737
v 16.968191 7.905256 -2.063737
v 16.976957 2.032991 -2.054064
v 16.976957 7.905256 -2.054064
v 16.984734 2.032991 -2.043579
v 16.984734 7.905256 -2.043579
v 16.991446 2.032991 -2.032382
v 16.991446 7.905256 -2.032382
v 16.997026 2.032991 -2.020581
v 16.997026 7.905256 -2.020581
v 17.001425 2.032991 -2.008289
v 17.001425 7.905256 -2.008289
v 17.004597 2.032991 -1.995626
v 17.004597 7.905256 -1.995626
v 17.006512 2.032991 -1.982713
v 17.006512 7.905256 -1.982713
v 17.007153 2.032991 -1.969674
v 17.007153 7.905256 -1.969674
v 17.006512 2.032991 -1.956636
v 17.006512 7.905256 -1.956636
v 17.004597 2.032991 -1.943723
v 17.004597 7.905256 -1.943723
v 17.001425 2.032991 -1.931060
v 17.001425 7.905256 -1.931060
v 16.997026 2.032991 -1.918768
v 16.997026 7.905256 -1.918768
v 16.991446 2.032991 -1.906967
v 16.991446 7.905256 -1.906967
v 16.984734 2.032991 -1.895770
v 16.984734 7.905256 -1.895770
v 16.976957 2.032991 -1.885285
v 16.976957 7.905256 -1.885285
v 16.968191 2.032991 -1.875612
v 16.968191 7.905256 -1.875612
v 16.958519 2.032991 -1.866845
v 16.958519 7.905256 -1.866845
v 16.948032 2.032991 -1.859069
v 16.948032 7.905256 -1.859069
v 16.936836 2.032991 -1.852358
v 16.936836 7.905256 -1.852358
v 16.925034 2.032991 -1.846776
v 16.925034 7.905256 -1.846776
v 16.912743 2.032991 -1.842378
v 16.912743 7.905256 -1.842378
v 16.900080 2.032991 -1.839206
v 16.900080 7.905256 -1.839206
v 16.887167 2.032991 -1.837291
v 16.887167 7.905256 -1.837291
v 16.874128 2.032991 -1.836650
v 16.874128 7.905256 -1.836650
v 16.861090 2.032991 -1.837291
v 16.861090 7.905256 -1.837291
v 16.848177 2.032991 -1.839206
v 16.848177 7.905256 -1.839206
v 16.835514 2.032991 -1.842378
v 16.835514 7.905256 -1.842378
v 16.823221 2.032991 -1.846776
v 16.823221 7.905256 -1.846776
v 16.811420 2.032991 -1.852358
v 16.811420 7.905256 -1.852358
v 16.800224 2.032991 -1.859069
v 16.800224 7.905256 -1.859069
v 16.789738 2.032991 -1.866845
v 16.789738 7.905256 -1.866845
v 16.780066 2.032991 -1.875612
v 16.780066 7.905256 -1.875612
v 16.771299 2.032991 -1.885285
v 16.771299 7.905256 -1.885285
v 16.763523 2.032991 -1.895770
v 16.763523 7.905256 -1.895770
v 16.756811 2.032991 -1.906967
v 16.756811 7.905256 -1.906967
v 16.751230 2.032991 -1.918768
v 16.751230 7.905256 -1.918768
v 16.746832 2.032991 -1.931060
v 16.746832 7.905256 -1.931060
v 16.743660 2.032991 -1.943723
v 16.743660 7.905256 -1.943723
v 16.741745 2.032991 -1.956636
v 16.741745 7.905256 -1.956636
v 16.741104 2.032991 -1.969674
v 16.741104 7.905256 -1.969674
v 16.741745 2.032991 -1.982713
v 16.741745 7.905256 -1.982713
v 16.743660 2.032991 -1.995626
v 16.743660 7.905256 -1.995626
v 16.746832 2.032991 -2.008289
v 16.746832 7.905256 -2.008289
v 16.751230 2.032991 -2.020581
v 16.751230 7.905256 -2.020581
v 16.756811 2.032991 -2.032382
v 16.756811 7.905256 -2.032382
v 16.763523 2.032991 -2.043579
v 16.763523 7.905256 -2.043579
v 16.771299 2.032991 -2.054064
v 16.771299 7.905256 -2.054064
v 16.780066 2.032991 -2.063737
v 16.780066 7.905256 -2.063737
v 16.789738 2.032991 -2.072504
v 16.789738 7.905256 -2.072504
v 16.800224 2.032991 -2.080280
v 16.800224 7.905256 -2.080280
v 16.811420 2.032991 -2.086991
v 16.811420 7.905256 -2.086991
v 16.823223 2.032991 -2.092573
v 16.823223 7.905256 -2.092573
v 16.835514 2.032991 -2.096971
v 16.835514 7.905256 -2.096971
v 16.848177 2.032991 -2.100143
v 16.848177 7.905256 -2.100143
v 16.861090 2.032991 -2.102058
v 16.861090 7.905256 -2.102058
vt 1.000000 1.000000
vt 0.984375 0.500000
vt 1.000000 0.500000
vt 0.984375 1.000000
vt 0.968750 0.500000
vt 0.968750 1.000000
vt 0.953125 0.500000
vt 0.953125 1.000000
vt 0.937500 0.500000
vt 0.937500 1.000000
vt 0.921875 0.500000
vt 0.921875 1.000000
vt 0.906250 0.500000
vt 0.906250 1.000000
vt 0.890625 0.500000
vt 0.890625 1.000000
vt 0.875000 0.500000
vt 0.875000 1.000000
vt 0.859375 0.500000
vt 0.859375 1.000000
vt 0.843750 0.500000
vt 0.843750 1.000000
vt 0.828125 0.500000
vt 0.828125 1.000000
vt 0.812500 0.500000
vt 0.812500 1.000000
vt 0.796875 0.500000
vt 0.796875 1.000000
vt 0.781250 0.500000
vt 0.781250 1.000000
vt 0.765625 0.500000
vt 0.765625 1.000000
vt 0.750000 0.500000
vt 0.750000 1.000000
vt 0.734375 0.500000
vt 0.734375 1.000000
vt 0.718750 0.500000
vt 0.718750 1.000000
vt 0.703125 0.500000
vt 0.703125 1.000000
vt 0.687500 0.500000
vt 0.687500 1.000000
vt 0.671875 0.500000
vt 0.671875 1.000000
vt 0.656250 0.500000
vt 0.656250 1.000000
vt 0.640625 0.500000
vt 0.640625 1.000000
vt 0.625000 0.500000
vt 0.625000 1.000000
vt 0.609375 0.500000
vt 0.609375 1.000000
vt 0.593750 0.500000
vt 0.593750 1.000000
vt 0.578125 0.500000
vt 0.578125 1.000000
vt 0.562500 0.500000
vt 0.562500 1.000000
vt 0.546875 0.500000
vt 0.546875 1.000000
vt 0.531250 0.500000
vt 0.531250 1.000000
vt 0.515625 0.500000
vt 0.515625 1.000000
vt 0.500000 0.500000
vt 0.500000 1.000000
vt 0.484375 0.500000
vt 0.484375 1.000000
vt 0.468750 0.500000
vt 0.468750 1.000000
vt 0.453125 0.500000
vt 0.453125 1.000000
vt 0.437500 0.500000
vt 0.437500 1.000000
vt 0.421875 0.500000
vt 0.421875 1.000000
vt 0.406250 0.500000
vt 0.406250 1.000000
vt 0.390625 0.500000
vt 0.390625 1.000000
vt 0.375000 0.500000
vt 0.375000 1.000000
vt 0.359375 0.500000
vt 0.359375 1.000000
vt 0.343750 0.500000
vt 0.343750 1.000000
vt 0.328125 0.500000
vt 0.328125 1.000000
vt 0.312500 0.500000
vt 0.312500 1.000000
vt 0.296875 0.500000
vt 0.296875 1.000000
vt 0.281250 0.500000
vt 0.281250 1.000000
vt 0.265625 0.500000
vt 0.265625 1.000000
vt 0.250000 0.500000
vt 0.250000 1.000000
vt 0.234375 0.500000
vt 0.234375 1.000000
vt 0.218750 0.500000
vt 0.218750 1.000000
vt 0.203125 0.500000
vt 0.203125 1.000000
vt 0.187500 0.500000
vt 0.187500 1.000000
vt 0.171875 0.500000
vt 0.171875 1.000000
vt 0.156250 0.500000
vt 0.156250 1.000000
vt 0.140625 0.500000
vt 0.140625 1.000000
vt 0.125000 0.500000
vt 0.125000 1.000000
vt 0.109375 0.500000
vt 0.109375 1.000000
vt 0.093750 0.500000
vt 0.093750 1.000000
vt 0.078125 0.500000
vt 0.078125 1.000000
vt 0.062500 0.500000
vt 0.062500 1.000000
vt 0.046875 0.500000
vt 0.046875 1.000000
vt 0.031250 0.500000
vt 0.031250 1.000000
vt 0.015625 0.500000
vt 0.015625 1.000000
vt 0.000000 0.500000
vt 0.773524 0.011156
vt 0.511156 0.226476
vt 0.726476 0.488844
vt 0.000000 1.000000
vt 0.750000 0.490000
vt 0.773524 0.488844
vt 0.796822 0.485388
vt 0.819668 0.479666
vt 0.841844 0.471731
vt 0.863135 0.461661
vt 0.883337 0.449553
vt 0.902254 0.435522
vt 0.919706 0.419706
vt 0.961661 0.363135
vt 0.935522 0.402254
vt 0.949553 0.383337
vt 0.971731 0.341844
vt 0.979666 0.319668
vt 0.985388 0.296822
vt 0.988844 0.273524
vt 0.990000 0.250000
vt 0.988844 0.226476
vt 0.985388 0.203178
vt 0.979666 0.180332
vt 0.971731 0.158156
vt 0.961661 0.136865
vt 0.949553 0.116663
vt 0.935522 0.097746
vt 0.919706 0.080294
vt 0.863135 0.038339
vt 0.902254 0.064478
vt 0.883337 0.050447
vt 0.841844 0.028269
vt 0.819668 0.020334
vt 0.796822 0.014612
vt 0.750000 0.010000
vt 0.726476 0.011156
vt 0.703178 0.014612
vt 0.680332 0.020334
vt 0.658156 0.028269
vt 0.636865 0.038339
vt 0.616663 0.050447
vt 0.597746 0.064478
vt 0.580294 0.080294
vt 0.538339 0.136865
vt 0.564478 0.097746
vt 0.550447 0.116663
vt 0.528269 0.158156
vt 0.520334 0.180332
vt 0.514612 0.203178
vt 0.510000 0.250000
vt 0.511156 0.273524
vt 0.514612 0.296822
vt 0.520334 0.319668
vt 0.528269 0.341844
vt 0.538339 0.363135
vt 0.550447 0.383337
vt 0.564478 0.402254
vt 0.580294 0.419706
vt 0.636865 0.461661
vt 0.597746 0.435522
vt 0.616663 0.449553
vt 0.658156 0.471731
vt 0.680332 0.479666
vt 0.703178 0.485388
vn 0.0491 0.0000 -0.9988
vn 0.1467 0.0000 -0.9892
vn 0.2430 0.0000 -0.9700
vn 0.3369 0.0000 -0.9416
vn 0.4275 0.0000 -0.9040
vn 0.5141 0.0000 -0.8577
vn 0.5957 0.0000 -0.8032
vn 0.6716 0.0000 -0.7409
vn 0.7410 0.0000 -0.6715
vn 0.8032 0.0000 -0.5957
vn 0.8577 0.0000 -0.5141
vn 0.9040 0.0000 -0.4275
vn 0.9415 0.0000 -0.3369
vn 0.9700 0.0000 -0.2430
vn 0.9892 0.0000 -0.1467
vn 0.9988 0.0000 -0.0491
vn 0.9988 0.0000 0.0491
vn 0.9892 0.0000 0.1467
vn 0.9700 0.0000 0.2430
vn 0.9415 0.0000 0.3369
vn 0.9040 0.0000 0.4275
vn 0.8577 0.0000 0.5141
vn 0.8032 0.0000 0.5957
vn 0.7410 0.0000 0.6715
vn 0.6716 0.0000 0.7409
vn 0.5957 0.0000 0.8032
vn 0.5141 0.0000 0.8577
vn 0.4275 0.0000 0.9040
vn 0.3369 0.0000 0.9415
vn 0.2430 0.0000 0.9700
vn 0.1468 0.0000 0.9892
vn 0.0490 0.0000 0.9988
vn -0.0491 0.0000 0.9988
vn -0.1467 0.0000 0.9892
vn -0.2430 0.0000 0.9700
vn -0.3369 0.0000 0.9416
vn -0.4276 0.0000 0.9040
vn -0.5141 0.0000 0.8577
vn -0.5957 0.0000 0.8032
vn -0.6716 0.0000 0.7409
vn -0.7410 0.0000 0.6715
vn -0.8032 0.0000 0.5957
vn -0.8577 0.0000 0.5141
vn -0.9040 0.0000 0.4275
vn -0.9415 0.0000 0.3369
vn -0.9700 0.0000 0.2430
vn -0.9892 0.0000 0.1467
vn -0.9988 0.0000 0.0491
vn -0.9988 0.0000 -0.0491
vn -0.9892 0.0000 -0.1467
vn -0.9700 0.0000 -0.2430
vn -0.9415 0.0000 -0.3369
vn -0.9040 0.0000 -0.4275
vn -0.8577 0.0000 -0.5141
vn -0.8032 0.0000 -0.5957
vn -0.7410 0.0000 -0.6715
vn -0.6716 0.0000 -0.7409
vn -0.5956 0.0000 -0.8033
vn -0.5141 0.0000 -0.8577
vn -0.4275 0.0000 -0.9040
vn -0.3369 0.0000 -0.9415
vn -0.2430 0.0000 -0.9700
vn -0.1468 0.0000 -0.9892
vn -0.0490 0.0000 -0.9988
vn 0.0000 -1.0000 0.0000
vn 0.0000 1.0000 -0.0000
vn 0.0490 0.0000 -0.9988
vn 0.1468 0.0000 -0.9892
vn 0.4276 0.0000 -0.9040
vn 0.5956 0.0000 -0.8033
vn 0.1467 0.0000 0.9892
vn 0.0491 0.0000 0.9988
vn -0.0490 0.0000 0.9988
vn -0.1468 0.0000 0.9892
vn -0.5957 0.0000 -0.8032
vn -0.1467 0.0000 -0.9892
vn -0.0491 0.0000 -0.9988
vn 0.0000 -1.0000 -0.0001
vn 0.0000 -1.0000 0.0001
vn 0.0000 -1.0000 -0.0002
vn 0.0000 -1.0000 0.0002
vn 0.0000 1.0000 0.0009
vn 0.0000 1.0000 -0.0009
vn 0.0000 1.0000 0.0002
vn 0.0000 1.0000 0.0001
vn 0.0000 1.0000 -0.0001
vn 0.0000 1.0000 -0.0003
vn 0.0000 1.0000 -0.0006
vn 0.0000 1.0000 0.0003
vn 0.0000 1.0000 0.0006
vn 0.0000 1.0000 -0.0002
s off
f 4117/10380/1670 4118/10381/1670 4116/10382/1670
f 4119/10383/1671 4120/10384/1671 4118/10381/1671
f 4121/10385/1672 4122/10386/1672 4120/10384/1672
f 4123/10387/1673 4124/10388/1673 4122/10386/1673
f 4125/10389/1674 4126/10390/1674 4124/10388/1674
f 4127/10391/1675 4128/10392/1675 4126/10390/1675
f 4129/10393/1676 4130/10394/1676 4128/10392/1676
f 4131/10395/1677 4132/10396/1677 4130/10394/1677
f 4133/10397/1678 4134/10398/1678 4132/10396/1678
f 4135/10399/1679 4136/10400/1679 4134/10398/1679
f 4137/10401/1680 4138/10402/1680 4136/10400/1680
f 4139/10403/1681 4140/10404/1681 4138/10402/1681
f 4141/10405/1682 4142/10406/1682 4140/10404/1682
f 4143/10407/1683 4144/10408/1683 4142/10406/1683
f 4145/10409/1684 4146/10410/1684 4144/10408/1684
f 4147/10411/1685 4148/10412/1685 4146/10410/1685
f 4149/10413/1686 4150/10414/1686 4148/10412/1686
f 4151/10415/1687 4152/10416/1687 4150/10414/1687
f 4153/10417/1688 4154/10418/1688 4152/10416/1688
f 4155/10419/1689 4156/10420/1689 4154/10418/1689
f 4157/10421/1690 4158/10422/1690 4156/10420/1690
f 4159/10423/1691 4160/10424/1691 4158/10422/1691
f 4161/10425/1692 4162/10426/1692 4160/10424/1692
f 4163/10427/1693 4164/10428/1693 4162/10426/1693
f 4165/10429/1694 4166/10430/1694 4164/10428/1694
f 4167/10431/1695 4168/10432/1695 4166/10430/1695
f 4169/10433/1696 4170/10434/1696 4168/10432/1696
f 4171/10435/1697 4172/10436/1697 4170/10434/1697
f 4173/10437/1698 4174/10438/1698 4172/10436/1698
f 4175/10439/1699 4176/10440/1699 4174/10438/1699
f 4177/10441/1700 4178/10442/1700 4176/10440/1700
f 4179/10443/1701 4180/10444/1701 4178/10442/1701
f 4181/10445/1702 4182/10446/1702 4180/10444/1702
f 4183/10447/1703 4184/10448/1703 4182/10446/1703
f 4185/10449/1704 4186/10450/1704 4184/10448/1704
f 4187/10451/1705 4188/10452/1705 4186/10450/1705
f 4189/10453/1706 4190/10454/1706 4188/10452/1706
f 4191/10455/1707 4192/10456/1707 4190/10454/1707
f 4193/10457/1708 4194/10458/1708 4192/10456/1708
f 4195/10459/1709 4196/10460/1709 4194/10458/1709
f 4197/10461/1710 4198/10462/1710 4196/10460/1710
f 4199/10463/1711 4200/10464/1711 4198/10462/1711
f 4201/10465/1712 4202/10466/1712 4200/10464/1712
f 4203/10467/1713 4204/10468/1713 4202/10466/1713
f 4205/10469/1714 4206/10470/1714 4204/10468/1714
f 4207/10471/1715 4208/10472/1715 4206/10470/1715
f 4209/10473/1716 4210/10474/1716 4208/10472/1716
f 4211/10475/1717 4212/10476/1717 4210/10474/1717
f 4213/10477/1718 4214/10478/1718 4212/10476/1718
f 4215/10479/1719 4216/10480/1719 4214/10478/1719
f 4217/10481/1720 4218/10482/1720 4216/10480/1720
f 4219/10483/1721 4220/10484/1721 4218/10482/1721
f 4221/10485/1722 4222/10486/1722 4220/10484/1722
f 4223/10487/1723 4224/10488/1723 4222/10486/1723
f 4225/10489/1724 4226/10490/1724 4224/10488/1724
f 4227/10491/1725 4228/10492/1725 4226/10490/1725
f 4229/10493/1726 4230/10494/1726 4228/10492/1726
f 4231/10495/1727 4232/10496/1727 4230/10494/1727
f 4233/10497/1728 4234/10498/1728 4232/10496/1728
f 4235/10499/1729 4236/10500/1729 4234/10498/1729
f 4237/10501/1730 4238/10502/1730 4236/10500/1730
f 4239/10503/1731 4240/10504/1731 4238/10502/1731
f 4241/10505/1732 4242/10506/1732 4240/10504/1732
f 4243/10507/1733 4116/10508/1733 4242/10506/1733
f 4178/10509/1734 4210/10510/1734 4242/10511/1734
f 4185/10449/1735 4153/10417/1735 4121/10385/1735
f 4117/10380/1736 4119/10383/1736 4118/10381/1736
f 4119/10383/1737 4121/10385/1737 4120/10384/1737
f 4121/10385/1672 4123/10387/1672 4122/10386/1672
f 4123/10387/1673 4125/10389/1673 4124/10388/1673
f 4125/10389/1738 4127/10391/1738 4126/10390/1738
f 4127/10391/1675 4129/10393/1675 4128/10392/1675
f 4129/10393/1739 4131/10395/1739 4130/10394/1739
f 4131/10395/1677 4133/10397/1677 4132/10396/1677
f 4133/10397/1678 4135/10399/1678 4134/10398/1678
f 4135/10399/1679 4137/10401/1679 4136/10400/1679
f 4137/10401/1680 4139/10403/1680 4138/10402/1680
f 4139/10403/1681 4141/10405/1681 4140/10404/1681
f 4141/10405/1682 4143/10407/1682 4142/10406/1682
f 4143/10407/1683 4145/10409/1683 4144/10408/1683
f 4145/10409/1684 4147/10411/1684 4146/10410/1684
f 4147/10411/1685 4149/10413/1685 4148/10412/1685
f 4149/10413/1686 4151/10415/1686 4150/10414/1686
f 4151/10415/1687 4153/10417/1687 4152/10416/1687
f 4153/10417/1688 4155/10419/1688 4154/10418/1688
f 4155/10419/1689 4157/10421/1689 4156/10420/1689
f 4157/10421/1690 4159/10423/1690 4158/10422/1690
f 4159/10423/1691 4161/10425/1691 4160/10424/1691
f 4161/10425/1692 4163/10427/1692 4162/10426/1692
f 4163/10427/1693 4165/10429/1693 4164/10428/1693
f 4165/10429/1694 4167/10431/1694 4166/10430/1694
f 4167/10431/1695 4169/10433/1695 4168/10432/1695
f 4169/10433/1696 4171/10435/1696 4170/10434/1696
f 4171/10435/1697 4173/10437/1697 4172/10436/1697
f 4173/10437/1698 4175/10439/1698 4174/10438/1698
f 4175/10439/1699 4177/10441/1699 4176/10440/1699
f 4177/10441/1740 4179/10443/1740 4178/10442/1740
f 4179/10443/1741 4181/10445/1741 4180/10444/1741
f 4181/10445/1742 4183/10447/1742 4182/10446/1742
f 4183/10447/1743 4185/10449/1743 4184/10448/1743
f 4185/10449/1704 4187/10451/1704 4186/10450/1704
f 4187/10451/1705 4189/10453/1705 4188/10452/1705
f 4189/10453/1706 4191/10455/1706 4190/10454/1706
f 4191/10455/1707 4193/10457/1707 4192/10456/1707
f 4193/10457/1708 4195/10459/1708 4194/10458/1708
f 4195/10459/1709 4197/10461/1709 4196/10460/1709
f 4197/10461/1710 4199/10463/1710 4198/10462/1710
f 4199/10463/1711 4201/10465/1711 4200/10464/1711
f 4201/10465/1712 4203/10467/1712 4202/10466/1712
f 4203/10467/1713 4205/10469/1713 4204/10468/1713
f 4205/10469/1714 4207/10471/1714 4206/10470/1714
f 4207/10471/1715 4209/10473/1715 4208/10472/1715
f 4209/10473/1716 4211/10475/1716 4210/10474/1716
f 4211/10475/1717 4213/10477/1717 4212/10476/1717
f 4213/10477/1718 4215/10479/1718 4214/10478/1718
f 4215/10479/1719 4217/10481/1719 4216/10480/1719
f 4217/10481/1720 4219/10483/1720 4218/10482/1720
f 4219/10483/1721 4221/10485/1721 4220/10484/1721
f 4221/10485/1722 4223/10487/1722 4222/10486/1722
f 4223/10487/1723 4225/10489/1723 4224/10488/1723
f 4225/10489/1724 4227/10491/1724 4226/10490/1724
f 4227/10491/1725 4229/10493/1725 4228/10492/1725
f 4229/10493/1726 4231/10495/1726 4230/10494/1726
f 4231/10495/1744 4233/10497/1744 4232/10496/1744
f 4233/10497/1728 4235/10499/1728 4234/10498/1728
f 4235/10499/1729 4237/10501/1729 4236/10500/1729
f 4237/10501/1730 4239/10503/1730 4238/10502/1730
f 4239/10503/1731 4241/10505/1731 4240/10504/1731
f 4241/10505/1745 4243/10507/1745 4242/10506/1745
f 4243/10507/1746 4117/10512/1746 4116/10508/1746
f 4242/10511/1734 4116/10513/1734 4118/10514/1734
f 4118/10514/1734 4120/10515/1734 4242/10511/1734
f 4120/10515/1747 4122/10516/1747 4242/10511/1747
f 4122/10516/1734 4124/10517/1734 4126/10518/1734
f 4126/10518/1734 4128/10519/1734 4130/10520/1734
f 4130/10520/1748 4132/10521/1748 4138/10522/1748
f 4132/10521/1747 4134/10523/1747 4138/10522/1747
f 4134/10523/1748 4136/10524/1748 4138/10522/1748
f 4138/10522/1734 4140/10525/1734 4142/10526/1734
f 4142/10526/1734 4144/10527/1734 4138/10522/1734
f 4144/10527/1734 4146/10528/1734 4138/10522/1734
f 4146/10528/1734 4148/10529/1734 4150/10530/1734
f 4150/10530/1734 4152/10531/1734 4146/10528/1734
f 4152/10531/1734 4154/10532/1734 4146/10528/1734
f 4154/10532/1734 4156/10533/1734 4158/10534/1734
f 4158/10534/1734 4160/10535/1734 4162/10536/1734
f 4162/10536/1734 4164/10537/1734 4170/10538/1734
f 4164/10537/1747 4166/10539/1747 4170/10538/1747
f 4166/10539/1734 4168/10540/1734 4170/10538/1734
f 4170/10538/1749 4172/10541/1749 4174/10542/1749
f 4174/10542/1734 4176/10543/1734 4170/10538/1734
f 4176/10543/1734 4178/10509/1734 4170/10538/1734
f 4178/10509/1734 4180/10544/1734 4182/10545/1734
f 4182/10545/1734 4184/10546/1734 4178/10509/1734
f 4184/10546/1748 4186/10547/1748 4178/10509/1748
f 4186/10547/1734 4188/10548/1734 4190/10549/1734
f 4190/10549/1734 4192/10550/1734 4194/10551/1734
f 4194/10551/1747 4196/10552/1747 4202/10553/1747
f 4196/10552/1748 4198/10554/1748 4202/10553/1748
f 4198/10554/1747 4200/10555/1747 4202/10553/1747
f 4202/10553/1734 4204/10556/1734 4206/10557/1734
f 4206/10557/1734 4208/10558/1734 4202/10553/1734
f 4208/10558/1734 4210/10510/1734 4202/10553/1734
f 4210/10510/1734 4212/10559/1734 4214/10560/1734
f 4214/10560/1734 4216/10561/1734 4210/10510/1734
f 4216/10561/1734 4218/10562/1734 4210/10510/1734
f 4218/10562/1734 4220/10563/1734 4222/10564/1734
f 4222/10564/1734 4224/10565/1734 4226/10566/1734
f 4226/10566/1734 4228/10567/1734 4234/10568/1734
f 4228/10567/1748 4230/10569/1748 4234/10568/1748
f 4230/10569/1734 4232/10570/1734 4234/10568/1734
f 4234/10568/1750 4236/10571/1750 4238/10572/1750
f 4238/10572/1734 4240/10573/1734 4234/10568/1734
f 4240/10573/1734 4242/10511/1734 4234/10568/1734
f 4122/10516/1734 4126/10518/1734 4242/10511/1734
f 4126/10518/1734 4130/10520/1734 4242/10511/1734
f 4154/10532/1734 4158/10534/1734 4146/10528/1734
f 4158/10534/1734 4162/10536/1734 4146/10528/1734
f 4186/10547/1734 4190/10549/1734 4178/10509/1734
f 4190/10549/1734 4194/10551/1734 4178/10509/1734
f 4218/10562/1734 4222/10564/1734 4210/10510/1734
f 4222/10564/1734 4226/10566/1734 4210/10510/1734
f 4130/10520/1734 4138/10522/1734 4242/10511/1734
f 4138/10522/1734 4146/10528/1734 4242/10511/1734
f 4162/10536/1734 4170/10538/1734 4146/10528/1734
f 4170/10538/1734 4178/10509/1734 4146/10528/1734
f 4194/10551/1734 4202/10553/1734 4178/10509/1734
f 4202/10553/1734 4210/10510/1734 4178/10509/1734
f 4226/10566/1734 4234/10568/1734 4210/10510/1734
f 4234/10568/1734 4242/10511/1734 4210/10510/1734
f 4242/10511/1734 4146/10528/1734 4178/10509/1734
f 4121/10385/1751 4119/10383/1751 4117/10512/1751
f 4117/10512/1751 4243/10507/1751 4241/10505/1751
f 4241/10505/1735 4239/10503/1735 4237/10501/1735
f 4237/10501/1735 4235/10499/1735 4241/10505/1735
f 4235/10499/1735 4233/10497/1735 4241/10505/1735
f 4233/10497/1752 4231/10495/1752 4229/10493/1752
f 4229/10493/1735 4227/10491/1735 4225/10489/1735
f 4225/10489/1753 4223/10487/1753 4217/10481/1753
f 4223/10487/1735 4221/10485/1735 4217/10481/1735
f 4221/10485/1735 4219/10483/1735 4217/10481/1735
f 4217/10481/1754 4215/10479/1754 4213/10477/1754
f 4213/10477/1755 4211/10475/1755 4209/10473/1755
f 4209/10473/1735 4207/10471/1735 4205/10469/1735
f 4205/10469/1735 4203/10467/1735 4209/10473/1735
f 4203/10467/1756 4201/10465/1756 4209/10473/1756
f 4201/10465/1735 4199/10463/1735 4197/10461/1735
f 4197/10461/1751 4195/10459/1751 4193/10457/1751
f 4193/10457/1735 4191/10455/1735 4185/10449/1735
f 4191/10455/1757 4189/10453/1757 4185/10449/1757
f 4189/10453/1751 4187/10451/1751 4185/10449/1751
f 4185/10449/1752 4183/10447/1752 4181/10445/1752
f 4181/10445/1752 4179/10443/1752 4177/10441/1752
f 4177/10441/1735 4175/10439/1735 4173/10437/1735
f 4173/10437/1735 4171/10435/1735 4177/10441/1735
f 4171/10435/1735 4169/10433/1735 4177/10441/1735
f 4169/10433/1751 4167/10431/1751 4165/10429/1751
f 4165/10429/1735 4163/10427/1735 4161/10425/1735
f 4161/10425/1755 4159/10423/1755 4153/10417/1755
f 4159/10423/1735 4157/10421/1735 4153/10417/1735
f 4157/10421/1735 4155/10419/1735 4153/10417/1735
f 4153/10417/1755 4151/10415/1755 4149/10413/1755
f 4149/10413/1754 4147/10411/1754 4145/10409/1754
f 4145/10409/1735 4143/10407/1735 4141/10405/1735
f 4141/10405/1735 4139/10403/1735 4145/10409/1735
f 4139/10403/1758 4137/10401/1758 4145/10409/1758
f 4137/10401/1735 4135/10399/1735 4133/10397/1735
f 4133/10397/1752 4131/10395/1752 4129/10393/1752
f 4129/10393/1735 4127/10391/1735 4121/10385/1735
f 4127/10391/1759 4125/10389/1759 4121/10385/1759
f 4125/10389/1752 4123/10387/1752 4121/10385/1752
f 4121/10385/1735 4117/10512/1735 4241/10505/1735
f 4233/10497/1753 4229/10493/1753 4225/10489/1753
f 4217/10481/1735 4213/10477/1735 4209/10473/1735
f 4201/10465/1760 4197/10461/1760 4193/10457/1760
f 4185/10449/1735 4181/10445/1735 4177/10441/1735
f 4169/10433/1760 4165/10429/1760 4161/10425/1760
f 4153/10417/1735 4149/10413/1735 4145/10409/1735
f 4137/10401/1753 4133/10397/1753 4129/10393/1753
f 4121/10385/1735 4241/10505/1735 4217/10481/1735
f 4241/10505/1735 4233/10497/1735 4217/10481/1735
f 4233/10497/1735 4225/10489/1735 4217/10481/1735
f 4217/10481/1735 4209/10473/1735 4185/10449/1735
f 4209/10473/1735 4201/10465/1735 4185/10449/1735
f 4201/10465/1754 4193/10457/1754 4185/10449/1754
f 4185/10449/1735 4177/10441/1735 4153/10417/1735
f 4177/10441/1735 4169/10433/1735 4153/10417/1735
f 4169/10433/1735 4161/10425/1735 4153/10417/1735
f 4153/10417/1735 4145/10409/1735 4121/10385/1735
f 4145/10409/1735 4137/10401/1735 4121/10385/1735
f 4137/10401/1755 4129/10393/1755 4121/10385/1755
f 4121/10385/1735 4217/10481/1735 4185/10449/1735
o Cylinder.003
v 17.073494 1.973982 14.654053
v 17.073494 9.399760 14.654053
v 17.086533 1.973982 14.654694
v 17.086533 9.399760 14.654694
v 17.099445 1.973982 14.656609
v 17.099445 9.399760 14.656609
v 17.112108 1.973982 14.659781
v 17.112108 9.399760 14.659781
v 17.124401 1.973982 14.664179
v 17.124401 9.399760 14.664179
v 17.136202 1.973982 14.669760
v 17.136202 9.399760 14.669760
v 17.147398 1.973982 14.676472
v 17.147398 9.399760 14.676472
v 17.157885 1.973982 14.684248
v 17.157885 9.399760 14.684248
v 17.167557 1.973982 14.693014
v 17.167557 9.399760 14.693014
v 17.176323 1.973982 14.702687
v 17.176323 9.399760 14.702687
v 17.184099 1.973982 14.713173
v 17.184099 9.399760 14.713173
v 17.190811 1.973982 14.724370
v 17.190811 9.399760 14.724370
v 17.196392 1.973982 14.736171
v 17.196392 9.399760 14.736171
v 17.200790 1.973982 14.748462
v 17.200790 9.399760 14.748462
v 17.203962 1.973982 14.761126
v 17.203962 9.399760 14.761126
v 17.205877 1.973982 14.774038
v 17.205877 9.399760 14.774038
v 17.206518 1.973982 14.787077
v 17.206518 9.399760 14.787077
v 17.205877 1.973982 14.800116
v 17.205877 9.399760 14.800116
v 17.203962 1.973982 14.813028
v 17.203962 9.399760 14.813028
v 17.200790 1.973982 14.825692
v 17.200790 9.399760 14.825692
v 17.196392 1.973982 14.837983
v 17.196392 9.399760 14.837983
v 17.190811 1.973982 14.849784
v 17.190811 9.399760 14.849784
v 17.184099 1.973982 14.860981
v 17.184099 9.399760 14.860981
v 17.176323 1.973982 14.871467
v 17.176323 9.399760 14.871467
v 17.167557 1.973982 14.881140
v 17.167557 9.399760 14.881140
v 17.157883 1.973982 14.889906
v 17.157883 9.399760 14.889906
v 17.147398 1.973982 14.897682
v 17.147398 9.399760 14.897682
v 17.136202 1.973982 14.904394
v 17.136202 9.399760 14.904394
v 17.124399 1.973982 14.909975
v 17.124399 9.399760 14.909975
v 17.112108 1.973982 14.914373
v 17.112108 9.399760 14.914373
v 17.099445 1.973982 14.917545
v 17.099445 9.399760 14.917545
v 17.086533 1.973982 14.919460
v 17.086533 9.399760 14.919460
v 17.073494 1.973982 14.920101
v 17.073494 9.399760 14.920101
v 17.060455 1.973982 14.919460
v 17.060455 9.399760 14.919460
v 17.047543 1.973982 14.917545
v 17.047543 9.399760 14.917545
v 17.034880 1.973982 14.914373
v 17.034880 9.399760 14.914373
v 17.022587 1.973982 14.909975
v 17.022587 9.399760 14.909975
v 17.010786 1.973982 14.904394
v 17.010786 9.399760 14.904394
v 16.999590 1.973982 14.897682
v 16.999590 9.399760 14.897682
v 16.989103 1.973982 14.889906
v 16.989103 9.399760 14.889906
v 16.979431 1.973982 14.881140
v 16.979431 9.399760 14.881140
v 16.970665 1.973982 14.871467
v 16.970665 9.399760 14.871467
v 16.962889 1.973982 14.860981
v 16.962889 9.399760 14.860981
v 16.956177 1.973982 14.849784
v 16.956177 9.399760 14.849784
v 16.950596 1.973982 14.837983
v 16.950596 9.399760 14.837983
v 16.946198 1.973982 14.825692
v 16.946198 9.399760 14.825692
v 16.943026 1.973982 14.813028
v 16.943026 9.399760 14.813028
v 16.941111 1.973982 14.800116
v 16.941111 9.399760 14.800116
v 16.940470 1.973982 14.787077
v 16.940470 9.399760 14.787077
v 16.941111 1.973982 14.774038
v 16.941111 9.399760 14.774038
v 16.943026 1.973982 14.761126
v 16.943026 9.399760 14.761126
v 16.946198 1.973982 14.748462
v 16.946198 9.399760 14.748462
v 16.950596 1.973982 14.736171
v 16.950596 9.399760 14.736171
v 16.956177 1.973982 14.724370
v 16.956177 9.399760 14.724370
v 16.962889 1.973982 14.713173
v 16.962889 9.399760 14.713173
v 16.970665 1.973982 14.702687
v 16.970665 9.399760 14.702687
v 16.979431 1.973982 14.693014
v 16.979431 9.399760 14.693014
v 16.989105 1.973982 14.684248
v 16.989105 9.399760 14.684248
v 16.999590 1.973982 14.676472
v 16.999590 9.399760 14.676472
v 17.010786 1.973982 14.669760
v 17.010786 9.399760 14.669760
v 17.022589 1.973982 14.664179
v 17.022589 9.399760 14.664179
v 17.034880 1.973982 14.659781
v 17.034880 9.399760 14.659781
v 17.047543 1.973982 14.656609
v 17.047543 9.399760 14.656609
v 17.060455 1.973982 14.654694
v 17.060455 9.399760 14.654694
v 17.106199 9.515368 14.660253
v 17.093405 9.514761 14.657736
v 17.118679 9.516201 14.663990
v 17.130724 9.517249 14.668913
v 17.142218 9.518503 14.674973
v 17.153049 9.519951 14.682115
v 17.163116 9.521579 14.690266
v 17.172319 9.523371 14.699349
v 17.180571 9.525311 14.709278
v 17.187790 9.527377 14.719956
v 17.193909 9.529553 14.731280
v 17.198868 9.531816 14.743142
v 17.202620 9.534145 14.755427
v 17.205128 9.536517 14.768017
v 17.206369 9.538910 14.780789
v 17.206329 9.541299 14.793624
v 17.205011 9.543663 14.806395
v 17.202427 9.545979 14.818979
v 17.198601 9.548223 14.831256
v 17.193569 9.550376 14.843108
v 17.187382 9.552415 14.854421
v 17.180098 9.554321 14.865085
v 17.171785 9.556077 14.874997
v 17.162527 9.557665 14.884063
v 17.152412 9.559069 14.892195
v 17.141537 9.560277 14.899314
v 17.130007 9.561275 14.905353
v 17.117931 9.562057 14.910253
v 17.105429 9.562612 14.913965
v 17.092619 9.562936 14.916457
v 17.079624 9.563026 14.917702
v 17.066570 9.562881 14.917689
v 17.053583 9.562504 14.916419
v 17.040789 9.561895 14.913902
v 17.028309 9.561063 14.910165
v 17.016264 9.560015 14.905242
v 17.004768 9.558761 14.899181
v 16.993937 9.557313 14.892040
v 16.983871 9.555685 14.883889
v 16.974669 9.553893 14.874805
v 16.966417 9.551954 14.864877
v 16.959198 9.549887 14.854198
v 16.953079 9.547711 14.842875
v 16.948120 9.545447 14.831013
v 16.944368 9.543119 14.818727
v 16.941858 9.540748 14.806138
v 16.940619 9.538355 14.793365
v 16.940657 9.535965 14.780531
v 16.941977 9.533601 14.767760
v 16.944561 9.531285 14.755176
v 16.948387 9.529040 14.742899
v 16.953419 9.526889 14.731047
v 16.959606 9.524849 14.719734
v 16.966890 9.522943 14.709070
v 16.975203 9.521187 14.699158
v 16.984459 9.519599 14.690092
v 16.994576 9.518195 14.681960
v 17.005451 9.516988 14.674841
v 17.016981 9.515988 14.668802
v 17.029057 9.515208 14.663902
v 17.041559 9.514653 14.660190
v 17.054369 9.514328 14.657698
v 17.067364 9.514237 14.656453
v 17.080418 9.514382 14.656466
v 17.104561 9.648014 14.636809
v 17.091764 9.647057 14.634403
v 17.117041 9.649364 14.640392
v 17.129086 9.651096 14.645118
v 17.140579 9.653193 14.650942
v 17.151411 9.655633 14.657806
v 17.161476 9.658394 14.665648
v 17.170679 9.661448 14.674388
v 17.178930 9.664768 14.683944
v 17.186152 9.668321 14.694223
v 17.192270 9.672071 14.705128
v 17.197229 9.675984 14.716552
v 17.200981 9.680022 14.728386
v 17.203489 9.684146 14.740515
v 17.204731 9.688314 14.752823
v 17.204691 9.692490 14.765192
v 17.203373 9.696631 14.777501
v 17.200788 9.700698 14.789634
v 17.196962 9.704652 14.801473
v 17.191931 9.708454 14.812902
v 17.185741 9.712068 14.823814
v 17.178457 9.715458 14.834103
v 17.170147 9.718595 14.843669
v 17.160889 9.721444 14.852420
v 17.150774 9.723981 14.860272
v 17.139898 9.726180 14.867150
v 17.128368 9.728021 14.872988
v 17.116293 9.729485 14.877728
v 17.103790 9.730556 14.881327
v 17.090981 9.731230 14.883747
v 17.077986 9.731495 14.884967
v 17.064932 9.731350 14.884975
v 17.051945 9.730797 14.883771
v 17.039150 9.729839 14.881365
v 17.026669 9.728489 14.877782
v 17.014624 9.726757 14.873056
v 17.003130 9.724660 14.867232
v 16.992298 9.722220 14.860368
v 16.982233 9.719460 14.852527
v 16.973030 9.716405 14.843787
v 16.964779 9.713085 14.834230
v 16.957560 9.709533 14.823951
v 16.951441 9.705782 14.813046
v 16.946480 9.701869 14.801622
v 16.942728 9.697832 14.789788
v 16.940220 9.693708 14.777659
v 16.938980 9.689539 14.765351
v 16.939018 9.685364 14.752982
v 16.940336 9.681222 14.740673
v 16.942921 9.677155 14.728540
v 16.946749 9.673203 14.716702
v 16.951780 9.669400 14.705272
v 16.957968 9.665786 14.694360
v 16.965252 9.662395 14.684072
v 16.973562 9.659260 14.674505
v 16.982821 9.656409 14.665754
v 16.992937 9.653873 14.657902
v 17.003811 9.651673 14.651024
v 17.015343 9.649833 14.645186
v 17.027416 9.648370 14.640446
v 17.039919 9.647296 14.636847
v 17.052731 9.646624 14.634427
v 17.065725 9.646358 14.633207
v 17.078777 9.646503 14.633199
v 17.103090 9.749442 14.606564
v 17.090294 9.747929 14.604464
v 17.115570 9.751624 14.609710
v 17.127615 9.754454 14.613873
v 17.139109 9.757903 14.619012
v 17.149940 9.761941 14.625077
v 17.160007 9.766526 14.632010
v 17.169209 9.771615 14.639745
v 17.177460 9.777161 14.648207
v 17.184681 9.783106 14.657313
v 17.190800 9.789396 14.666978
v 17.195759 9.795971 14.677107
v 17.199511 9.802767 14.687603
v 17.202019 9.809717 14.698364
v 17.203260 9.816754 14.709289
v 17.203220 9.823813 14.720270
v 17.201902 9.830825 14.731203
v 17.199318 9.837721 14.741982
v 17.195492 9.844436 14.752502
v 17.190460 9.850904 14.762664
v 17.184273 9.857064 14.772369
v 17.176987 9.862855 14.781524
v 17.168676 9.868224 14.790039
v 17.159418 9.873117 14.797834
v 17.149303 9.877488 14.804834
v 17.138428 9.881295 14.810970
v 17.126898 9.884500 14.816185
v 17.114822 9.887074 14.820427
v 17.102320 9.888988 14.823656
v 17.089510 9.890230 14.825840
v 17.076515 9.890784 14.826960
v 17.063461 9.890645 14.827002
v 17.050474 9.889815 14.825968
v 17.037680 9.888301 14.823868
v 17.025198 9.886120 14.820722
v 17.013153 9.883290 14.816559
v 17.001659 9.879840 14.811419
v 16.990828 9.875804 14.805354
v 16.980762 9.871220 14.798421
v 16.971560 9.866130 14.790687
v 16.963308 9.860585 14.782225
v 16.956089 9.854638 14.773118
v 16.949970 9.848348 14.763453
v 16.945011 9.841774 14.753325
v 16.941257 9.834979 14.742828
v 16.938749 9.828029 14.732067
v 16.937510 9.820990 14.721143
v 16.937548 9.813931 14.710161
v 16.938866 9.806920 14.699228
v 16.941452 9.800023 14.688450
v 16.945278 9.793309 14.677929
v 16.950310 9.786841 14.667768
v 16.956497 9.780682 14.658062
v 16.963781 9.774889 14.648908
v 16.972094 9.769521 14.640392
v 16.981350 9.764627 14.632597
v 16.991467 9.760258 14.625597
v 17.002340 9.756450 14.619461
v 17.013872 9.753244 14.614246
v 17.025946 9.750672 14.610004
v 17.038450 9.748755 14.606776
v 17.051260 9.747515 14.604591
v 17.064255 9.746961 14.603473
v 17.077309 9.747099 14.603430
v 17.101097 9.867626 14.543744
v 17.088301 9.865388 14.542443
v 17.113577 9.870901 14.545728
v 17.125622 9.875183 14.548374
v 17.137115 9.880428 14.551661
v 17.147947 9.886588 14.555552
v 17.158014 9.893602 14.560012
v 17.167215 9.901403 14.565000
v 17.175467 9.909917 14.570464
v 17.182688 9.919059 14.576355
v 17.188807 9.928744 14.582614
v 17.193766 9.938877 14.589182
v 17.197517 9.949363 14.595994
v 17.200026 9.960096 14.602986
v 17.201267 9.970978 14.610091
v 17.201227 9.981901 14.617239
v 17.199909 9.992761 14.624363
v 17.197325 10.003453 14.631392
v 17.193499 10.013875 14.638261
v 17.188467 10.023924 14.644901
v 17.182280 10.033506 14.651251
v 17.174994 10.042527 14.657248
v 17.166683 10.050902 14.662834
v 17.157425 10.058550 14.667956
v 17.147310 10.065393 14.672565
v 17.136435 10.071372 14.676616
v 17.124905 10.076426 14.680070
v 17.112829 10.080505 14.682894
v 17.100327 10.083570 14.685061
v 17.087517 10.085594 14.686549
v 17.074522 10.086556 14.687346
v 17.061468 10.086447 14.687441
v 17.048481 10.085268 14.686835
v 17.035686 10.083029 14.685535
v 17.023205 10.079755 14.683552
v 17.011160 10.075473 14.680904
v 16.999666 10.070227 14.677619
v 16.988834 10.064068 14.673727
v 16.978769 10.057055 14.669266
v 16.969566 10.049254 14.664279
v 16.961315 10.040741 14.658814
v 16.954096 10.031598 14.652924
v 16.947977 10.021913 14.646665
v 16.943018 10.011780 14.640097
v 16.939264 10.001294 14.633285
v 16.936756 9.990561 14.626291
v 16.935516 9.979678 14.619187
v 16.935555 9.968757 14.612039
v 16.936872 9.957895 14.604916
v 16.939459 9.947204 14.597886
v 16.943285 9.936782 14.591019
v 16.948317 9.926733 14.584377
v 16.954504 9.917150 14.578028
v 16.961788 9.908129 14.572031
v 16.970100 9.899755 14.566444
v 16.979357 9.892107 14.561322
v 16.989473 9.885263 14.556713
v 17.000347 9.879285 14.552663
v 17.011879 9.874231 14.549209
v 17.023952 9.870152 14.546384
v 17.036455 9.867085 14.544218
v 17.049267 9.865062 14.542729
v 17.062262 9.864100 14.541934
v 17.075315 9.864209 14.541838
v 17.098869 9.963809 14.410362
v 17.086075 9.961263 14.409894
v 17.111351 9.967562 14.411124
v 17.123396 9.972486 14.412170
v 17.134890 9.978531 14.413493
v 17.145721 9.985643 14.415077
v 17.155787 9.993752 14.416909
v 17.164989 10.002777 14.418971
v 17.173241 10.012636 14.421242
v 17.180460 10.023230 14.423701
v 17.186579 10.034459 14.426324
v 17.191538 10.046214 14.429087
v 17.195292 10.058384 14.431960
v 17.197800 10.070848 14.434919
v 17.199039 10.083488 14.437935
v 17.199001 10.096184 14.440977
v 17.197683 10.108810 14.444016
v 17.195097 10.121247 14.447025
v 17.191271 10.133375 14.449973
v 17.186239 10.145077 14.452833
v 17.180052 10.156240 14.455575
v 17.172768 10.166756 14.458176
v 17.164455 10.176524 14.460608
v 17.155199 10.185452 14.462848
v 17.145082 10.193450 14.464876
v 17.134209 10.200444 14.466672
v 17.122677 10.206367 14.468218
v 17.110603 10.211161 14.469499
v 17.098101 10.214777 14.470505
v 17.085289 10.217185 14.471222
v 17.072294 10.218360 14.471646
v 17.059240 10.218289 14.471773
v 17.046255 10.216975 14.471601
v 17.033459 10.214428 14.471133
v 17.020979 10.210676 14.470371
v 17.008934 10.205751 14.469324
v 16.997440 10.199706 14.468002
v 16.986609 10.192595 14.466417
v 16.976542 10.184486 14.464585
v 16.967340 10.175461 14.462523
v 16.959089 10.165603 14.460253
v 16.951868 10.155008 14.457794
v 16.945749 10.143779 14.455171
v 16.940790 10.132023 14.452409
v 16.937038 10.119854 14.449534
v 16.934530 10.107390 14.446575
v 16.933289 10.094748 14.443561
v 16.933329 10.082055 14.440517
v 16.934647 10.069427 14.437479
v 16.937231 10.056991 14.434470
v 16.941057 10.044862 14.431522
v 16.946089 10.033161 14.428662
v 16.952276 10.021998 14.425920
v 16.959562 10.011481 14.423320
v 16.967873 10.001714 14.420887
v 16.977131 9.992785 14.418647
v 16.987246 9.984789 14.416617
v 16.998121 9.977793 14.414824
v 17.009651 9.971870 14.413278
v 17.021727 9.967078 14.411995
v 17.034229 9.963460 14.410992
v 17.047039 9.961053 14.410273
v 17.060034 9.959878 14.409848
v 17.073088 9.959949 14.409721
v 17.096443 10.012979 14.219038
v 17.083647 10.010392 14.219155
v 17.108923 10.016806 14.218935
v 17.120968 10.021839 14.218845
v 17.132462 10.028028 14.218773
v 17.143293 10.035313 14.218714
v 17.153360 10.043626 14.218672
v 17.162561 10.052884 14.218647
v 17.170813 10.063002 14.218639
v 17.178034 10.073876 14.218649
v 17.184153 10.085408 14.218676
v 17.189112 10.097483 14.218719
v 17.192863 10.109987 14.218777
v 17.195372 10.122798 14.218853
v 17.196613 10.135792 14.218944
v 17.196573 10.148847 14.219048
v 17.195255 10.161834 14.219166
v 17.192671 10.174629 14.219295
v 17.188845 10.187109 14.219435
v 17.183813 10.199154 14.219585
v 17.177626 10.210649 14.219742
v 17.170340 10.221479 14.219908
v 17.162029 10.231544 14.220077
v 17.152771 10.240746 14.220249
v 17.142656 10.248998 14.220423
v 17.131781 10.256216 14.220597
v 17.120251 10.262335 14.220769
v 17.108175 10.267294 14.220938
v 17.095673 10.271043 14.221103
v 17.082863 10.273552 14.221259
v 17.069868 10.274792 14.221409
v 17.056814 10.274752 14.221548
v 17.043827 10.273432 14.221676
v 17.031033 10.270845 14.221794
v 17.018551 10.267018 14.221896
v 17.006506 10.261985 14.221986
v 16.995012 10.255796 14.222060
v 16.984180 10.248511 14.222117
v 16.974115 10.240198 14.222158
v 16.964912 10.230941 14.222183
v 16.956661 10.220824 14.222191
v 16.949442 10.209949 14.222182
v 16.943323 10.198416 14.222156
v 16.938362 10.186340 14.222113
v 16.934610 10.173836 14.222054
v 16.932102 10.161027 14.221978
v 16.930862 10.148031 14.221889
v 16.930901 10.134978 14.221783
v 16.932219 10.121989 14.221666
v 16.934803 10.109195 14.221537
v 16.938631 10.096714 14.221397
v 16.943663 10.084670 14.221246
v 16.949850 10.073176 14.221088
v 16.957134 10.062345 14.220924
v 16.965445 10.052279 14.220754
v 16.974703 10.043077 14.220583
v 16.984819 10.034828 14.220407
v 16.995693 10.027608 14.220234
v 17.007225 10.021489 14.220062
v 17.019299 10.016531 14.219893
v 17.031801 10.012780 14.219729
v 17.044613 10.010272 14.219572
v 17.057608 10.009032 14.219423
v 17.070660 10.009073 14.219283
v 17.036926 10.057228 5.938813
v 17.024130 10.054642 5.938930
v 17.049406 10.061055 5.938709
v 17.061451 10.066089 5.938621
v 17.072945 10.072277 5.938547
v 17.083776 10.079562 5.938488
v 17.093842 10.087874 5.938446
v 17.103045 10.097134 5.938422
v 17.111296 10.107251 5.938414
v 17.118515 10.118126 5.938423
v 17.124636 10.129658 5.938450
v 17.129595 10.141732 5.938494
v 17.133347 10.154237 5.938551
v 17.135855 10.167048 5.938627
v 17.137094 10.180041 5.938718
v 17.137056 10.193096 5.938822
v 17.135738 10.206083 5.938940
v 17.133154 10.218879 5.939069
v 17.129328 10.231359 5.939209
v 17.124296 10.243403 5.939360
v 17.118107 10.254898 5.939516
v 17.110823 10.265728 5.939682
v 17.102512 10.275794 5.939852
v 17.093254 10.284996 5.940022
v 17.083139 10.293246 5.940197
v 17.072264 10.300466 5.940372
v 17.060734 10.306583 5.940543
v 17.048658 10.311543 5.940712
v 17.036156 10.315292 5.940877
v 17.023344 10.317801 5.941033
v 17.010351 10.319041 5.941183
v 16.997297 10.319001 5.941323
v 16.984310 10.317681 5.941451
v 16.971516 10.315095 5.941568
v 16.959034 10.311268 5.941671
v 16.946989 10.306233 5.941760
v 16.935495 10.300046 5.941834
v 16.924664 10.292761 5.941893
v 16.914598 10.284448 5.941933
v 16.905396 10.275190 5.941957
v 16.897144 10.265073 5.941965
v 16.889925 10.254197 5.941957
v 16.883806 10.242665 5.941931
v 16.878845 10.230590 5.941887
v 16.875093 10.218086 5.941829
v 16.872585 10.205276 5.941752
v 16.871346 10.192281 5.941663
v 16.871384 10.179228 5.941557
v 16.872702 10.166239 5.941441
v 16.875286 10.153444 5.941311
v 16.879114 10.140964 5.941172
v 16.884146 10.128920 5.941020
v 16.890333 10.117426 5.940862
v 16.897617 10.106594 5.940699
v 16.905928 10.096529 5.940528
v 16.915186 10.087326 5.940358
v 16.925301 10.079078 5.940181
v 16.936176 10.071857 5.940008
v 16.947708 10.065739 5.939837
v 16.959782 10.060781 5.939668
v 16.972284 10.057030 5.939505
v 16.985096 10.054522 5.939346
v 16.998091 10.053282 5.939198
v 17.011143 10.053323 5.939057
v 17.031736 10.071515 5.758945
v 17.020218 10.069186 5.759049
v 17.042973 10.074961 5.758851
v 17.053818 10.079492 5.758771
v 17.064165 10.085063 5.758705
v 17.073917 10.091623 5.758652
v 17.082981 10.099107 5.758614
v 17.091267 10.107442 5.758594
v 17.098694 10.116551 5.758584
v 17.105194 10.126342 5.758594
v 17.110704 10.136724 5.758617
v 17.115170 10.147596 5.758657
v 17.118547 10.158854 5.758709
v 17.120806 10.170387 5.758777
v 17.121922 10.182087 5.758859
v 17.121887 10.193840 5.758952
v 17.120701 10.205533 5.759059
v 17.118374 10.217053 5.759174
v 17.114927 10.228289 5.759300
v 17.110397 10.239132 5.759437
v 17.104828 10.249481 5.759578
v 17.098269 10.259233 5.759727
v 17.090786 10.268294 5.759879
v 17.082451 10.276579 5.760034
v 17.073343 10.284008 5.760191
v 17.063553 10.290507 5.760348
v 17.053171 10.296015 5.760502
v 17.042299 10.300481 5.760654
v 17.031044 10.303856 5.760802
v 17.019510 10.306115 5.760943
v 17.007811 10.307231 5.761078
v 16.996058 10.307195 5.761205
v 16.984365 10.306006 5.761319
v 16.972847 10.303678 5.761426
v 16.961611 10.300233 5.761518
v 16.950766 10.295700 5.761599
v 16.940418 10.290129 5.761664
v 16.930666 10.283570 5.761717
v 16.921602 10.276085 5.761753
v 16.913317 10.267751 5.761775
v 16.905890 10.258642 5.761783
v 16.899389 10.248851 5.761774
v 16.893879 10.238469 5.761751
v 16.889414 10.227595 5.761712
v 16.886036 10.216339 5.761660
v 16.883778 10.204805 5.761590
v 16.882662 10.193106 5.761510
v 16.882696 10.181354 5.761415
v 16.883883 10.169660 5.761310
v 16.886209 10.158140 5.761193
v 16.889656 10.146904 5.761068
v 16.894186 10.136061 5.760931
v 16.899755 10.125712 5.760790
v 16.906315 10.115960 5.760642
v 16.913797 10.106898 5.760489
v 16.922132 10.098613 5.760335
v 16.931240 10.091187 5.760177
v 16.941031 10.084685 5.760021
v 16.951412 10.079177 5.759867
v 16.962282 10.074713 5.759713
v 16.973539 10.071336 5.759566
v 16.985073 10.069077 5.759424
v 16.996773 10.067962 5.759291
v 17.008524 10.067999 5.759165
v 17.021862 10.103875 5.643676
v 17.013401 10.102165 5.643754
v 17.030113 10.106406 5.643608
v 17.038076 10.109734 5.643549
v 17.045677 10.113825 5.643500
v 17.052837 10.118643 5.643461
v 17.059494 10.124139 5.643433
v 17.065578 10.130260 5.643418
v 17.071033 10.136950 5.643412
v 17.075808 10.144139 5.643418
v 17.079853 10.151764 5.643436
v 17.083132 10.159748 5.643464
v 17.085613 10.168015 5.643503
v 17.087271 10.176486 5.643553
v 17.088091 10.185077 5.643614
v 17.088066 10.193709 5.643682
v 17.087194 10.202296 5.643760
v 17.085485 10.210756 5.643846
v 17.082954 10.219007 5.643937
v 17.079628 10.226971 5.644037
v 17.075537 10.234571 5.644141
v 17.070721 10.241733 5.644251
v 17.065226 10.248387 5.644362
v 17.059105 10.254472 5.644475
v 17.052416 10.259927 5.644591
v 17.045225 10.264699 5.644707
v 17.037601 10.268744 5.644820
v 17.029619 10.272024 5.644932
v 17.021353 10.274503 5.645041
v 17.012882 10.276162 5.645144
v 17.004290 10.276981 5.645243
v 16.995659 10.276954 5.645336
v 16.987072 10.276082 5.645420
v 16.978613 10.274372 5.645498
v 16.970362 10.271842 5.645565
v 16.962397 10.268513 5.645625
v 16.954798 10.264421 5.645673
v 16.947636 10.259605 5.645713
v 16.940981 10.254108 5.645739
v 16.934896 10.247988 5.645755
v 16.929441 10.241299 5.645761
v 16.924667 10.234107 5.645754
v 16.920622 10.226483 5.645738
v 16.917341 10.218498 5.645708
v 16.914862 10.210232 5.645670
v 16.913202 10.201762 5.645619
v 16.912382 10.193170 5.645560
v 16.912409 10.184539 5.645492
v 16.913280 10.175951 5.645413
v 16.914989 10.167492 5.645328
v 16.917519 10.159240 5.645235
v 16.920845 10.151277 5.645135
v 16.924936 10.143677 5.645031
v 16.929752 10.136515 5.644923
v 16.935249 10.129861 5.644811
v 16.941370 10.123775 5.644696
v 16.948057 10.118321 5.644581
v 16.955248 10.113547 5.644466
v 16.962872 10.109502 5.644354
v 16.970856 10.106224 5.644241
v 16.979122 10.103744 5.644133
v 16.987593 10.102085 5.644029
v 16.996183 10.101267 5.643930
v 17.004814 10.101294 5.643838
vt 1.000000 1.000000
vt 0.984375 0.500000
vt 1.000000 0.500000
vt 0.984375 1.000000
vt 0.968750 0.500000
vt 0.968750 1.000000
vt 0.953125 0.500000
vt 0.953125 1.000000
vt 0.937500 0.500000
vt 0.937500 1.000000
vt 0.921875 0.500000
vt 0.921875 1.000000
vt 0.906250 0.500000
vt 0.906250 1.000000
vt 0.890625 0.500000
vt 0.890625 1.000000
vt 0.875000 0.500000
vt 0.875000 1.000000
vt 0.859375 0.500000
vt 0.859375 1.000000
vt 0.843750 0.500000
vt 0.843750 1.000000
vt 0.828125 0.500000
vt 0.828125 1.000000
vt 0.812500 0.500000
vt 0.812500 1.000000
vt 0.796875 0.500000
vt 0.796875 1.000000
vt 0.781250 0.500000
vt 0.781250 1.000000
vt 0.765625 0.500000
vt 0.765625 1.000000
vt 0.750000 0.500000
vt 0.750000 1.000000
vt 0.734375 0.500000
vt 0.734375 1.000000
vt 0.718750 0.500000
vt 0.718750 1.000000
vt 0.703125 0.500000
vt 0.703125 1.000000
vt 0.687500 0.500000
vt 0.687500 1.000000
vt 0.671875 0.500000
vt 0.671875 1.000000
vt 0.656250 0.500000
vt 0.656250 1.000000
vt 0.640625 0.500000
vt 0.640625 1.000000
vt 0.625000 0.500000
vt 0.625000 1.000000
vt 0.609375 0.500000
vt 0.609375 1.000000
vt 0.593750 0.500000
vt 0.593750 1.000000
vt 0.578125 0.500000
vt 0.578125 1.000000
vt 0.562500 0.500000
vt 0.562500 1.000000
vt 0.546875 0.500000
vt 0.546875 1.000000
vt 0.531250 0.500000
vt 0.531250 1.000000
vt 0.515625 0.500000
vt 0.515625 1.000000
vt 0.500000 0.500000
vt 0.500000 1.000000
vt 0.484375 0.500000
vt 0.484375 1.000000
vt 0.468750 0.500000
vt 0.468750 1.000000
vt 0.453125 0.500000
vt 0.453125 1.000000
vt 0.437500 0.500000
vt 0.437500 1.000000
vt 0.421875 0.500000
vt 0.421875 1.000000
vt 0.406250 0.500000
vt 0.406250 1.000000
vt 0.390625 0.500000
vt 0.390625 1.000000
vt 0.375000 0.500000
vt 0.375000 1.000000
vt 0.359375 0.500000
vt 0.359375 1.000000
vt 0.343750 0.500000
vt 0.343750 1.000000
vt 0.328125 0.500000
vt 0.328125 1.000000
vt 0.312500 0.500000
vt 0.312500 1.000000
vt 0.296875 0.500000
vt 0.296875 1.000000
vt 0.281250 0.500000
vt 0.281250 1.000000
vt 0.265625 0.500000
vt 0.265625 1.000000
vt 0.250000 0.500000
vt 0.250000 1.000000
vt 0.234375 0.500000
vt 0.234375 1.000000
vt 0.218750 0.500000
vt 0.218750 1.000000
vt 0.203125 0.500000
vt 0.203125 1.000000
vt 0.187500 0.500000
vt 0.187500 1.000000
vt 0.171875 0.500000
vt 0.171875 1.000000
vt 0.156250 0.500000
vt 0.156250 1.000000
vt 0.140625 0.500000
vt 0.140625 1.000000
vt 0.125000 0.500000
vt 0.125000 1.000000
vt 0.109375 0.500000
vt 0.109375 1.000000
vt 0.093750 0.500000
vt 0.093750 1.000000
vt 0.078125 0.500000
vt 0.078125 1.000000
vt 0.062500 0.500000
vt 0.062500 1.000000
vt 0.046875 0.500000
vt 0.046875 1.000000
vt 0.031250 0.500000
vt 0.109375 1.000000
vt 0.093750 1.000000
vt 0.031250 1.000000
vt 0.015625 0.500000
vt 0.015625 1.000000
vt 0.000000 0.500000
vt 0.773524 0.011156
vt 0.511156 0.226476
vt 0.726476 0.488844
vt 0.046875 1.000000
vt 0.062500 1.000000
vt 0.046875 1.000000
vt 0.515625 1.000000
vt 0.500000 1.000000
vt 0.921875 1.000000
vt 0.906250 1.000000
vt 0.375000 1.000000
vt 0.359375 1.000000
vt 0.781250 1.000000
vt 0.765625 1.000000
vt 0.234375 1.000000
vt 0.218750 1.000000
vt 0.640625 1.000000
vt 0.625000 1.000000
vt 0.078125 1.000000
vt 0.484375 1.000000
vt 0.890625 1.000000
vt 0.343750 1.000000
vt 0.750000 1.000000
vt 0.203125 1.000000
vt 0.609375 1.000000
vt 0.062500 1.000000
vt 0.468750 1.000000
vt 0.875000 1.000000
vt 0.328125 1.000000
vt 0.734375 1.000000
vt 0.187500 1.000000
vt 0.593750 1.000000
vt 0.453125 1.000000
vt 0.859375 1.000000
vt 0.312500 1.000000
vt 0.718750 1.000000
vt 0.171875 1.000000
vt 1.000000 1.000000
vt 0.984375 1.000000
vt 0.578125 1.000000
vt 0.031250 1.000000
vt 0.437500 1.000000
vt 0.843750 1.000000
vt 0.296875 1.000000
vt 0.703125 1.000000
vt 0.156250 1.000000
vt 0.562500 1.000000
vt 0.015625 1.000000
vt 0.968750 1.000000
vt 0.421875 1.000000
vt 0.828125 1.000000
vt 0.281250 1.000000
vt 0.687500 1.000000
vt 0.140625 1.000000
vt 0.546875 1.000000
vt 0.000000 1.000000
vt 0.000000 1.000000
vt 0.953125 1.000000
vt 0.406250 1.000000
vt 0.812500 1.000000
vt 0.265625 1.000000
vt 0.671875 1.000000
vt 0.125000 1.000000
vt 0.531250 1.000000
vt 0.937500 1.000000
vt 0.390625 1.000000
vt 0.796875 1.000000
vt 0.250000 1.000000
vt 0.656250 1.000000
vt 0.015625 1.000000
vt 0.000000 1.000000
vt 0.000000 1.000000
vt 0.468750 1.000000
vt 0.453125 1.000000
vt 0.859375 1.000000
vt 0.031250 1.000000
vt 0.437500 1.000000
vt 0.843750 1.000000
vt 0.421875 1.000000
vt 0.828125 1.000000
vt 0.406250 1.000000
vt 0.812500 1.000000
vt 0.390625 1.000000
vt 0.796875 1.000000
vt 0.375000 1.000000
vt 0.781250 1.000000
vt 0.359375 1.000000
vt 0.765625 1.000000
vt 0.343750 1.000000
vt 0.750000 1.000000
vt 0.328125 1.000000
vt 0.734375 1.000000
vt 0.312500 1.000000
vt 0.718750 1.000000
vt 0.296875 1.000000
vt 0.703125 1.000000
vt 0.281250 1.000000
vt 0.687500 1.000000
vt 0.265625 1.000000
vt 0.671875 1.000000
vt 0.250000 1.000000
vt 0.656250 1.000000
vt 0.234375 1.000000
vt 0.640625 1.000000
vt 0.218750 1.000000
vt 0.625000 1.000000
vt 0.203125 1.000000
vt 0.609375 1.000000
vt 0.187500 1.000000
vt 0.593750 1.000000
vt 0.171875 1.000000
vt 0.578125 1.000000
vt 0.984375 1.000000
vt 0.156250 1.000000
vt 0.562500 1.000000
vt 0.968750 1.000000
vt 0.140625 1.000000
vt 0.546875 1.000000
vt 0.953125 1.000000
vt 0.125000 1.000000
vt 0.531250 1.000000
vt 0.937500 1.000000
vt 0.109375 1.000000
vt 0.515625 1.000000
vt 0.921875 1.000000
vt 0.093750 1.000000
vt 0.500000 1.000000
vt 0.906250 1.000000
vt 0.078125 1.000000
vt 0.484375 1.000000
vt 0.890625 1.000000
vt 0.875000 1.000000
vt 0.359375 1.000000
vt 0.375000 1.000000
vt 0.359375 1.000000
vt 0.421875 1.000000
vt 0.406250 1.000000
vt 0.812500 1.000000
vt 0.390625 1.000000
vt 0.796875 1.000000
vt 0.375000 1.000000
vt 0.781250 1.000000
vt 0.765625 1.000000
vt 0.343750 1.000000
vt 0.750000 1.000000
vt 0.328125 1.000000
vt 0.734375 1.000000
vt 0.312500 1.000000
vt 0.718750 1.000000
vt 0.296875 1.000000
vt 0.703125 1.000000
vt 0.281250 1.000000
vt 0.687500 1.000000
vt 0.265625 1.000000
vt 0.671875 1.000000
vt 0.250000 1.000000
vt 0.656250 1.000000
vt 0.234375 1.000000
vt 0.640625 1.000000
vt 0.218750 1.000000
vt 0.625000 1.000000
vt 0.203125 1.000000
vt 0.609375 1.000000
vt 0.187500 1.000000
vt 0.593750 1.000000
vt 0.171875 1.000000
vt 0.578125 1.000000
vt 1.000000 1.000000
vt 0.984375 1.000000
vt 0.156250 1.000000
vt 0.562500 1.000000
vt 0.968750 1.000000
vt 0.140625 1.000000
vt 0.546875 1.000000
vt 0.953125 1.000000
vt 0.125000 1.000000
vt 0.531250 1.000000
vt 0.937500 1.000000
vt 0.109375 1.000000
vt 0.515625 1.000000
vt 0.921875 1.000000
vt 0.093750 1.000000
vt 0.500000 1.000000
vt 0.906250 1.000000
vt 0.078125 1.000000
vt 0.484375 1.000000
vt 0.890625 1.000000
vt 0.062500 1.000000
vt 0.468750 1.000000
vt 0.875000 1.000000
vt 0.046875 1.000000
vt 0.453125 1.000000
vt 0.859375 1.000000
vt 0.031250 1.000000
vt 0.437500 1.000000
vt 0.843750 1.000000
vt 0.015625 1.000000
vt 0.828125 1.000000
vt 0.312500 1.000000
vt 0.328125 1.000000
vt 0.312500 1.000000
vt 0.765625 1.000000
vt 0.343750 1.000000
vt 0.750000 1.000000
vt 0.328125 1.000000
vt 0.734375 1.000000
vt 0.718750 1.000000
vt 0.296875 1.000000
vt 0.703125 1.000000
vt 0.281250 1.000000
vt 0.687500 1.000000
vt 0.265625 1.000000
vt 0.671875 1.000000
vt 0.250000 1.000000
vt 0.656250 1.000000
vt 0.234375 1.000000
vt 0.640625 1.000000
vt 0.218750 1.000000
vt 0.625000 1.000000
vt 0.203125 1.000000
vt 0.609375 1.000000
vt 0.187500 1.000000
vt 0.593750 1.000000
vt 0.171875 1.000000
vt 0.578125 1.000000
vt 1.000000 1.000000
vt 0.984375 1.000000
vt 0.156250 1.000000
vt 0.562500 1.000000
vt 0.968750 1.000000
vt 0.140625 1.000000
vt 0.546875 1.000000
vt 0.953125 1.000000
vt 0.125000 1.000000
vt 0.531250 1.000000
vt 0.937500 1.000000
vt 0.109375 1.000000
vt 0.515625 1.000000
vt 0.921875 1.000000
vt 0.093750 1.000000
vt 0.500000 1.000000
vt 0.906250 1.000000
vt 0.078125 1.000000
vt 0.484375 1.000000
vt 0.890625 1.000000
vt 0.062500 1.000000
vt 0.468750 1.000000
vt 0.875000 1.000000
vt 0.046875 1.000000
vt 0.453125 1.000000
vt 0.859375 1.000000
vt 0.031250 1.000000
vt 0.437500 1.000000
vt 0.843750 1.000000
vt 0.015625 1.000000
vt 0.421875 1.000000
vt 0.828125 1.000000
vt 0.000000 1.000000
vt 0.406250 1.000000
vt 0.812500 1.000000
vt 0.390625 1.000000
vt 0.796875 1.000000
vt 0.781250 1.000000
vt 0.265625 1.000000
vt 0.281250 1.000000
vt 0.265625 1.000000
vt 0.718750 1.000000
vt 0.296875 1.000000
vt 0.703125 1.000000
vt 0.281250 1.000000
vt 0.687500 1.000000
vt 0.671875 1.000000
vt 0.250000 1.000000
vt 0.656250 1.000000
vt 0.234375 1.000000
vt 0.640625 1.000000
vt 0.218750 1.000000
vt 0.625000 1.000000
vt 0.203125 1.000000
vt 0.609375 1.000000
vt 0.187500 1.000000
vt 0.593750 1.000000
vt 0.171875 1.000000
vt 0.578125 1.000000
vt 1.000000 1.000000
vt 0.984375 1.000000
vt 0.156250 1.000000
vt 0.562500 1.000000
vt 0.968750 1.000000
vt 0.140625 1.000000
vt 0.546875 1.000000
vt 0.953125 1.000000
vt 0.125000 1.000000
vt 0.531250 1.000000
vt 0.937500 1.000000
vt 0.109375 1.000000
vt 0.515625 1.000000
vt 0.921875 1.000000
vt 0.093750 1.000000
vt 0.500000 1.000000
vt 0.906250 1.000000
vt 0.078125 1.000000
vt 0.484375 1.000000
vt 0.890625 1.000000
vt 0.062500 1.000000
vt 0.468750 1.000000
vt 0.875000 1.000000
vt 0.046875 1.000000
vt 0.453125 1.000000
vt 0.859375 1.000000
vt 0.031250 1.000000
vt 0.437500 1.000000
vt 0.843750 1.000000
vt 0.015625 1.000000
vt 0.421875 1.000000
vt 0.828125 1.000000
vt 0.000000 1.000000
vt 0.406250 1.000000
vt 0.812500 1.000000
vt 0.390625 1.000000
vt 0.796875 1.000000
vt 0.375000 1.000000
vt 0.781250 1.000000
vt 0.359375 1.000000
vt 0.765625 1.000000
vt 0.343750 1.000000
vt 0.750000 1.000000
vt 0.734375 1.000000
vt 0.218750 1.000000
vt 0.234375 1.000000
vt 0.218750 1.000000
vt 0.671875 1.000000
vt 0.250000 1.000000
vt 0.656250 1.000000
vt 0.234375 1.000000
vt 0.640625 1.000000
vt 0.625000 1.000000
vt 0.203125 1.000000
vt 0.609375 1.000000
vt 0.187500 1.000000
vt 0.593750 1.000000
vt 0.171875 1.000000
vt 0.578125 1.000000
vt 1.000000 1.000000
vt 0.984375 1.000000
vt 0.156250 1.000000
vt 0.562500 1.000000
vt 0.968750 1.000000
vt 0.140625 1.000000
vt 0.546875 1.000000
vt 0.953125 1.000000
vt 0.125000 1.000000
vt 0.531250 1.000000
vt 0.937500 1.000000
vt 0.109375 1.000000
vt 0.515625 1.000000
vt 0.921875 1.000000
vt 0.093750 1.000000
vt 0.500000 1.000000
vt 0.906250 1.000000
vt 0.078125 1.000000
vt 0.484375 1.000000
vt 0.890625 1.000000
vt 0.062500 1.000000
vt 0.468750 1.000000
vt 0.875000 1.000000
vt 0.046875 1.000000
vt 0.453125 1.000000
vt 0.859375 1.000000
vt 0.031250 1.000000
vt 0.437500 1.000000
vt 0.843750 1.000000
vt 0.015625 1.000000
vt 0.421875 1.000000
vt 0.828125 1.000000
vt 0.000000 1.000000
vt 0.406250 1.000000
vt 0.812500 1.000000
vt 0.390625 1.000000
vt 0.796875 1.000000
vt 0.375000 1.000000
vt 0.781250 1.000000
vt 0.359375 1.000000
vt 0.765625 1.000000
vt 0.343750 1.000000
vt 0.750000 1.000000
vt 0.328125 1.000000
vt 0.734375 1.000000
vt 0.312500 1.000000
vt 0.718750 1.000000
vt 0.296875 1.000000
vt 0.703125 1.000000
vt 0.687500 1.000000
vt 0.171875 1.000000
vt 0.187500 1.000000
vt 0.171875 1.000000
vt 0.625000 1.000000
vt 0.203125 1.000000
vt 0.609375 1.000000
vt 0.187500 1.000000
vt 0.593750 1.000000
vt 0.578125 1.000000
vt 1.000000 1.000000
vt 0.984375 1.000000
vt 0.156250 1.000000
vt 0.562500 1.000000
vt 0.968750 1.000000
vt 0.140625 1.000000
vt 0.546875 1.000000
vt 0.953125 1.000000
vt 0.125000 1.000000
vt 0.531250 1.000000
vt 0.937500 1.000000
vt 0.109375 1.000000
vt 0.515625 1.000000
vt 0.921875 1.000000
vt 0.093750 1.000000
vt 0.500000 1.000000
vt 0.906250 1.000000
vt 0.078125 1.000000
vt 0.484375 1.000000
vt 0.890625 1.000000
vt 0.062500 1.000000
vt 0.468750 1.000000
vt 0.875000 1.000000
vt 0.046875 1.000000
vt 0.453125 1.000000
vt 0.859375 1.000000
vt 0.031250 1.000000
vt 0.437500 1.000000
vt 0.843750 1.000000
vt 0.015625 1.000000
vt 0.421875 1.000000
vt 0.828125 1.000000
vt 0.000000 1.000000
vt 0.406250 1.000000
vt 0.812500 1.000000
vt 0.390625 1.000000
vt 0.796875 1.000000
vt 0.375000 1.000000
vt 0.781250 1.000000
vt 0.359375 1.000000
vt 0.765625 1.000000
vt 0.343750 1.000000
vt 0.750000 1.000000
vt 0.328125 1.000000
vt 0.734375 1.000000
vt 0.312500 1.000000
vt 0.718750 1.000000
vt 0.296875 1.000000
vt 0.703125 1.000000
vt 0.281250 1.000000
vt 0.687500 1.000000
vt 0.265625 1.000000
vt 0.671875 1.000000
vt 0.250000 1.000000
vt 0.656250 1.000000
vt 0.640625 1.000000
vt 0.968750 1.000000
vt 0.953125 1.000000
vt 0.953125 1.000000
vt 0.593750 1.000000
vt 0.578125 1.000000
vt 0.984375 1.000000
vt 0.156250 1.000000
vt 0.562500 1.000000
vt 0.140625 1.000000
vt 0.546875 1.000000
vt 0.125000 1.000000
vt 0.531250 1.000000
vt 0.937500 1.000000
vt 0.109375 1.000000
vt 0.515625 1.000000
vt 0.921875 1.000000
vt 0.093750 1.000000
vt 0.500000 1.000000
vt 0.906250 1.000000
vt 0.078125 1.000000
vt 0.484375 1.000000
vt 0.890625 1.000000
vt 0.062500 1.000000
vt 0.468750 1.000000
vt 0.875000 1.000000
vt 0.046875 1.000000
vt 0.453125 1.000000
vt 0.859375 1.000000
vt 0.031250 1.000000
vt 0.437500 1.000000
vt 0.843750 1.000000
vt 0.015625 1.000000
vt 0.421875 1.000000
vt 0.828125 1.000000
vt 0.000000 1.000000
vt 0.406250 1.000000
vt 0.812500 1.000000
vt 0.390625 1.000000
vt 0.796875 1.000000
vt 0.375000 1.000000
vt 0.781250 1.000000
vt 0.359375 1.000000
vt 0.765625 1.000000
vt 0.343750 1.000000
vt 0.750000 1.000000
vt 0.328125 1.000000
vt 0.734375 1.000000
vt 0.312500 1.000000
vt 0.718750 1.000000
vt 0.296875 1.000000
vt 0.703125 1.000000
vt 0.281250 1.000000
vt 0.687500 1.000000
vt 0.265625 1.000000
vt 0.671875 1.000000
vt 0.250000 1.000000
vt 0.656250 1.000000
vt 0.234375 1.000000
vt 0.640625 1.000000
vt 0.218750 1.000000
vt 0.625000 1.000000
vt 0.203125 1.000000
vt 0.609375 1.000000
vt 0.937500 1.000000
vt 0.609375 1.000000
vt 0.140625 1.000000
vt 0.125000 1.000000
vt 0.546875 1.000000
vt 0.531250 1.000000
vt 0.109375 1.000000
vt 0.515625 1.000000
vt 0.921875 1.000000
vt 0.093750 1.000000
vt 0.500000 1.000000
vt 0.906250 1.000000
vt 0.078125 1.000000
vt 0.484375 1.000000
vt 0.890625 1.000000
vt 0.062500 1.000000
vt 0.468750 1.000000
vt 0.875000 1.000000
vt 0.046875 1.000000
vt 0.453125 1.000000
vt 0.859375 1.000000
vt 0.031250 1.000000
vt 0.437500 1.000000
vt 0.843750 1.000000
vt 0.015625 1.000000
vt 0.421875 1.000000
vt 0.828125 1.000000
vt 0.000000 1.000000
vt 0.406250 1.000000
vt 0.812500 1.000000
vt 0.390625 1.000000
vt 0.796875 1.000000
vt 0.375000 1.000000
vt 0.781250 1.000000
vt 0.359375 1.000000
vt 0.765625 1.000000
vt 0.343750 1.000000
vt 0.750000 1.000000
vt 0.328125 1.000000
vt 0.734375 1.000000
vt 0.312500 1.000000
vt 0.718750 1.000000
vt 0.296875 1.000000
vt 0.703125 1.000000
vt 0.281250 1.000000
vt 0.687500 1.000000
vt 0.265625 1.000000
vt 0.671875 1.000000
vt 0.250000 1.000000
vt 0.656250 1.000000
vt 0.234375 1.000000
vt 0.640625 1.000000
vt 0.218750 1.000000
vt 0.625000 1.000000
vt 0.203125 1.000000
vt 0.187500 1.000000
vt 0.593750 1.000000
vt 0.171875 1.000000
vt 0.578125 1.000000
vt 1.000000 1.000000
vt 0.984375 1.000000
vt 0.156250 1.000000
vt 0.562500 1.000000
vt 0.968750 1.000000
vt 0.750000 0.490000
vt 0.773524 0.488844
vt 0.796822 0.485388
vt 0.819668 0.479666
vt 0.841844 0.471731
vt 0.863135 0.461661
vt 0.883337 0.449553
vt 0.902254 0.435522
vt 0.919706 0.419706
vt 0.961661 0.363135
vt 0.935522 0.402254
vt 0.949553 0.383337
vt 0.971731 0.341844
vt 0.979666 0.319668
vt 0.985388 0.296822
vt 0.988844 0.273524
vt 0.990000 0.250000
vt 0.988844 0.226476
vt 0.985388 0.203178
vt 0.979666 0.180332
vt 0.971731 0.158156
vt 0.961661 0.136865
vt 0.949553 0.116663
vt 0.935522 0.097746
vt 0.919706 0.080294
vt 0.863135 0.038339
vt 0.902254 0.064478
vt 0.883337 0.050447
vt 0.841844 0.028269
vt 0.819668 0.020334
vt 0.796822 0.014612
vt 0.750000 0.010000
vt 0.726476 0.011156
vt 0.703178 0.014612
vt 0.680332 0.020334
vt 0.658156 0.028269
vt 0.636865 0.038339
vt 0.616663 0.050447
vt 0.597746 0.064478
vt 0.580294 0.080294
vt 0.538339 0.136865
vt 0.564478 0.097746
vt 0.550447 0.116663
vt 0.528269 0.158156
vt 0.520334 0.180332
vt 0.514612 0.203178
vt 0.510000 0.250000
vt 0.511156 0.273524
vt 0.514612 0.296822
vt 0.520334 0.319668
vt 0.528269 0.341844
vt 0.538339 0.363135
vt 0.550447 0.383337
vt 0.564478 0.402254
vt 0.580294 0.419706
vt 0.636865 0.461661
vt 0.597746 0.435522
vt 0.616663 0.449553
vt 0.658156 0.471731
vt 0.680332 0.479666
vt 0.703178 0.485388
vt 1.000000 1.000000
vt 1.000000 1.000000
vn 0.0491 0.0000 -0.9988
vn 0.1467 0.0000 -0.9892
vn 0.2429 0.0000 -0.9701
vn 0.3368 0.0000 -0.9416
vn 0.4275 0.0000 -0.9040
vn 0.5141 0.0000 -0.8577
vn 0.5956 0.0000 -0.8033
vn 0.6715 0.0000 -0.7410
vn 0.7410 0.0000 -0.6716
vn 0.8032 0.0000 -0.5957
vn 0.8577 0.0000 -0.5142
vn 0.9040 0.0000 -0.4276
vn 0.9415 0.0000 -0.3369
vn 0.9700 0.0000 -0.2430
vn 0.9892 0.0000 -0.1467
vn 0.9988 0.0000 -0.0491
vn 0.9988 0.0000 0.0491
vn 0.9892 0.0000 0.1467
vn 0.9700 0.0000 0.2430
vn 0.9415 0.0000 0.3370
vn 0.9040 0.0000 0.4276
vn 0.8577 0.0000 0.5141
vn 0.8032 0.0000 0.5957
vn 0.7410 0.0000 0.6716
vn 0.6715 0.0000 0.7410
vn 0.5957 0.0000 0.8032
vn 0.5142 0.0000 0.8576
vn 0.4275 0.0000 0.9040
vn 0.3370 0.0000 0.9415
vn 0.2430 0.0000 0.9700
vn 0.1467 0.0000 0.9892
vn 0.0491 0.0000 0.9988
vn -0.0491 0.0000 0.9988
vn -0.1467 0.0000 0.9892
vn -0.2429 0.0000 0.9701
vn -0.3368 0.0000 0.9416
vn -0.4275 0.0000 0.9040
vn -0.5141 0.0000 0.8577
vn -0.5956 0.0000 0.8033
vn -0.6716 0.0000 0.7409
vn -0.7410 0.0000 0.6715
vn -0.8032 0.0000 0.5957
vn -0.8577 0.0000 0.5142
vn -0.9040 0.0000 0.4275
vn -0.9415 0.0000 0.3369
vn -0.9700 0.0000 0.2430
vn -0.9892 0.0000 0.1467
vn -0.9988 0.0000 0.0491
vn -0.9988 0.0000 -0.0491
vn -0.9892 0.0000 -0.1467
vn -0.9700 0.0000 -0.2430
vn -0.9415 0.0000 -0.3370
vn -0.9040 0.0000 -0.4275
vn -0.8577 0.0000 -0.5141
vn -0.8032 0.0000 -0.5957
vn -0.7410 0.0000 -0.6715
vn -0.6716 0.0000 -0.7410
vn -0.5957 0.0000 -0.8032
vn -0.5142 0.0000 -0.8576
vn -0.4275 0.0000 -0.9040
vn -0.3370 0.0000 -0.9415
vn -0.2430 0.0000 -0.9700
vn -0.4631 0.0108 -0.8862
vn -0.1467 0.0000 -0.9892
vn -0.0491 0.0000 -0.9988
vn 0.0000 -1.0000 -0.0000
vn -0.1915 -0.1723 -0.9662
vn -0.0976 0.0106 0.9952
vn 0.6286 0.0070 -0.7777
vn -0.8286 0.0011 0.5599
vn 1.0000 -0.0037 0.0038
vn -0.9548 -0.0023 -0.2972
vn 0.6271 0.0055 0.7789
vn -0.3754 0.0124 -0.9268
vn -0.1934 0.0102 0.9811
vn 0.7020 0.0050 -0.7121
vn -0.8798 -0.0002 0.4753
vn 0.9946 -0.0035 0.1033
vn -0.9206 -0.0012 -0.3906
vn 0.5481 0.0068 0.8364
vn -0.2842 0.0136 -0.9587
vn -0.2875 0.0096 0.9577
vn 0.7687 0.0032 -0.6395
vn -0.9225 -0.0013 0.3860
vn 0.9794 -0.0029 0.2017
vn -0.8773 0.0001 -0.4800
vn 0.4644 0.0080 0.8856
vn -0.1906 0.0146 -0.9816
vn -0.3792 0.0087 0.9253
vn 0.8283 0.0014 -0.5602
vn -0.9563 -0.0023 0.2925
vn 0.9546 -0.0021 0.2979
vn -0.8256 0.0017 -0.5643
vn 0.1923 0.0145 -0.9812
vn 0.3765 0.0089 0.9264
vn -0.0952 0.0151 -0.9953
vn -0.4668 0.0077 0.8843
vn 0.8798 -0.0002 -0.4753
vn -0.9806 -0.0030 0.1961
vn 0.9204 -0.0011 0.3909
vn -0.7660 0.0035 -0.6429
vn 0.2849 0.0097 0.9585
vn 0.0009 0.0153 -0.9999
vn 0.2862 0.0135 -0.9581
vn -0.5511 0.0065 0.8344
vn 0.9227 -0.0015 -0.3855
vn -0.9953 -0.0035 0.0973
vn 0.8774 0.0001 0.4798
vn -0.6991 0.0054 -0.7150
vn 0.1910 0.0103 0.9815
vn 0.0969 0.0151 -0.9952
vn 0.3774 0.0122 -0.9260
vn -0.6299 0.0052 0.7767
vn 0.9565 -0.0026 -0.2917
vn -1.0000 -0.0037 -0.0023
vn 0.8259 0.0014 0.5639
vn -0.6259 0.0072 -0.7798
vn 0.0955 0.0106 0.9954
vn 0.4655 0.0106 -0.8850
vn -0.7030 0.0039 0.7112
vn 0.9808 -0.0032 -0.1948
vn -0.9948 -0.0035 -0.1021
vn 0.7664 0.0028 0.6424
vn -0.5469 0.0091 -0.8372
vn -0.0009 0.0107 0.9999
vn 0.5496 0.0089 -0.8354
vn -0.7694 0.0025 0.6388
vn 0.9954 -0.0037 -0.0961
vn -0.9797 -0.0031 -0.2006
vn 0.7000 0.0042 0.7141
vn 0.1005 -0.2818 -0.9542
vn -0.3812 0.1716 0.9084
vn 0.8331 -0.0899 -0.5458
vn -0.0949 -0.1736 -0.9802
vn -0.4693 0.1626 0.8679
vn 0.8833 -0.0748 -0.4629
vn 0.0030 -0.1734 -0.9848
vn -0.5535 0.1518 0.8189
vn 0.9250 -0.0588 -0.3755
vn 0.1009 -0.1717 -0.9800
vn -0.6321 0.1397 0.7622
vn 0.9578 -0.0420 -0.2845
vn -0.7049 0.1261 0.6980
vn 0.9813 -0.0246 -0.1908
vn -0.7710 0.1114 0.6270
vn 0.9954 -0.0069 -0.0955
vn -0.8298 0.0957 0.5498
vn 0.9999 0.0110 0.0011
vn -0.8807 0.0790 0.4671
vn 0.9948 0.0290 0.0973
vn -0.9230 0.0617 0.3798
vn 0.9801 0.0470 0.1926
vn -0.9565 0.0438 0.2883
vn 0.9560 0.0645 0.2862
vn -0.9806 0.0256 0.1941
vn 0.9226 0.0817 0.3769
vn -0.9952 0.0073 0.0977
vn 0.8805 0.0980 0.4639
vn -0.9999 -0.0109 0.0006
vn 0.8298 0.1135 0.5464
vn -0.9949 -0.0288 -0.0968
vn 0.7710 0.1280 0.6238
vn -0.9801 -0.0463 -0.1932
vn 0.7050 0.1413 0.6950
vn -0.9556 -0.0631 -0.2879
vn 0.6320 0.1534 0.7597
vn -0.9218 -0.0792 -0.3794
vn 0.5529 0.1639 0.8170
vn -0.8791 -0.0943 -0.4672
vn 0.4686 0.1727 0.8664
vn -0.8278 -0.1084 -0.5504
vn 0.3797 0.1801 0.9074
vn 0.1979 -0.1682 -0.9657
vn -0.7686 -0.1213 -0.6281
vn 0.2872 0.1854 0.9398
vn 0.2930 -0.1633 -0.9421
vn -0.7021 -0.1328 -0.6996
vn 0.1924 0.1890 0.9629
vn 0.3852 -0.1570 -0.9094
vn -0.6289 -0.1431 -0.7642
vn 0.0947 0.1908 0.9770
vn 0.4740 -0.1491 -0.8678
vn -0.5500 -0.1519 -0.8212
vn -0.0015 0.1906 0.9817
vn 0.5580 -0.1398 -0.8180
vn -0.4660 -0.1593 -0.8703
vn -0.0987 0.1885 0.9771
vn 0.6364 -0.1292 -0.7605
vn -0.3778 -0.1651 -0.9110
vn -0.1949 0.1848 0.9633
vn 0.7091 -0.1173 -0.6953
vn -0.2860 -0.1695 -0.9431
vn -0.2894 0.1790 0.9403
vn 0.7748 -0.1042 -0.6235
vn -0.8095 0.3236 0.4899
vn -0.6248 0.2568 0.7374
vn 0.9577 -0.0802 -0.2762
vn -0.6981 0.2333 0.6770
vn 0.9813 -0.0509 -0.1856
vn -0.7648 0.2075 0.6099
vn 0.9954 -0.0203 -0.0935
vn -0.8246 0.1796 0.5365
vn 0.9999 0.0110 -0.0005
vn -0.8766 0.1500 0.4573
vn 0.9948 0.0428 0.0921
vn -0.9201 0.1192 0.3732
vn 0.9801 0.0744 0.1838
vn -0.9546 0.0873 0.2848
vn 0.9560 0.1058 0.2737
vn -0.9797 0.0549 0.1930
vn 0.9226 0.1366 0.3607
vn -0.9949 0.0221 0.0987
vn 0.8803 0.1665 0.4442
vn -0.9999 -0.0103 0.0032
vn 0.8296 0.1949 0.5232
vn -0.9948 -0.0423 -0.0928
vn 0.7709 0.2217 0.5971
vn -0.9794 -0.0731 -0.1882
vn 0.7047 0.2464 0.6653
vn -0.9540 -0.1027 -0.2815
vn 0.6320 0.2686 0.7270
vn -0.9190 -0.1304 -0.3721
vn 0.5527 0.2884 0.7819
vn -0.8748 -0.1561 -0.4586
vn 0.4685 0.3054 0.8290
vn -0.8220 -0.1796 -0.5405
vn 0.3797 0.3193 0.8683
vn 0.1975 -0.2775 -0.9402
vn -0.7614 -0.2008 -0.6164
vn 0.2871 0.3301 0.8993
vn 0.2927 -0.2710 -0.9170
vn -0.6938 -0.2196 -0.6859
vn 0.1917 0.3375 0.9216
vn 0.3849 -0.2621 -0.8850
vn -0.6198 -0.2358 -0.7485
vn 0.0946 0.3414 0.9351
vn 0.4736 -0.2507 -0.8443
vn -0.5407 -0.2495 -0.8033
vn -0.0007 0.3420 0.9397
vn 0.5575 -0.2372 -0.7956
vn -0.4571 -0.2608 -0.8503
vn -0.0963 0.3393 0.9357
vn 0.6363 -0.2213 -0.7390
vn -0.3699 -0.2698 -0.8890
vn -0.1911 0.3332 0.9233
vn 0.7089 -0.2030 -0.6754
vn -0.2797 -0.2766 -0.9194
vn -0.2842 0.3240 0.9023
vn 0.7746 -0.1825 -0.6055
vn -0.1878 -0.2810 -0.9411
vn -0.3749 0.3116 0.8731
vn 0.8329 -0.1598 -0.5299
vn -0.0943 -0.2835 -0.9543
vn -0.4625 0.2961 0.8357
vn 0.8832 -0.1350 -0.4492
vn 0.0026 -0.2837 -0.9589
vn -0.5461 0.2779 0.7903
vn 0.9249 -0.1085 -0.3644
vn -0.9519 0.2522 0.1743
vn 0.9999 0.0105 -0.0031
vn -0.8645 0.2736 0.4215
vn 0.9948 0.0643 0.0788
vn -0.9113 0.2208 0.3475
vn 0.9801 0.1182 0.1594
vn -0.9490 0.1654 0.2684
vn 0.9559 0.1717 0.2381
vn -0.9769 0.1082 0.1845
vn 0.9226 0.2241 0.3140
vn -0.9940 0.0500 0.0971
vn 0.8803 0.2752 0.3865
vn -0.9999 -0.0083 0.0073
vn 0.8294 0.3240 0.4551
vn -0.9943 -0.0657 -0.0840
vn 0.7707 0.3698 0.5189
vn -0.9770 -0.1211 -0.1753
vn 0.7042 0.4126 0.5778
vn -0.9485 -0.1738 -0.2649
vn 0.6315 0.4507 0.6309
vn -0.9092 -0.2228 -0.3518
vn 0.5525 0.4850 0.6779
vn -0.8600 -0.2674 -0.4346
vn 0.4679 0.5146 0.7185
vn -0.8021 -0.3073 -0.5120
vn 0.3792 0.5386 0.7524
vn 0.1963 -0.4576 -0.8672
vn -0.7369 -0.3421 -0.5831
vn 0.2866 0.5578 0.7789
vn 0.2915 -0.4484 -0.8450
vn -0.6654 -0.3723 -0.6470
vn 0.1915 0.5712 0.7982
vn 0.3836 -0.4355 -0.8144
vn -0.5893 -0.3971 -0.7036
vn 0.0945 0.5786 0.8101
vn 0.4724 -0.4186 -0.7757
vn -0.5098 -0.4173 -0.7523
vn 0.0009 0.5804 0.8143
vn 0.5567 -0.3980 -0.7292
vn -0.4274 -0.4334 -0.7934
vn -0.0902 0.5770 0.8117
vn 0.6355 -0.3731 -0.6760
vn -0.3442 -0.4457 -0.8264
vn -0.1811 0.5683 0.8026
vn 0.7083 -0.3441 -0.6164
vn -0.2591 -0.4549 -0.8520
vn -0.2704 0.5547 0.7869
vn 0.7743 -0.3111 -0.5511
vn -0.1739 -0.4608 -0.8703
vn -0.3585 0.5359 0.7644
vn 0.8325 -0.2745 -0.4811
vn -0.0883 -0.4645 -0.8812
vn -0.4441 0.5119 0.7354
vn 0.8830 -0.2337 -0.4070
vn 0.0021 -0.4654 -0.8851
vn -0.5264 0.4835 0.6994
vn 0.9248 -0.1900 -0.3296
vn 0.0997 -0.4632 -0.8806
vn -0.6049 0.4501 0.6569
vn 0.9577 -0.1431 -0.2497
vn -0.6787 0.4123 0.6078
vn 0.9813 -0.0937 -0.1682
vn -0.7472 0.3701 0.5520
vn 0.9954 -0.0423 -0.0859
vn -0.9999 -0.0029 0.0104
vn 0.9560 0.2527 0.1491
vn -0.9783 0.1681 0.1214
vn 0.9226 0.3311 0.1981
vn -0.9944 0.0819 0.0663
vn 0.8804 0.4062 0.2448
vn -0.9999 -0.0053 0.0094
vn 0.8296 0.4778 0.2890
vn -0.9946 -0.0925 -0.0482
vn 0.7710 0.5448 0.3300
vn -0.9784 -0.1776 -0.1060
vn 0.7045 0.6070 0.3677
vn -0.9516 -0.2605 -0.1632
vn 0.6317 0.6629 0.4019
vn -0.9147 -0.3396 -0.2191
vn 0.5528 0.7124 0.4323
vn -0.8683 -0.4142 -0.2728
vn 0.4685 0.7553 0.4584
vn -0.8133 -0.4834 -0.3237
vn 0.3796 0.7907 0.4803
vn 0.1974 -0.7935 -0.5757
vn -0.7509 -0.5462 -0.3712
vn 0.2869 0.8186 0.4975
vn 0.2924 -0.7745 -0.5609
vn -0.6816 -0.6029 -0.4147
vn 0.1918 0.8383 0.5104
vn 0.3849 -0.7479 -0.5408
vn -0.6070 -0.6524 -0.4539
vn 0.0947 0.8499 0.5183
vn 0.4734 -0.7145 -0.5151
vn -0.5277 -0.6950 -0.4883
vn 0.0004 0.8532 0.5216
vn 0.5574 -0.6743 -0.4843
vn -0.4448 -0.7309 -0.5177
vn -0.0928 0.8488 0.5204
vn 0.6362 -0.6274 -0.4490
vn -0.3592 -0.7597 -0.5421
vn -0.1854 0.8369 0.5150
vn 0.7089 -0.5743 -0.4095
vn -0.2713 -0.7820 -0.5611
vn -0.2766 0.8176 0.5049
vn 0.7745 -0.5157 -0.3664
vn -0.1821 -0.7976 -0.5750
vn -0.3660 0.7907 0.4908
vn 0.8329 -0.4514 -0.3202
vn -0.0920 -0.8069 -0.5835
vn -0.4523 0.7565 0.4723
vn 0.8831 -0.3827 -0.2713
vn 0.0024 -0.8098 -0.5867
vn -0.5353 0.7153 0.4492
vn 0.9249 -0.3096 -0.2205
vn 0.1003 -0.8054 -0.5842
vn -0.6140 0.6671 0.4219
vn 0.9578 -0.2333 -0.1681
vn -0.6878 0.6120 0.3904
vn 0.9813 -0.1546 -0.1148
vn -0.7554 0.5510 0.3547
vn 0.9954 -0.0739 -0.0611
vn -0.8166 0.4836 0.3151
vn 0.9999 0.0082 -0.0072
vn -0.8703 0.4109 0.2715
vn 0.9948 0.0908 0.0460
vn -0.9156 0.3334 0.2245
vn 0.9801 0.1723 0.0982
vn -0.9561 -0.2930 0.0053
vn 0.8298 0.5457 0.1169
vn -0.9948 -0.1009 -0.0134
vn 0.7709 0.6226 0.1346
vn -0.9796 -0.1972 -0.0373
vn 0.7049 0.6931 0.1509
vn -0.9545 -0.2920 -0.0611
vn 0.6319 0.7571 0.1658
vn -0.9198 -0.3832 -0.0844
vn 0.5530 0.8137 0.1790
vn -0.8761 -0.4701 -0.1071
vn 0.4686 0.8626 0.1905
vn -0.8239 -0.5519 -0.1289
vn 0.3799 0.9031 0.2003
vn 0.1979 -0.9488 -0.2464
vn -0.7636 -0.6281 -0.1494
vn 0.2872 0.9350 0.2082
vn 0.2929 -0.9253 -0.2408
vn -0.6963 -0.6977 -0.1685
vn 0.1920 0.9578 0.2141
vn 0.3853 -0.8929 -0.2328
vn -0.6228 -0.7599 -0.1861
vn 0.0949 0.9713 0.2180
vn 0.4738 -0.8520 -0.2225
vn -0.5441 -0.8144 -0.2018
vn -0.0032 0.9755 0.2202
vn 0.5579 -0.8029 -0.2100
vn -0.4602 -0.8613 -0.2154
vn -0.0965 0.9707 0.2202
vn 0.6365 -0.7461 -0.1955
vn -0.3728 -0.8997 -0.2270
vn -0.1914 0.9569 0.2184
vn 0.7090 -0.6820 -0.1792
vn -0.2820 -0.9299 -0.2362
vn -0.2848 0.9343 0.2147
vn 0.7746 -0.6115 -0.1612
vn -0.1893 -0.9513 -0.2432
vn -0.3758 0.9028 0.2090
vn 0.8328 -0.5350 -0.1419
vn -0.0948 -0.9642 -0.2476
vn -0.4633 0.8630 0.2014
vn 0.8833 -0.4529 -0.1214
vn 0.0029 -0.9683 -0.2498
vn -0.5470 0.8149 0.1919
vn 0.9249 -0.3667 -0.1000
vn 0.1007 -0.9632 -0.2493
vn -0.6259 0.7587 0.1806
vn 0.9577 -0.2771 -0.0780
vn -0.6989 0.6953 0.1676
vn 0.9813 -0.1844 -0.0553
vn -0.7656 0.6249 0.1527
vn 0.9954 -0.0899 -0.0325
vn -0.8253 0.5480 0.1362
vn 0.9999 0.0053 -0.0097
vn -0.8773 0.4652 0.1182
vn 0.9948 0.1007 0.0130
vn -0.9205 0.3779 0.0988
vn 0.9801 0.1953 0.0353
vn -0.9550 0.2861 0.0781
vn 0.9560 0.2878 0.0570
vn -0.9798 0.1917 0.0563
vn 0.9226 0.3777 0.0780
vn -0.9949 0.0946 0.0336
vn 0.8805 0.4639 0.0980
vn -0.8282 -0.5562 -0.0689
vn 0.6322 0.7748 -0.0004
vn -0.9226 -0.3857 0.0046
vn 0.5529 0.8332 0.0005
vn -0.8805 -0.4740 0.0038
vn 0.4689 0.8833 0.0014
vn -0.8297 -0.5582 0.0030
vn 0.3800 0.9250 0.0022
vn 0.1981 -0.9802 -0.0067
vn -0.7710 -0.6368 0.0021
vn 0.2871 0.9579 0.0031
vn 0.2932 -0.9560 -0.0072
vn -0.7049 -0.7093 0.0013
vn 0.1923 0.9813 0.0039
vn 0.3855 -0.9227 -0.0077
vn -0.6320 -0.7749 0.0004
vn 0.0950 0.9955 0.0046
vn 0.4740 -0.8805 -0.0081
vn -0.5532 -0.8330 -0.0005
vn -0.0030 1.0000 0.0054
vn 0.5582 -0.8297 -0.0084
vn -0.4687 -0.8834 -0.0014
vn -0.1010 0.9949 0.0060
vn 0.6368 -0.7710 -0.0087
vn -0.3799 -0.9250 -0.0022
vn -0.1981 0.9802 0.0067
vn 0.7092 -0.7050 -0.0089
vn -0.2875 -0.9578 -0.0031
vn -0.2931 0.9561 0.0072
vn 0.7749 -0.6320 -0.0089
vn -0.1922 -0.9813 -0.0039
vn -0.3855 0.9227 0.0077
vn 0.8332 -0.5529 -0.0089
vn -0.0950 -0.9955 -0.0046
vn -0.4740 0.8805 0.0081
vn 0.8833 -0.4686 -0.0089
vn 0.0031 -1.0000 -0.0054
vn -0.5580 0.8298 0.0084
vn 0.9250 -0.3798 -0.0087
vn 0.1009 -0.9949 -0.0060
vn -0.6367 0.7711 0.0087
vn 0.9578 -0.2874 -0.0084
vn -0.7092 0.7049 0.0089
vn 0.9814 -0.1917 -0.0081
vn -0.7748 0.6321 0.0089
vn 0.9954 -0.0951 -0.0077
vn -0.8330 0.5532 0.0089
vn 1.0000 0.0034 -0.0072
vn -0.8833 0.4688 0.0089
vn 0.9949 0.1011 -0.0066
vn -0.9250 0.3799 0.0087
vn 0.9802 0.1979 -0.0060
vn -0.9578 0.2872 0.0084
vn 0.9560 0.2933 -0.0053
vn -0.9813 0.1924 0.0081
vn 0.9226 0.3856 -0.0046
vn -0.9955 0.0949 0.0077
vn 0.8805 0.4740 -0.0038
vn -1.0000 -0.0028 0.0072
vn 0.8297 0.5582 -0.0030
vn -0.9949 -0.1009 0.0066
vn 0.7711 0.6367 -0.0021
vn -0.9802 -0.1981 0.0060
vn 0.7050 0.7092 -0.0013
vn 0.3678 -0.8859 -0.2827
vn 0.3782 0.9231 -0.0701
vn 0.1967 -0.9769 -0.0833
vn -0.7697 -0.6346 -0.0702
vn 0.2858 0.9558 -0.0688
vn 0.2915 -0.9529 -0.0841
vn -0.7038 -0.7068 -0.0715
vn 0.1910 0.9793 -0.0676
vn 0.3837 -0.9196 -0.0848
vn -0.6311 -0.7723 -0.0728
vn 0.0940 0.9934 -0.0665
vn 0.4720 -0.8774 -0.0854
vn -0.5525 -0.8302 -0.0741
vn -0.0038 0.9979 -0.0654
vn 0.5557 -0.8269 -0.0859
vn -0.4684 -0.8803 -0.0754
vn -0.1015 0.9927 -0.0644
vn 0.6341 -0.7684 -0.0863
vn -0.3797 -0.9219 -0.0766
vn -0.1983 0.9781 -0.0635
vn 0.7064 -0.7025 -0.0865
vn -0.2874 -0.9546 -0.0779
vn -0.2930 0.9540 -0.0626
vn 0.7718 -0.6299 -0.0866
vn -0.1925 -0.9781 -0.0791
vn -0.3853 0.9207 -0.0619
vn 0.8302 -0.5508 -0.0867
vn -0.0955 -0.9922 -0.0802
vn -0.4735 0.8786 -0.0613
vn 0.8800 -0.4670 -0.0865
vn 0.0023 -0.9967 -0.0813
vn -0.5573 0.8281 -0.0608
vn 0.9217 -0.3782 -0.0863
vn 0.0999 -0.9916 -0.0824
vn -0.6358 0.7695 -0.0604
vn 0.9545 -0.2857 -0.0859
vn -0.7079 0.7038 -0.0602
vn 0.9778 -0.1912 -0.0854
vn -0.7735 0.6310 -0.0601
vn 0.9919 -0.0943 -0.0848
vn -0.8316 0.5521 -0.0601
vn 0.9965 0.0036 -0.0840
vn -0.8817 0.4679 -0.0602
vn 0.9913 0.1016 -0.0832
vn -0.9232 0.3796 -0.0605
vn 0.9767 0.1980 -0.0823
vn -0.9560 0.2871 -0.0609
vn 0.9525 0.2934 -0.0813
vn -0.9794 0.1923 -0.0613
vn 0.9194 0.3850 -0.0802
vn -0.9935 0.0955 -0.0620
vn 0.8773 0.4734 -0.0790
vn -0.9980 -0.0028 -0.0627
vn 0.8267 0.5573 -0.0778
vn -0.9929 -0.1002 -0.0635
vn 0.7681 0.6357 -0.0765
vn -0.9783 -0.1969 -0.0645
vn 0.7022 0.7080 -0.0753
vn -0.9542 -0.2919 -0.0655
vn 0.6297 0.7733 -0.0740
vn -0.9210 -0.3838 -0.0666
vn 0.5508 0.8315 -0.0726
vn -0.8790 -0.4720 -0.0677
vn 0.4667 0.8815 -0.0714
vn -0.0106 0.0080 -0.9999
vn -0.6125 -0.7450 -0.2641
vn 0.0889 0.9630 -0.2543
vn 0.4533 -0.8450 -0.2837
vn -0.5361 -0.8011 -0.2661
vn -0.0058 0.9676 -0.2524
vn 0.5341 -0.7961 -0.2845
vn -0.4547 -0.8493 -0.2681
vn -0.1003 0.9628 -0.2508
vn 0.6096 -0.7397 -0.2851
vn -0.3690 -0.8893 -0.2702
vn -0.1942 0.9487 -0.2495
vn 0.6793 -0.6760 -0.2854
vn -0.2800 -0.9206 -0.2721
vn -0.2858 0.9256 -0.2482
vn 0.7425 -0.6059 -0.2856
vn -0.1881 -0.9432 -0.2740
vn -0.3753 0.8934 -0.2471
vn 0.7985 -0.5299 -0.2856
vn -0.0942 -0.9566 -0.2756
vn -0.4608 0.8527 -0.2462
vn 0.8468 -0.4488 -0.2854
vn 0.0001 -0.9608 -0.2774
vn -0.5419 0.8038 -0.2454
vn 0.8870 -0.3633 -0.2850
vn 0.0943 -0.9557 -0.2790
vn -0.6180 0.7472 -0.2447
vn 0.9185 -0.2746 -0.2844
vn -0.6880 0.6834 -0.2443
vn 0.9413 -0.1827 -0.2837
vn -0.7517 0.6126 -0.2442
vn 0.9550 -0.0893 -0.2827
vn -0.8078 0.5365 -0.2442
vn 0.9595 0.0052 -0.2815
vn -0.8562 0.4552 -0.2444
vn 0.9547 0.0997 -0.2803
vn -0.8967 0.3689 -0.2448
vn 0.9408 0.1927 -0.2789
vn -0.9282 0.2797 -0.2454
vn 0.9178 0.2843 -0.2773
vn -0.9509 0.1877 -0.2462
vn 0.8858 0.3734 -0.2755
vn -0.9645 0.0934 -0.2471
vn 0.8453 0.4587 -0.2737
vn -0.9687 -0.0010 -0.2483
vn 0.7967 0.5398 -0.2719
vn -0.9636 -0.0958 -0.2496
vn 0.7404 0.6156 -0.2700
vn -0.9493 -0.1892 -0.2511
vn 0.6768 0.6857 -0.2679
vn -0.9259 -0.2809 -0.2526
vn 0.6066 0.7492 -0.2659
vn -0.8936 -0.3699 -0.2543
vn 0.5306 0.8055 -0.2640
vn -0.8527 -0.4553 -0.2561
vn 0.4494 0.8541 -0.2619
vn -0.8036 -0.5364 -0.2580
vn 0.3639 0.8945 -0.2598
vn 0.1878 -0.9413 -0.2804
vn -0.7467 -0.6122 -0.2600
vn 0.2745 0.9263 -0.2580
vn 0.2792 -0.9180 -0.2817
vn -0.6830 -0.6818 -0.2620
vn 0.1829 0.9492 -0.2560
vn 0.2430 0.0000 -0.9700
vn 0.3370 0.0000 -0.9415
vn 0.5142 0.0000 -0.8576
vn 0.6716 0.0000 -0.7409
vn 0.7410 0.0000 -0.6715
vn 0.8577 0.0000 -0.5141
vn 0.9040 0.0000 -0.4275
vn 0.9415 0.0000 -0.3370
vn 0.9415 0.0000 0.3369
vn 0.9040 0.0000 0.4275
vn 0.8577 0.0000 0.5142
vn 0.7410 0.0000 0.6715
vn 0.6716 0.0000 0.7410
vn 0.5141 0.0000 0.8577
vn 0.3369 0.0000 0.9416
vn 0.2429 0.0000 0.9701
vn -0.2430 0.0000 0.9700
vn -0.3370 0.0000 0.9415
vn -0.5142 0.0000 0.8576
vn -0.6715 0.0000 0.7410
vn -0.7410 0.0000 0.6716
vn -0.8577 0.0000 0.5141
vn -0.9040 0.0000 0.4276
vn -0.9415 0.0000 0.3370
vn -0.9415 0.0000 -0.3369
vn -0.9040 0.0000 -0.4276
vn -0.8577 0.0000 -0.5142
vn -0.7410 0.0000 -0.6716
vn -0.6715 0.0000 -0.7410
vn -0.5141 0.0000 -0.8577
vn -0.3369 0.0000 -0.9416
vn -0.2429 0.0000 -0.9701
vn -0.5957 0.0186 -0.8030
vn 0.0000 -1.0000 -0.0001
vn 0.0000 -1.0000 0.0002
vn 0.0000 -1.0000 -0.0002
vn 0.0000 -1.0000 0.0001
vn -0.1924 -0.1724 -0.9661
vn 0.0490 0.0169 0.9987
vn 0.5140 0.0160 -0.8576
vn -0.7409 0.0084 0.6715
vn 0.9892 0.0036 -0.1467
vn -0.9892 0.0049 -0.1467
vn 0.7408 0.0112 0.6716
vn -0.5141 0.0203 -0.8575
vn -0.0491 0.0166 0.9987
vn 0.5956 0.0141 -0.8032
vn -0.8032 0.0071 0.5957
vn 0.9988 0.0036 -0.0491
vn -0.9700 0.0060 -0.2430
vn 0.6715 0.0124 0.7409
vn -0.4273 0.0218 -0.9038
vn -0.1469 0.0161 0.9890
vn 0.6715 0.0121 -0.7409
vn -0.8577 0.0060 0.5141
vn 0.9988 0.0039 0.0491
vn -0.9415 0.0073 -0.3369
vn 0.5958 0.0136 0.8030
vn -0.3368 0.0229 -0.9413
vn -0.2427 0.0154 0.9700
vn 0.7410 0.0102 -0.6715
vn -0.9040 0.0051 0.4275
vn 0.9892 0.0044 0.1467
vn -0.9040 0.0089 -0.4274
vn 0.0491 0.0235 -0.9985
vn 0.5140 0.0146 0.8576
vn -0.2429 0.0237 -0.9698
vn -0.3368 0.0145 0.9415
vn 0.8032 0.0084 -0.5957
vn -0.9415 0.0044 0.3369
vn 0.9700 0.0052 0.2430
vn -0.8577 0.0107 -0.5141
vn 0.4275 0.0155 0.9039
vn -0.1467 0.0240 -0.9889
vn 0.1466 0.0226 -0.9889
vn -0.4275 0.0135 0.9039
vn 0.8577 0.0069 -0.5142
vn -0.9700 0.0039 0.2429
vn 0.9415 0.0062 0.3369
vn -0.8032 0.0127 -0.5956
vn 0.3371 0.0162 0.9413
vn -0.0491 0.0240 -0.9985
vn 0.2429 0.0214 -0.9698
vn -0.5140 0.0123 0.8577
vn 0.9040 0.0056 -0.4275
vn -0.9892 0.0036 0.1467
vn 0.9040 0.0073 0.4275
vn -0.7409 0.0147 -0.6715
vn 0.2431 0.0166 0.9699
vn 0.3368 0.0198 -0.9414
vn -0.5955 0.0110 0.8033
vn 0.9415 0.0047 -0.3369
vn -0.9988 0.0038 0.0491
vn 0.8577 0.0085 0.5141
vn -0.6714 0.0167 -0.7409
vn 0.1465 0.0169 0.9891
vn 0.4275 0.0181 -0.9038
vn -0.6714 0.0097 0.7410
vn 0.9700 0.0040 -0.2430
vn -0.9988 0.0042 -0.0491
vn 0.8032 0.0098 0.5956
vn 0.0940 -0.2812 -0.9550
vn -0.3853 0.1716 0.9067
vn 0.8293 -0.0904 -0.5514
vn -0.0956 -0.1736 -0.9802
vn -0.4740 0.1624 0.8654
vn 0.8804 -0.0753 -0.4682
vn 0.0011 -0.1733 -0.9849
vn -0.5580 0.1516 0.8159
vn 0.9229 -0.0592 -0.3804
vn 0.0980 -0.1714 -0.9803
vn -0.6366 0.1394 0.7585
vn 0.9564 -0.0424 -0.2888
vn -0.7091 0.1257 0.6938
vn 0.9806 -0.0250 -0.1943
vn -0.7749 0.1110 0.6223
vn 0.9952 -0.0072 -0.0979
vn -0.8332 0.0951 0.5448
vn 0.9999 0.0109 -0.0004
vn -0.8833 0.0785 0.4621
vn 0.9949 0.0289 0.0968
vn -0.9250 0.0611 0.3749
vn 0.9801 0.0470 0.1931
vn -0.9578 0.0434 0.2842
vn 0.9557 0.0645 0.2872
vn -0.9813 0.0253 0.1909
vn 0.9219 0.0817 0.3787
vn -0.9954 0.0071 0.0953
vn 0.8793 0.0982 0.4661
vn -0.9999 -0.0110 -0.0009
vn 0.8281 0.1137 0.5489
vn -0.9948 -0.0289 -0.0975
vn 0.7691 0.1282 0.6261
vn -0.9801 -0.0462 -0.1928
vn 0.7026 0.1415 0.6974
vn -0.9560 -0.0630 -0.2864
vn 0.6297 0.1535 0.7615
vn -0.9227 -0.0791 -0.3774
vn 0.5508 0.1638 0.8184
vn -0.8804 -0.0942 -0.4647
vn 0.4667 0.1727 0.8674
vn -0.8298 -0.1082 -0.5475
vn 0.3785 0.1800 0.9079
vn 0.1943 -0.1681 -0.9664
vn -0.7711 -0.1211 -0.6251
vn 0.2866 0.1853 0.9399
vn 0.2885 -0.1632 -0.9435
vn -0.7050 -0.1328 -0.6966
vn 0.1917 0.1890 0.9631
vn 0.3802 -0.1569 -0.9115
vn -0.6321 -0.1431 -0.7616
vn 0.0956 0.1908 0.9770
vn 0.4685 -0.1490 -0.8708
vn -0.5532 -0.1520 -0.8190
vn -0.0030 0.1907 0.9816
vn 0.5522 -0.1399 -0.8219
vn -0.4689 -0.1593 -0.8687
vn -0.1011 0.1887 0.9768
vn 0.6313 -0.1294 -0.7647
vn -0.3800 -0.1652 -0.9101
vn -0.1982 0.1848 0.9626
vn 0.7041 -0.1175 -0.7003
vn -0.2873 -0.1697 -0.9427
vn -0.2932 0.1791 0.9391
vn 0.7705 -0.1045 -0.6289
vn -0.8332 0.3060 0.4605
vn -0.6368 0.2545 0.7278
vn 0.9542 -0.0827 -0.2874
vn -0.7092 0.2307 0.6662
vn 0.9795 -0.0528 -0.1942
vn -0.7749 0.2044 0.5981
vn 0.9948 -0.0216 -0.0992
vn -0.8331 0.1765 0.5242
vn 0.9999 0.0104 -0.0030
vn -0.8834 0.1470 0.4450
vn 0.9948 0.0428 0.0925
vn -0.9250 0.1164 0.3618
vn 0.9795 0.0751 0.1868
vn -0.9578 0.0848 0.2747
vn 0.9544 0.1072 0.2787
vn -0.9813 0.0528 0.1850
vn 0.9197 0.1384 0.3673
vn -0.9954 0.0206 0.0932
vn 0.8762 0.1683 0.4516
vn -0.9999 -0.0110 0.0006
vn 0.8240 0.1969 0.5313
vn -0.9948 -0.0422 -0.0924
vn 0.7643 0.2234 0.6050
vn -0.9802 -0.0722 -0.1846
vn 0.6973 0.2478 0.6726
vn -0.9560 -0.1013 -0.2753
vn 0.6241 0.2699 0.7333
vn -0.9227 -0.1285 -0.3634
vn 0.5451 0.2895 0.7868
vn -0.8805 -0.1542 -0.4483
vn 0.4617 0.3060 0.8326
vn -0.8298 -0.1777 -0.5290
vn 0.3740 0.3195 0.8707
vn 0.1874 -0.2769 -0.9424
vn -0.7712 -0.1991 -0.6047
vn 0.2831 0.3301 0.9005
vn 0.2795 -0.2707 -0.9212
vn -0.7050 -0.2182 -0.6748
vn 0.1899 0.3374 0.9220
vn 0.3697 -0.2621 -0.8914
vn -0.6320 -0.2349 -0.7385
vn 0.0953 0.3414 0.9351
vn 0.4569 -0.2515 -0.8532
vn -0.5532 -0.2490 -0.7950
vn -0.0032 0.3421 0.9396
vn 0.5406 -0.2385 -0.8068
vn -0.4687 -0.2609 -0.8440
vn -0.1011 0.3395 0.9352
vn 0.6199 -0.2230 -0.7523
vn -0.3802 -0.2701 -0.8846
vn -0.1982 0.3332 0.9218
vn 0.6939 -0.2053 -0.6902
vn -0.2876 -0.2770 -0.9168
vn -0.2931 0.3237 0.8996
vn 0.7615 -0.1851 -0.6212
vn -0.1924 -0.2814 -0.9401
vn -0.3855 0.3108 0.8688
vn 0.8221 -0.1626 -0.5456
vn -0.0955 -0.2836 -0.9542
vn -0.4743 0.2950 0.8295
vn 0.8750 -0.1380 -0.4640
vn -0.0000 -0.2834 -0.9590
vn -0.5580 0.2762 0.7825
vn 0.9192 -0.1113 -0.3777
vn -0.9577 0.2369 0.1631
vn 0.9999 0.0083 -0.0071
vn -0.8833 0.2566 0.3924
vn 0.9944 0.0664 0.0827
vn -0.9250 0.2048 0.3200
vn 0.9775 0.1243 0.1703
vn -0.9577 0.1516 0.2444
vn 0.9500 0.1812 0.2543
vn -0.9813 0.0975 0.1658
vn 0.9124 0.2362 0.3341
vn -0.9954 0.0430 0.0851
vn 0.8659 0.2883 0.4088
vn -0.9999 -0.0105 0.0033
vn 0.8111 0.3372 0.4780
vn -0.9948 -0.0632 -0.0794
vn 0.7491 0.3826 0.5409
vn -0.9801 -0.1141 -0.1621
vn 0.6807 0.4235 0.5977
vn -0.9561 -0.1629 -0.2437
vn 0.6068 0.4603 0.6480
vn -0.9227 -0.2089 -0.3239
vn 0.5282 0.4926 0.6916
vn -0.8805 -0.2519 -0.4015
vn 0.4459 0.5198 0.7286
vn -0.8298 -0.2912 -0.4760
vn 0.3607 0.5420 0.7591
vn 0.1688 -0.4579 -0.8728
vn -0.7710 -0.3270 -0.5465
vn 0.2728 0.5594 0.7827
vn 0.2542 -0.4506 -0.8557
vn -0.7049 -0.3584 -0.6121
vn 0.1832 0.5715 0.7999
vn 0.3393 -0.4402 -0.8313
vn -0.6318 -0.3858 -0.6723
vn 0.0925 0.5786 0.8104
vn 0.4232 -0.4267 -0.7993
vn -0.5529 -0.4088 -0.7261
vn -0.0035 0.5806 0.8142
vn 0.5056 -0.4093 -0.7595
vn -0.4685 -0.4281 -0.7729
vn -0.1013 0.5768 0.8106
vn 0.5855 -0.3877 -0.7120
vn -0.3797 -0.4430 -0.8122
vn -0.1982 0.5671 0.7994
vn 0.6623 -0.3615 -0.6563
vn -0.2873 -0.4538 -0.8435
vn -0.2933 0.5516 0.7809
vn 0.7340 -0.3304 -0.5934
vn -0.1924 -0.4612 -0.8662
vn -0.3855 0.5306 0.7549
vn 0.7998 -0.2943 -0.5233
vn -0.0957 -0.4650 -0.8802
vn -0.4741 0.5045 0.7216
vn 0.8580 -0.2534 -0.4467
vn -0.0026 -0.4651 -0.8852
vn -0.5578 0.4735 0.6816
vn 0.9077 -0.2077 -0.3647
vn 0.0832 -0.4628 -0.8826
vn -0.6367 0.4372 0.6352
vn 0.9474 -0.1580 -0.2784
vn -0.7091 0.3972 0.5825
vn 0.9763 -0.1050 -0.1891
vn -0.7750 0.3532 0.5241
vn 0.9939 -0.0491 -0.0983
vn -0.9999 -0.0053 0.0096
vn 0.9522 0.2624 0.1562
vn -0.9813 0.1562 0.1125
vn 0.9161 0.3432 0.2070
vn -0.9954 0.0738 0.0604
vn 0.8709 0.4201 0.2549
vn -0.9999 -0.0082 0.0073
vn 0.8174 0.4921 0.2994
vn -0.9948 -0.0901 -0.0466
vn 0.7562 0.5590 0.3402
vn -0.9801 -0.1709 -0.1008
vn 0.6887 0.6192 0.3772
vn -0.9561 -0.2492 -0.1544
vn 0.6148 0.6737 0.4101
vn -0.9227 -0.3250 -0.2073
vn 0.5362 0.7211 0.4388
vn -0.8805 -0.3971 -0.2588
vn 0.4531 0.7616 0.4633
vn -0.8299 -0.4650 -0.3084
vn 0.3668 0.7947 0.4836
vn 0.1795 -0.7957 -0.5785
vn -0.7709 -0.5285 -0.3555
vn 0.2775 0.8207 0.4995
vn 0.2689 -0.7791 -0.5663
vn -0.7052 -0.5857 -0.3996
vn 0.1863 0.8390 0.5112
vn 0.3567 -0.7560 -0.5488
vn -0.6319 -0.6379 -0.4402
vn 0.0938 0.8499 0.5185
vn 0.4425 -0.7263 -0.5260
vn -0.5531 -0.6834 -0.4765
vn -0.0033 0.8533 0.5215
vn 0.5256 -0.6897 -0.4980
vn -0.4688 -0.7223 -0.5084
vn -0.1012 0.8484 0.5196
vn 0.6052 -0.6460 -0.4652
vn -0.3801 -0.7541 -0.5356
vn -0.1982 0.8352 0.5130
vn 0.6799 -0.5958 -0.4275
vn -0.2876 -0.7791 -0.5571
vn -0.2932 0.8138 0.5018
vn 0.7495 -0.5384 -0.3853
vn -0.1924 -0.7966 -0.5730
vn -0.3857 0.7843 0.4858
vn 0.8123 -0.4746 -0.3390
vn -0.0953 -0.8068 -0.5831
vn -0.4741 0.7476 0.4652
vn 0.8673 -0.4052 -0.2891
vn -0.0012 -0.8096 -0.5870
vn -0.5580 0.7034 0.4403
vn 0.9140 -0.3299 -0.2363
vn 0.0893 -0.8058 -0.5854
vn -0.6368 0.6522 0.4113
vn 0.9510 -0.2506 -0.1812
vn -0.7092 0.5950 0.3782
vn 0.9780 -0.1674 -0.1244
vn -0.7750 0.5318 0.3414
vn 0.9944 -0.0813 -0.0669
vn -0.8333 0.4636 0.3011
vn 0.9999 0.0054 -0.0095
vn -0.8834 0.3914 0.2577
vn 0.9946 0.0924 0.0474
vn -0.9250 0.3155 0.2116
vn 0.9786 0.1785 0.1029
vn -0.9559 -0.2936 0.0053
vn 0.8246 0.5530 0.1191
vn -0.9948 -0.1009 -0.0133
vn 0.7649 0.6294 0.1367
vn -0.9802 -0.1949 -0.0364
vn 0.6982 0.6994 0.1530
vn -0.9559 -0.2875 -0.0595
vn 0.6249 0.7625 0.1676
vn -0.9227 -0.3767 -0.0823
vn 0.5459 0.8182 0.1805
vn -0.8805 -0.4623 -0.1045
vn 0.4623 0.8658 0.1916
vn -0.8298 -0.5437 -0.1260
vn 0.3745 0.9051 0.2011
vn 0.1898 -0.9502 -0.2472
vn -0.7711 -0.6196 -0.1465
vn 0.2833 0.9361 0.2086
vn 0.2826 -0.9282 -0.2421
vn -0.7051 -0.6894 -0.1657
vn 0.1903 0.9581 0.2143
vn 0.3734 -0.8975 -0.2347
vn -0.6322 -0.7528 -0.1835
vn 0.0952 0.9713 0.2182
vn 0.4607 -0.8586 -0.2249
vn -0.5531 -0.8089 -0.1994
vn -0.0006 0.9755 0.2200
vn 0.5443 -0.8114 -0.2130
vn -0.4688 -0.8571 -0.2135
vn -0.1011 0.9703 0.2200
vn 0.6236 -0.7560 -0.1990
vn -0.3799 -0.8971 -0.2256
vn -0.1982 0.9557 0.2178
vn 0.6970 -0.6933 -0.1829
vn -0.2875 -0.9284 -0.2353
vn -0.2931 0.9319 0.2136
vn 0.7644 -0.6232 -0.1652
vn -0.1923 -0.9508 -0.2427
vn -0.3857 0.8989 0.2076
vn 0.8244 -0.5469 -0.1459
vn -0.0952 -0.9641 -0.2477
vn -0.4740 0.8576 0.1996
vn 0.8766 -0.4647 -0.1252
vn 0.0003 -0.9683 -0.2500
vn -0.5581 0.8078 0.1897
vn 0.9202 -0.3776 -0.1034
vn 0.0953 -0.9636 -0.2498
vn -0.6367 0.7503 0.1781
vn 0.9549 -0.2859 -0.0807
vn -0.7092 0.6855 0.1646
vn 0.9798 -0.1915 -0.0575
vn -0.7751 0.6138 0.1496
vn 0.9949 -0.0947 -0.0340
vn -0.8331 0.5369 0.1331
vn 0.9999 0.0030 -0.0103
vn -0.8833 0.4544 0.1151
vn 0.9948 0.1010 0.0130
vn -0.9250 0.3676 0.0958
vn 0.9797 0.1973 0.0360
vn -0.9578 0.2772 0.0755
vn 0.9546 0.2920 0.0583
vn -0.9813 0.1847 0.0543
vn 0.9202 0.3833 0.0797
vn -0.9954 0.0900 0.0323
vn 0.8767 0.4706 0.1000
vn -0.8284 -0.5559 -0.0689
vn 0.6320 0.7750 -0.0004
vn -0.9227 -0.3854 0.0046
vn 0.5531 0.8331 0.0005
vn 0.4687 0.8834 0.0014
vn -0.8299 -0.5579 0.0030
vn 0.3799 0.9250 0.0022
vn -0.7711 -0.6367 0.0021
vn 0.2873 0.9578 0.0031
vn 0.2931 -0.9561 -0.0072
vn -0.7050 -0.7092 0.0013
vn -0.6319 -0.7750 0.0004
vn 0.0951 0.9955 0.0046
vn 0.4741 -0.8804 -0.0081
vn -0.5531 -0.8331 -0.0005
vn 0.5579 -0.8298 -0.0084
vn -0.4687 -0.8833 -0.0014
vn 0.6367 -0.7710 -0.0087
vn -0.2874 -0.9578 -0.0031
vn 0.7750 -0.6319 -0.0089
vn -0.1921 -0.9814 -0.0039
vn -0.3856 0.9226 0.0077
vn 0.8330 -0.5532 -0.0089
vn -0.0951 -0.9955 -0.0046
vn 0.8832 -0.4689 -0.0089
vn 0.9249 -0.3801 -0.0087
vn 0.1010 -0.9949 -0.0060
vn -0.6368 0.7710 0.0087
vn 0.9578 -0.2872 -0.0084
vn -0.7090 0.7051 0.0089
vn 0.9813 -0.1924 -0.0081
vn -0.7750 0.6319 0.0089
vn -0.8334 0.5527 0.0089
vn 1.0000 0.0029 -0.0072
vn -0.8834 0.4686 0.0089
vn 0.9949 0.1008 -0.0066
vn -0.9250 0.3800 0.0087
vn 0.9802 0.1980 -0.0060
vn -0.9578 0.2874 0.0084
vn 0.9560 0.2932 -0.0053
vn -0.9814 0.1917 0.0081
vn 0.9228 0.3854 -0.0046
vn 0.8803 0.4743 -0.0038
vn 0.8299 0.5580 -0.0030
vn -0.9948 -0.1013 0.0066
vn 0.7711 0.6368 -0.0021
vn -0.9802 -0.1979 0.0060
vn 0.7049 0.7093 -0.0013
vn 0.3681 -0.8857 -0.2829
vn 0.3781 0.9231 -0.0700
vn 0.1968 -0.9769 -0.0833
vn -0.7699 -0.6343 -0.0702
vn 0.2857 0.9558 -0.0688
vn 0.2916 -0.9528 -0.0841
vn -0.7039 -0.7067 -0.0715
vn 0.3835 -0.9196 -0.0848
vn -0.6310 -0.7724 -0.0728
vn 0.4718 -0.8775 -0.0854
vn -0.5524 -0.8303 -0.0741
vn -0.4682 -0.8804 -0.0754
vn 0.6342 -0.7684 -0.0863
vn -0.3797 -0.9219 -0.0767
vn -0.1984 0.9781 -0.0635
vn -0.2931 0.9540 -0.0627
vn 0.7723 -0.6293 -0.0867
vn -0.3851 0.9208 -0.0619
vn 0.8300 -0.5510 -0.0867
vn -0.0956 -0.9922 -0.0803
vn -0.4734 0.8787 -0.0613
vn 0.8801 -0.4668 -0.0865
vn 0.0023 -0.9967 -0.0814
vn 0.9216 -0.3784 -0.0863
vn 0.0999 -0.9916 -0.0823
vn 0.9544 -0.2860 -0.0859
vn -0.7080 0.7037 -0.0602
vn 0.9779 -0.1908 -0.0853
vn -0.7738 0.6306 -0.0601
vn 0.9920 -0.0937 -0.0847
vn 0.9965 0.0039 -0.0840
vn -0.8817 0.4680 -0.0602
vn 0.9914 0.1008 -0.0832
vn -0.9232 0.3796 -0.0604
vn 0.9766 0.1985 -0.0823
vn -0.9560 0.2869 -0.0608
vn 0.9528 0.2926 -0.0813
vn -0.9795 0.1920 -0.0614
vn 0.9195 0.3849 -0.0802
vn -0.9935 0.0951 -0.0620
vn 0.8772 0.4736 -0.0790
vn -0.9980 -0.0024 -0.0627
vn 0.8267 0.5572 -0.0778
vn 0.7683 0.6355 -0.0765
vn -0.9542 -0.2918 -0.0655
vn 0.6295 0.7735 -0.0739
vn -0.9208 -0.3842 -0.0666
vn -0.8789 -0.4721 -0.0677
vn 0.4666 0.8816 -0.0713
vn -0.0105 0.0080 -0.9999
vn -0.0108 0.0080 -0.9999
vn -0.0107 0.0080 -0.9999
vn -0.0109 0.0080 -0.9999
vn -0.0104 0.0080 -0.9999
vn -0.0110 0.0080 -0.9999
vn -0.0109 0.0079 -0.9999
vn -0.0102 0.0079 -0.9999
vn -0.0103 0.0079 -0.9999
vn -0.0111 0.0080 -0.9999
vn -0.0100 0.0080 -0.9999
vn -0.0102 0.0080 -0.9999
vn -0.0082 0.0078 -0.9999
vn -0.0110 0.0079 -0.9999
vn -0.0103 0.0080 -0.9999
vn -0.6122 -0.7454 -0.2640
vn 0.0889 0.9631 -0.2541
vn 0.4531 -0.8451 -0.2838
vn -0.5361 -0.8012 -0.2660
vn -0.0057 0.9676 -0.2525
vn 0.5339 -0.7963 -0.2844
vn -0.4546 -0.8494 -0.2681
vn -0.1002 0.9628 -0.2511
vn 0.6095 -0.7397 -0.2851
vn -0.3690 -0.8893 -0.2701
vn -0.1941 0.9487 -0.2496
vn 0.6793 -0.6761 -0.2854
vn -0.2797 -0.9208 -0.2720
vn -0.2857 0.9256 -0.2481
vn 0.7427 -0.6057 -0.2857
vn -0.1880 -0.9432 -0.2738
vn -0.3753 0.8934 -0.2470
vn 0.7986 -0.5297 -0.2857
vn -0.0944 -0.9566 -0.2756
vn -0.4606 0.8528 -0.2461
vn 0.8467 -0.4490 -0.2854
vn 0.0000 -0.9607 -0.2775
vn -0.5419 0.8039 -0.2453
vn 0.8871 -0.3632 -0.2850
vn 0.0943 -0.9557 -0.2788
vn -0.6179 0.7472 -0.2447
vn 0.9186 -0.2742 -0.2845
vn -0.6880 0.6833 -0.2444
vn 0.9415 -0.1823 -0.2836
vn -0.7516 0.6128 -0.2442
vn 0.9551 -0.0892 -0.2827
vn -0.8079 0.5363 -0.2442
vn 0.9595 0.0051 -0.2815
vn -0.8562 0.4551 -0.2443
vn 0.9548 0.0995 -0.2802
vn -0.8965 0.3693 -0.2448
vn 0.9408 0.1929 -0.2788
vn -0.9282 0.2796 -0.2454
vn 0.9177 0.2845 -0.2772
vn -0.9509 0.1874 -0.2462
vn 0.8857 0.3738 -0.2755
vn -0.9644 0.0943 -0.2471
vn 0.8454 0.4586 -0.2738
vn -0.9687 -0.0008 -0.2483
vn 0.7965 0.5401 -0.2719
vn -0.9636 -0.0954 -0.2496
vn 0.7401 0.6159 -0.2699
vn -0.9493 -0.1893 -0.2511
vn 0.6766 0.6859 -0.2679
vn -0.9258 -0.2812 -0.2526
vn 0.6065 0.7493 -0.2659
vn -0.8935 -0.3701 -0.2544
vn 0.5304 0.8056 -0.2638
vn -0.8526 -0.4555 -0.2561
vn 0.4492 0.8542 -0.2618
vn -0.8034 -0.5366 -0.2581
vn 0.3638 0.8945 -0.2598
vn 0.1877 -0.9414 -0.2804
vn 0.2744 0.9264 -0.2578
vn 0.2791 -0.9181 -0.2815
vn -0.6827 -0.6822 -0.2619
vn 0.1828 0.9493 -0.2560
s off
f 4245/10574/1761 4246/10575/1761 4244/10576/1761
f 4247/10577/1762 4248/10578/1762 4246/10575/1762
f 4249/10579/1763 4250/10580/1763 4248/10578/1763
f 4251/10581/1764 4252/10582/1764 4250/10580/1764
f 4253/10583/1765 4254/10584/1765 4252/10582/1765
f 4255/10585/1766 4256/10586/1766 4254/10584/1766
f 4257/10587/1767 4258/10588/1767 4256/10586/1767
f 4259/10589/1768 4260/10590/1768 4258/10588/1768
f 4261/10591/1769 4262/10592/1769 4260/10590/1769
f 4263/10593/1770 4264/10594/1770 4262/10592/1770
f 4265/10595/1771 4266/10596/1771 4264/10594/1771
f 4267/10597/1772 4268/10598/1772 4266/10596/1772
f 4269/10599/1773 4270/10600/1773 4268/10598/1773
f 4271/10601/1774 4272/10602/1774 4270/10600/1774
f 4273/10603/1775 4274/10604/1775 4272/10602/1775
f 4275/10605/1776 4276/10606/1776 4274/10604/1776
f 4277/10607/1777 4278/10608/1777 4276/10606/1777
f 4279/10609/1778 4280/10610/1778 4278/10608/1778
f 4281/10611/1779 4282/10612/1779 4280/10610/1779
f 4283/10613/1780 4284/10614/1780 4282/10612/1780
f 4285/10615/1781 4286/10616/1781 4284/10614/1781
f 4287/10617/1782 4288/10618/1782 4286/10616/1782
f 4289/10619/1783 4290/10620/1783 4288/10618/1783
f 4291/10621/1784 4292/10622/1784 4290/10620/1784
f 4293/10623/1785 4294/10624/1785 4292/10622/1785
f 4295/10625/1786 4296/10626/1786 4294/10624/1786
f 4297/10627/1787 4298/10628/1787 4296/10626/1787
f 4299/10629/1788 4300/10630/1788 4298/10628/1788
f 4301/10631/1789 4302/10632/1789 4300/10630/1789
f 4303/10633/1790 4304/10634/1790 4302/10632/1790
f 4305/10635/1791 4306/10636/1791 4304/10634/1791
f 4307/10637/1792 4308/10638/1792 4306/10636/1792
f 4309/10639/1793 4310/10640/1793 4308/10638/1793
f 4311/10641/1794 4312/10642/1794 4310/10640/1794
f 4313/10643/1795 4314/10644/1795 4312/10642/1795
f 4315/10645/1796 4316/10646/1796 4314/10644/1796
f 4317/10647/1797 4318/10648/1797 4316/10646/1797
f 4319/10649/1798 4320/10650/1798 4318/10648/1798
f 4321/10651/1799 4322/10652/1799 4320/10650/1799
f 4323/10653/1800 4324/10654/1800 4322/10652/1800
f 4325/10655/1801 4326/10656/1801 4324/10654/1801
f 4327/10657/1802 4328/10658/1802 4326/10656/1802
f 4329/10659/1803 4330/10660/1803 4328/10658/1803
f 4331/10661/1804 4332/10662/1804 4330/10660/1804
f 4333/10663/1805 4334/10664/1805 4332/10662/1805
f 4335/10665/1806 4336/10666/1806 4334/10664/1806
f 4337/10667/1807 4338/10668/1807 4336/10666/1807
f 4339/10669/1808 4340/10670/1808 4338/10668/1808
f 4341/10671/1809 4342/10672/1809 4340/10670/1809
f 4343/10673/1810 4344/10674/1810 4342/10672/1810
f 4345/10675/1811 4346/10676/1811 4344/10674/1811
f 4347/10677/1812 4348/10678/1812 4346/10676/1812
f 4349/10679/1813 4350/10680/1813 4348/10678/1813
f 4351/10681/1814 4352/10682/1814 4350/10680/1814
f 4353/10683/1815 4354/10684/1815 4352/10682/1815
f 4355/10685/1816 4356/10686/1816 4354/10684/1816
f 4357/10687/1817 4358/10688/1817 4356/10686/1817
f 4359/10689/1818 4360/10690/1818 4358/10688/1818
f 4361/10691/1819 4362/10692/1819 4360/10690/1819
f 4363/10693/1820 4364/10694/1820 4362/10692/1820
f 4365/10695/1821 4366/10696/1821 4364/10694/1821
f 4367/10697/1822 4368/10698/1822 4366/10696/1822
f 4361/10691/1823 4429/10699/1823 4430/10700/1823
f 4369/10701/1824 4370/10702/1824 4368/10698/1824
f 4371/10703/1825 4244/10704/1825 4370/10702/1825
f 4306/10705/1826 4338/10706/1826 4370/10707/1826
f 4433/10708/1827 4496/10709/1827 4497/10710/1827
f 4309/10639/1828 4403/10711/1828 4404/10712/1828
f 4257/10587/1829 4377/10713/1829 4378/10714/1829
f 4327/10657/1830 4412/10715/1830 4413/10716/1830
f 4275/10605/1831 4386/10717/1831 4387/10718/1831
f 4345/10675/1832 4421/10719/1832 4422/10720/1832
f 4293/10623/1833 4395/10721/1833 4396/10722/1833
f 4363/10693/1834 4430/10700/1834 4431/10723/1834
f 4311/10641/1835 4404/10712/1835 4405/10724/1835
f 4259/10589/1836 4378/10714/1836 4379/10725/1836
f 4329/10659/1837 4413/10716/1837 4414/10726/1837
f 4277/10607/1838 4387/10718/1838 4388/10727/1838
f 4347/10677/1839 4422/10720/1839 4423/10728/1839
f 4295/10625/1840 4396/10722/1840 4397/10729/1840
f 4365/10695/1841 4431/10723/1841 4432/10730/1841
f 4313/10643/1842 4405/10724/1842 4406/10731/1842
f 4261/10591/1843 4379/10725/1843 4380/10732/1843
f 4331/10661/1844 4414/10726/1844 4415/10733/1844
f 4279/10609/1845 4388/10727/1845 4389/10734/1845
f 4349/10679/1846 4423/10728/1846 4424/10735/1846
f 4297/10627/1847 4397/10729/1847 4398/10736/1847
f 4367/10697/1848 4432/10730/1848 4433/10708/1848
f 4315/10645/1849 4406/10731/1849 4407/10737/1849
f 4263/10593/1850 4380/10732/1850 4381/10738/1850
f 4333/10663/1851 4415/10733/1851 4416/10739/1851
f 4281/10611/1852 4389/10734/1852 4390/10740/1852
f 4351/10681/1853 4424/10735/1853 4425/10741/1853
f 4247/10577/1854 4373/10742/1854 4372/10743/1854
f 4299/10629/1855 4398/10736/1855 4399/10744/1855
f 4369/10701/1856 4433/10708/1856 4434/10745/1856
f 4317/10647/1857 4407/10737/1857 4408/10746/1857
f 4265/10595/1858 4381/10738/1858 4382/10747/1858
f 4335/10665/1859 4416/10739/1859 4417/10748/1859
f 4283/10613/1860 4390/10740/1860 4391/10749/1860
f 4353/10683/1861 4425/10741/1861 4426/10750/1861
f 4301/10631/1862 4399/10744/1862 4400/10751/1862
f 4371/10703/1863 4434/10745/1863 4435/10752/1863
f 4249/10579/1864 4372/10743/1864 4374/10753/1864
f 4319/10649/1865 4408/10746/1865 4409/10754/1865
f 4267/10597/1866 4382/10747/1866 4383/10755/1866
f 4337/10667/1867 4417/10748/1867 4418/10756/1867
f 4285/10615/1868 4391/10749/1868 4392/10757/1868
f 4355/10685/1869 4426/10750/1869 4427/10758/1869
f 4303/10633/1870 4400/10751/1870 4401/10759/1870
f 4245/10760/1871 4435/10752/1871 4373/10761/1871
f 4251/10581/1872 4374/10753/1872 4375/10762/1872
f 4321/10651/1873 4409/10754/1873 4410/10763/1873
f 4269/10599/1874 4383/10755/1874 4384/10764/1874
f 4339/10669/1875 4418/10756/1875 4419/10765/1875
f 4287/10617/1876 4392/10757/1876 4393/10766/1876
f 4357/10687/1877 4427/10758/1877 4428/10767/1877
f 4305/10635/1878 4401/10759/1878 4402/10768/1878
f 4253/10583/1879 4375/10762/1879 4376/10769/1879
f 4323/10653/1880 4410/10763/1880 4411/10770/1880
f 4271/10601/1881 4384/10764/1881 4385/10771/1881
f 4341/10671/1882 4419/10765/1882 4420/10772/1882
f 4289/10619/1883 4393/10766/1883 4394/10773/1883
f 4359/10689/1884 4428/10767/1884 4429/10699/1884
f 4307/10637/1885 4402/10768/1885 4403/10711/1885
f 4255/10585/1886 4376/10769/1886 4377/10713/1886
f 4325/10655/1887 4411/10770/1887 4412/10715/1887
f 4273/10603/1888 4385/10771/1888 4386/10717/1888
f 4343/10673/1889 4420/10772/1889 4421/10719/1889
f 4291/10621/1890 4394/10773/1890 4395/10721/1890
f 4499/10774/1891 4501/10775/1891 4437/10776/1891
f 4407/10737/1892 4470/10777/1892 4471/10778/1892
f 4380/10732/1893 4445/10779/1893 4381/10738/1893
f 4433/10708/1894 4498/10780/1894 4434/10745/1894
f 4408/10746/1895 4471/10778/1895 4472/10781/1895
f 4381/10738/1896 4446/10782/1896 4382/10747/1896
f 4434/10745/1897 4499/10774/1897 4435/10752/1897
f 4409/10754/1898 4472/10781/1898 4473/10783/1898
f 4382/10747/1899 4447/10784/1899 4383/10755/1899
f 4435/10752/1900 4437/10776/1900 4373/10761/1900
f 4410/10763/1901 4473/10783/1901 4474/10785/1901
f 4383/10755/1902 4448/10786/1902 4384/10764/1902
f 4411/10770/1903 4474/10785/1903 4475/10787/1903
f 4384/10764/1904 4449/10788/1904 4385/10771/1904
f 4412/10715/1905 4475/10787/1905 4476/10789/1905
f 4385/10771/1906 4450/10790/1906 4386/10717/1906
f 4413/10716/1907 4476/10789/1907 4477/10791/1907
f 4386/10717/1908 4451/10792/1908 4387/10718/1908
f 4414/10726/1909 4477/10791/1909 4478/10793/1909
f 4387/10718/1910 4452/10794/1910 4388/10727/1910
f 4415/10733/1911 4478/10793/1911 4479/10795/1911
f 4388/10727/1912 4453/10796/1912 4389/10734/1912
f 4416/10739/1913 4479/10795/1913 4480/10797/1913
f 4389/10734/1914 4454/10798/1914 4390/10740/1914
f 4417/10748/1915 4480/10797/1915 4481/10799/1915
f 4390/10740/1916 4455/10800/1916 4391/10749/1916
f 4418/10756/1917 4481/10799/1917 4482/10801/1917
f 4391/10749/1918 4456/10802/1918 4392/10757/1918
f 4419/10765/1919 4482/10801/1919 4483/10803/1919
f 4392/10757/1920 4457/10804/1920 4393/10766/1920
f 4420/10772/1921 4483/10803/1921 4484/10805/1921
f 4393/10766/1922 4458/10806/1922 4394/10773/1922
f 4421/10719/1923 4484/10805/1923 4485/10807/1923
f 4394/10773/1924 4459/10808/1924 4395/10721/1924
f 4422/10720/1925 4485/10807/1925 4486/10809/1925
f 4395/10721/1926 4460/10810/1926 4396/10722/1926
f 4423/10728/1927 4486/10809/1927 4487/10811/1927
f 4396/10722/1928 4461/10812/1928 4397/10729/1928
f 4424/10735/1929 4487/10811/1929 4488/10813/1929
f 4397/10729/1930 4462/10814/1930 4398/10736/1930
f 4425/10741/1931 4488/10813/1931 4489/10815/1931
f 4398/10736/1932 4463/10816/1932 4399/10744/1932
f 4373/10742/1933 4436/10817/1933 4372/10743/1933
f 4426/10750/1934 4489/10815/1934 4490/10818/1934
f 4399/10744/1935 4464/10819/1935 4400/10751/1935
f 4372/10743/1936 4438/10820/1936 4374/10753/1936
f 4427/10758/1937 4490/10818/1937 4491/10821/1937
f 4400/10751/1938 4465/10822/1938 4401/10759/1938
f 4374/10753/1939 4439/10823/1939 4375/10762/1939
f 4428/10767/1940 4491/10821/1940 4492/10824/1940
f 4401/10759/1941 4466/10825/1941 4402/10768/1941
f 4375/10762/1942 4440/10826/1942 4376/10769/1942
f 4429/10699/1943 4492/10824/1943 4493/10827/1943
f 4403/10711/1944 4466/10825/1944 4467/10828/1944
f 4376/10769/1945 4441/10829/1945 4377/10713/1945
f 4430/10700/1946 4493/10827/1946 4494/10830/1946
f 4404/10712/1947 4467/10828/1947 4468/10831/1947
f 4377/10713/1948 4442/10832/1948 4378/10714/1948
f 4431/10723/1949 4494/10830/1949 4495/10833/1949
f 4405/10724/1950 4468/10831/1950 4469/10834/1950
f 4378/10714/1951 4443/10835/1951 4379/10725/1951
f 4432/10730/1952 4495/10833/1952 4496/10709/1952
f 4406/10731/1953 4469/10834/1953 4470/10777/1953
f 4379/10725/1954 4444/10836/1954 4380/10732/1954
f 4541/10837/1955 4604/10838/1955 4605/10839/1955
f 4474/10785/1956 4537/10840/1956 4538/10841/1956
f 4447/10784/1957 4512/10842/1957 4448/10786/1957
f 4475/10787/1958 4538/10841/1958 4539/10843/1958
f 4448/10786/1959 4513/10844/1959 4449/10788/1959
f 4476/10789/1960 4539/10843/1960 4540/10845/1960
f 4449/10788/1961 4514/10846/1961 4450/10790/1961
f 4477/10791/1962 4540/10845/1962 4541/10837/1962
f 4450/10790/1963 4515/10847/1963 4451/10792/1963
f 4478/10793/1964 4541/10837/1964 4542/10848/1964
f 4451/10792/1965 4516/10849/1965 4452/10794/1965
f 4479/10795/1966 4542/10848/1966 4543/10850/1966
f 4452/10794/1967 4517/10851/1967 4453/10796/1967
f 4480/10797/1968 4543/10850/1968 4544/10852/1968
f 4453/10796/1969 4518/10853/1969 4454/10798/1969
f 4481/10799/1970 4544/10852/1970 4545/10854/1970
f 4454/10798/1971 4519/10855/1971 4455/10800/1971
f 4482/10801/1972 4545/10854/1972 4546/10856/1972
f 4455/10800/1973 4520/10857/1973 4456/10802/1973
f 4483/10803/1974 4546/10856/1974 4547/10858/1974
f 4456/10802/1975 4521/10859/1975 4457/10804/1975
f 4484/10805/1976 4547/10858/1976 4548/10860/1976
f 4457/10804/1977 4522/10861/1977 4458/10806/1977
f 4485/10807/1978 4548/10860/1978 4549/10862/1978
f 4458/10806/1979 4523/10863/1979 4459/10808/1979
f 4486/10809/1980 4549/10862/1980 4550/10864/1980
f 4459/10808/1981 4524/10865/1981 4460/10810/1981
f 4487/10811/1982 4550/10864/1982 4551/10866/1982
f 4460/10810/1983 4525/10867/1983 4461/10812/1983
f 4488/10813/1984 4551/10866/1984 4552/10868/1984
f 4461/10812/1985 4526/10869/1985 4462/10814/1985
f 4489/10815/1986 4552/10868/1986 4553/10870/1986
f 4462/10814/1987 4527/10871/1987 4463/10816/1987
f 4437/10872/1988 4500/10873/1988 4436/10817/1988
f 4490/10818/1989 4553/10870/1989 4554/10874/1989
f 4463/10816/1990 4528/10875/1990 4464/10819/1990
f 4436/10817/1991 4502/10876/1991 4438/10820/1991
f 4491/10821/1992 4554/10874/1992 4555/10877/1992
f 4464/10819/1993 4529/10878/1993 4465/10822/1993
f 4438/10820/1994 4503/10879/1994 4439/10823/1994
f 4492/10824/1995 4555/10877/1995 4556/10880/1995
f 4465/10822/1996 4530/10881/1996 4466/10825/1996
f 4439/10823/1997 4504/10882/1997 4440/10826/1997
f 4493/10827/1998 4556/10880/1998 4557/10883/1998
f 4467/10828/1999 4530/10881/1999 4531/10884/1999
f 4440/10826/2000 4505/10885/2000 4441/10829/2000
f 4494/10830/2001 4557/10883/2001 4558/10886/2001
f 4468/10831/2002 4531/10884/2002 4532/10887/2002
f 4441/10829/2003 4506/10888/2003 4442/10832/2003
f 4495/10833/2004 4558/10886/2004 4559/10889/2004
f 4469/10834/2005 4532/10887/2005 4533/10890/2005
f 4442/10832/2006 4507/10891/2006 4443/10835/2006
f 4496/10709/2007 4559/10889/2007 4560/10892/2007
f 4470/10777/2008 4533/10890/2008 4534/10893/2008
f 4443/10835/2009 4508/10894/2009 4444/10836/2009
f 4497/10710/2010 4560/10892/2010 4561/10895/2010
f 4471/10778/2011 4534/10893/2011 4535/10896/2011
f 4444/10836/2012 4509/10897/2012 4445/10779/2012
f 4498/10780/2013 4561/10895/2013 4562/10898/2013
f 4472/10781/2014 4535/10896/2014 4536/10899/2014
f 4445/10779/2015 4510/10900/2015 4446/10782/2015
f 4498/10780/2016 4563/10901/2016 4499/10774/2016
f 4473/10783/2017 4536/10899/2017 4537/10840/2017
f 4446/10782/2018 4511/10902/2018 4447/10784/2018
f 4608/10903/2019 4671/10904/2019 4672/10905/2019
f 4514/10846/2020 4579/10906/2020 4515/10847/2020
f 4542/10848/2021 4605/10839/2021 4606/10907/2021
f 4515/10847/2022 4580/10908/2022 4516/10849/2022
f 4543/10850/2023 4606/10907/2023 4607/10909/2023
f 4516/10849/2024 4581/10910/2024 4517/10851/2024
f 4544/10852/2025 4607/10909/2025 4608/10903/2025
f 4517/10851/2026 4582/10911/2026 4518/10853/2026
f 4545/10854/2027 4608/10903/2027 4609/10912/2027
f 4518/10853/2028 4583/10913/2028 4519/10855/2028
f 4546/10856/2029 4609/10912/2029 4610/10914/2029
f 4519/10855/2030 4584/10915/2030 4520/10857/2030
f 4547/10858/2031 4610/10914/2031 4611/10916/2031
f 4520/10857/2032 4585/10917/2032 4521/10859/2032
f 4548/10860/2033 4611/10916/2033 4612/10918/2033
f 4521/10859/2034 4586/10919/2034 4522/10861/2034
f 4549/10862/2035 4612/10918/2035 4613/10920/2035
f 4522/10861/2036 4587/10921/2036 4523/10863/2036
f 4550/10864/2037 4613/10920/2037 4614/10922/2037
f 4523/10863/2038 4588/10923/2038 4524/10865/2038
f 4551/10866/2039 4614/10922/2039 4615/10924/2039
f 4524/10865/2040 4589/10925/2040 4525/10867/2040
f 4552/10868/2041 4615/10924/2041 4616/10926/2041
f 4525/10867/2042 4590/10927/2042 4526/10869/2042
f 4553/10870/2043 4616/10926/2043 4617/10928/2043
f 4526/10869/2044 4591/10929/2044 4527/10871/2044
f 4501/10930/2045 4564/10931/2045 4500/10873/2045
f 4554/10874/2046 4617/10928/2046 4618/10932/2046
f 4527/10871/2047 4592/10933/2047 4528/10875/2047
f 4500/10873/2048 4566/10934/2048 4502/10876/2048
f 4555/10877/2049 4618/10932/2049 4619/10935/2049
f 4528/10875/2050 4593/10936/2050 4529/10878/2050
f 4502/10876/2051 4567/10937/2051 4503/10879/2051
f 4556/10880/2052 4619/10935/2052 4620/10938/2052
f 4529/10878/2053 4594/10939/2053 4530/10881/2053
f 4503/10879/2054 4568/10940/2054 4504/10882/2054
f 4557/10883/2055 4620/10938/2055 4621/10941/2055
f 4531/10884/2056 4594/10939/2056 4595/10942/2056
f 4504/10882/2057 4569/10943/2057 4505/10885/2057
f 4558/10886/2058 4621/10941/2058 4622/10944/2058
f 4532/10887/2059 4595/10942/2059 4596/10945/2059
f 4505/10885/2060 4570/10946/2060 4506/10888/2060
f 4559/10889/2061 4622/10944/2061 4623/10947/2061
f 4533/10890/2062 4596/10945/2062 4597/10948/2062
f 4506/10888/2063 4571/10949/2063 4507/10891/2063
f 4560/10892/2064 4623/10947/2064 4624/10950/2064
f 4534/10893/2065 4597/10948/2065 4598/10951/2065
f 4507/10891/2066 4572/10952/2066 4508/10894/2066
f 4561/10895/2067 4624/10950/2067 4625/10953/2067
f 4535/10896/2068 4598/10951/2068 4599/10954/2068
f 4508/10894/2069 4573/10955/2069 4509/10897/2069
f 4562/10898/2070 4625/10953/2070 4626/10956/2070
f 4536/10899/2071 4599/10954/2071 4600/10957/2071
f 4509/10897/2072 4574/10958/2072 4510/10900/2072
f 4562/10898/2073 4627/10959/2073 4563/10901/2073
f 4537/10840/2074 4600/10957/2074 4601/10960/2074
f 4510/10900/2075 4575/10961/2075 4511/10902/2075
f 4563/10901/2076 4565/10962/2076 4501/10775/2076
f 4538/10841/2077 4601/10960/2077 4602/10963/2077
f 4511/10902/2078 4576/10964/2078 4512/10842/2078
f 4539/10843/2079 4602/10963/2079 4603/10965/2079
f 4512/10842/2080 4577/10966/2080 4513/10844/2080
f 4540/10845/2081 4603/10965/2081 4604/10838/2081
f 4513/10844/2082 4578/10967/2082 4514/10846/2082
f 4675/10968/2083 4738/10969/2083 4739/10970/2083
f 4581/10910/2084 4646/10971/2084 4582/10911/2084
f 4609/10912/2085 4672/10905/2085 4673/10972/2085
f 4582/10911/2086 4647/10973/2086 4583/10913/2086
f 4610/10914/2087 4673/10972/2087 4674/10974/2087
f 4583/10913/2088 4648/10975/2088 4584/10915/2088
f 4611/10916/2089 4674/10974/2089 4675/10968/2089
f 4584/10915/2090 4649/10976/2090 4585/10917/2090
f 4612/10918/2091 4675/10968/2091 4676/10977/2091
f 4585/10917/2092 4650/10978/2092 4586/10919/2092
f 4613/10920/2093 4676/10977/2093 4677/10979/2093
f 4586/10919/2094 4651/10980/2094 4587/10921/2094
f 4614/10922/2095 4677/10979/2095 4678/10981/2095
f 4587/10921/2096 4652/10982/2096 4588/10923/2096
f 4615/10924/2097 4678/10981/2097 4679/10983/2097
f 4588/10923/2098 4653/10984/2098 4589/10925/2098
f 4616/10926/2099 4679/10983/2099 4680/10985/2099
f 4589/10925/2100 4654/10986/2100 4590/10927/2100
f 4617/10928/2101 4680/10985/2101 4681/10987/2101
f 4590/10927/2102 4655/10988/2102 4591/10929/2102
f 4565/10989/2103 4628/10990/2103 4564/10931/2103
f 4618/10932/2104 4681/10987/2104 4682/10991/2104
f 4591/10929/2105 4656/10992/2105 4592/10933/2105
f 4564/10931/2106 4630/10993/2106 4566/10934/2106
f 4619/10935/2107 4682/10991/2107 4683/10994/2107
f 4592/10933/2108 4657/10995/2108 4593/10936/2108
f 4566/10934/2109 4631/10996/2109 4567/10937/2109
f 4620/10938/2110 4683/10994/2110 4684/10997/2110
f 4593/10936/2111 4658/10998/2111 4594/10939/2111
f 4567/10937/2112 4632/10999/2112 4568/10940/2112
f 4621/10941/2113 4684/10997/2113 4685/11000/2113
f 4595/10942/2114 4658/10998/2114 4659/11001/2114
f 4568/10940/2115 4633/11002/2115 4569/10943/2115
f 4622/10944/2116 4685/11000/2116 4686/11003/2116
f 4596/10945/2117 4659/11001/2117 4660/11004/2117
f 4569/10943/2118 4634/11005/2118 4570/10946/2118
f 4623/10947/2119 4686/11003/2119 4687/11006/2119
f 4597/10948/2120 4660/11004/2120 4661/11007/2120
f 4570/10946/2121 4635/11008/2121 4571/10949/2121
f 4624/10950/2122 4687/11006/2122 4688/11009/2122
f 4598/10951/2123 4661/11007/2123 4662/11010/2123
f 4571/10949/2124 4636/11011/2124 4572/10952/2124
f 4625/10953/2125 4688/11009/2125 4689/11012/2125
f 4599/10954/2126 4662/11010/2126 4663/11013/2126
f 4572/10952/2127 4637/11014/2127 4573/10955/2127
f 4626/10956/2128 4689/11012/2128 4690/11015/2128
f 4600/10957/2129 4663/11013/2129 4664/11016/2129
f 4573/10955/2130 4638/11017/2130 4574/10958/2130
f 4626/10956/2131 4691/11018/2131 4627/10959/2131
f 4601/10960/2132 4664/11016/2132 4665/11019/2132
f 4574/10958/2133 4639/11020/2133 4575/10961/2133
f 4627/10959/2134 4629/11021/2134 4565/10962/2134
f 4602/10963/2135 4665/11019/2135 4666/11022/2135
f 4575/10961/2136 4640/11023/2136 4576/10964/2136
f 4603/10965/2137 4666/11022/2137 4667/11024/2137
f 4576/10964/2138 4641/11025/2138 4577/10966/2138
f 4604/10838/2139 4667/11024/2139 4668/11026/2139
f 4577/10966/2140 4642/11027/2140 4578/10967/2140
f 4605/10839/2141 4668/11026/2141 4669/11028/2141
f 4578/10967/2142 4643/11029/2142 4579/10906/2142
f 4606/10907/2143 4669/11028/2143 4670/11030/2143
f 4579/10906/2144 4644/11031/2144 4580/10908/2144
f 4607/10909/2145 4670/11030/2145 4671/10904/2145
f 4580/10908/2146 4645/11032/2146 4581/10910/2146
f 4742/11033/2147 4805/11034/2147 4806/11035/2147
f 4648/10975/2148 4713/11036/2148 4649/10976/2148
f 4676/10977/2149 4739/10970/2149 4740/11037/2149
f 4649/10976/2150 4714/11038/2150 4650/10978/2150
f 4677/10979/2151 4740/11037/2151 4741/11039/2151
f 4650/10978/2152 4715/11040/2152 4651/10980/2152
f 4678/10981/2153 4741/11039/2153 4742/11033/2153
f 4651/10980/2154 4716/11041/2154 4652/10982/2154
f 4679/10983/2155 4742/11033/2155 4743/11042/2155
f 4652/10982/2156 4717/11043/2156 4653/10984/2156
f 4680/10985/2157 4743/11042/2157 4744/11044/2157
f 4653/10984/2158 4718/11045/2158 4654/10986/2158
f 4681/10987/2159 4744/11044/2159 4745/11046/2159
f 4654/10986/2160 4719/11047/2160 4655/10988/2160
f 4629/11048/2161 4692/11049/2161 4628/10990/2161
f 4682/10991/2162 4745/11046/2162 4746/11050/2162
f 4655/10988/2163 4720/11051/2163 4656/10992/2163
f 4628/10990/2164 4694/11052/2164 4630/10993/2164
f 4683/10994/2165 4746/11050/2165 4747/11053/2165
f 4656/10992/2166 4721/11054/2166 4657/10995/2166
f 4630/10993/2167 4695/11055/2167 4631/10996/2167
f 4684/10997/2168 4747/11053/2168 4748/11056/2168
f 4657/10995/2169 4722/11057/2169 4658/10998/2169
f 4631/10996/2170 4696/11058/2170 4632/10999/2170
f 4685/11000/2171 4748/11056/2171 4749/11059/2171
f 4658/10998/2172 4723/11060/2172 4659/11001/2172
f 4632/10999/2173 4697/11061/2173 4633/11002/2173
f 4686/11003/2174 4749/11059/2174 4750/11062/2174
f 4660/11004/2175 4723/11060/2175 4724/11063/2175
f 4633/11002/2176 4698/11064/2176 4634/11005/2176
f 4687/11006/2177 4750/11062/2177 4751/11065/2177
f 4661/11007/2178 4724/11063/2178 4725/11066/2178
f 4634/11005/2179 4699/11067/2179 4635/11008/2179
f 4688/11009/2180 4751/11065/2180 4752/11068/2180
f 4662/11010/2181 4725/11066/2181 4726/11069/2181
f 4635/11008/2182 4700/11070/2182 4636/11011/2182
f 4689/11012/2183 4752/11068/2183 4753/11071/2183
f 4663/11013/2184 4726/11069/2184 4727/11072/2184
f 4636/11011/2185 4701/11073/2185 4637/11014/2185
f 4690/11015/2186 4753/11071/2186 4754/11074/2186
f 4664/11016/2187 4727/11072/2187 4728/11075/2187
f 4637/11014/2188 4702/11076/2188 4638/11017/2188
f 4690/11015/2189 4755/11077/2189 4691/11018/2189
f 4665/11019/2190 4728/11075/2190 4729/11078/2190
f 4638/11017/2191 4703/11079/2191 4639/11020/2191
f 4691/11018/2192 4693/11080/2192 4629/11021/2192
f 4666/11022/2193 4729/11078/2193 4730/11081/2193
f 4639/11020/2194 4704/11082/2194 4640/11023/2194
f 4667/11024/2195 4730/11081/2195 4731/11083/2195
f 4640/11023/2196 4705/11084/2196 4641/11025/2196
f 4668/11026/2197 4731/11083/2197 4732/11085/2197
f 4641/11025/2198 4706/11086/2198 4642/11027/2198
f 4669/11028/2199 4732/11085/2199 4733/11087/2199
f 4642/11027/2200 4707/11088/2200 4643/11029/2200
f 4670/11030/2201 4733/11087/2201 4734/11089/2201
f 4643/11029/2202 4708/11090/2202 4644/11031/2202
f 4671/10904/2203 4734/11089/2203 4735/11091/2203
f 4644/11031/2204 4709/11092/2204 4645/11032/2204
f 4672/10905/2205 4735/11091/2205 4736/11093/2205
f 4645/11032/2206 4710/11094/2206 4646/10971/2206
f 4673/10972/2207 4736/11093/2207 4737/11095/2207
f 4646/10971/2208 4711/11096/2208 4647/10973/2208
f 4674/10974/2209 4737/11095/2209 4738/10969/2209
f 4647/10973/2210 4712/11097/2210 4648/10975/2210
f 4809/11098/2211 4872/11099/2211 4873/11100/2211
f 4715/11040/2212 4780/11101/2212 4716/11041/2212
f 4743/11042/2213 4806/11035/2213 4807/11102/2213
f 4716/11041/2214 4781/11103/2214 4717/11043/2214
f 4744/11044/2215 4807/11102/2215 4808/11104/2215
f 4717/11043/2216 4782/11105/2216 4718/11045/2216
f 4745/11046/2217 4808/11104/2217 4809/11098/2217
f 4718/11045/2218 4783/11106/2218 4719/11047/2218
f 4692/11049/2219 4757/11107/2219 4756/11108/2219
f 4746/11050/2220 4809/11098/2220 4810/11109/2220
f 4719/11047/2221 4784/11110/2221 4720/11051/2221
f 4694/11052/2222 4756/11108/2222 4758/11111/2222
f 4747/11053/2223 4810/11109/2223 4811/11112/2223
f 4720/11051/2224 4785/11113/2224 4721/11054/2224
f 4695/11055/2225 4758/11111/2225 4759/11114/2225
f 4748/11056/2226 4811/11112/2226 4812/11115/2226
f 4721/11054/2227 4786/11116/2227 4722/11057/2227
f 4696/11058/2228 4759/11114/2228 4760/11117/2228
f 4749/11059/2229 4812/11115/2229 4813/11118/2229
f 4722/11057/2230 4787/11119/2230 4723/11060/2230
f 4696/11058/2231 4761/11120/2231 4697/11061/2231
f 4750/11062/2232 4813/11118/2232 4814/11121/2232
f 4723/11060/2233 4788/11122/2233 4724/11063/2233
f 4697/11061/2234 4762/11123/2234 4698/11064/2234
f 4751/11065/2235 4814/11121/2235 4815/11124/2235
f 4724/11063/2236 4789/11125/2236 4725/11066/2236
f 4698/11064/2237 4763/11126/2237 4699/11067/2237
f 4752/11068/2238 4815/11124/2238 4816/11127/2238
f 4725/11066/2239 4790/11128/2239 4726/11069/2239
f 4699/11067/2240 4764/11129/2240 4700/11070/2240
f 4753/11071/2241 4816/11127/2241 4817/11130/2241
f 4726/11069/2242 4791/11131/2242 4727/11072/2242
f 4700/11070/2243 4765/11132/2243 4701/11073/2243
f 4754/11074/2244 4817/11130/2244 4818/11133/2244
f 4727/11072/2245 4792/11134/2245 4728/11075/2245
f 4701/11073/2246 4766/11135/2246 4702/11076/2246
f 4755/11077/2247 4818/11133/2247 4819/11136/2247
f 4729/11078/2248 4792/11134/2248 4793/11137/2248
f 4702/11076/2249 4767/11138/2249 4703/11079/2249
f 4693/11080/2250 4819/11136/2250 4757/11139/2250
f 4730/11081/2251 4793/11137/2251 4794/11140/2251
f 4703/11079/2252 4768/11141/2252 4704/11082/2252
f 4731/11083/2253 4794/11140/2253 4795/11142/2253
f 4704/11082/2254 4769/11143/2254 4705/11084/2254
f 4732/11085/2255 4795/11142/2255 4796/11144/2255
f 4705/11084/2256 4770/11145/2256 4706/11086/2256
f 4733/11087/2257 4796/11144/2257 4797/11146/2257
f 4706/11086/2258 4771/11147/2258 4707/11088/2258
f 4734/11089/2259 4797/11146/2259 4798/11148/2259
f 4707/11088/2260 4772/11149/2260 4708/11090/2260
f 4735/11091/2261 4798/11148/2261 4799/11150/2261
f 4708/11090/2262 4773/11151/2262 4709/11092/2262
f 4736/11093/2263 4799/11150/2263 4800/11152/2263
f 4709/11092/2264 4774/11153/2264 4710/11094/2264
f 4737/11095/2265 4800/11152/2265 4801/11154/2265
f 4710/11094/2266 4775/11155/2266 4711/11096/2266
f 4738/10969/2267 4801/11154/2267 4802/11156/2267
f 4711/11096/2268 4776/11157/2268 4712/11097/2268
f 4739/10970/2269 4802/11156/2269 4803/11158/2269
f 4712/11097/2270 4777/11159/2270 4713/11036/2270
f 4740/11037/2271 4803/11158/2271 4804/11160/2271
f 4713/11036/2272 4778/11161/2272 4714/11038/2272
f 4741/11039/2273 4804/11160/2273 4805/11034/2273
f 4714/11038/2274 4779/11162/2274 4715/11040/2274
f 4822/11163/2275 4887/11164/2275 4823/11165/2275
f 4783/11106/2276 4846/11166/2276 4847/11167/2276
f 4757/11107/2277 4820/11168/2277 4756/11108/2277
f 4810/11109/2278 4873/11100/2278 4874/11169/2278
f 4784/11110/2279 4847/11167/2279 4848/11170/2279
f 4756/11108/2280 4822/11163/2280 4758/11111/2280
f 4811/11112/2281 4874/11169/2281 4875/11171/2281
f 4785/11113/2282 4848/11170/2282 4849/11172/2282
f 4758/11111/2283 4823/11165/2283 4759/11114/2283
f 4812/11115/2284 4875/11171/2284 4876/11173/2284
f 4786/11116/2285 4849/11172/2285 4850/11174/2285
f 4759/11114/2286 4824/11175/2286 4760/11117/2286
f 4813/11118/2287 4876/11173/2287 4877/11176/2287
f 4786/11116/2288 4851/11177/2288 4787/11119/2288
f 4760/11117/2289 4825/11178/2289 4761/11120/2289
f 4814/11121/2290 4877/11176/2290 4878/11179/2290
f 4787/11119/2291 4852/11180/2291 4788/11122/2291
f 4761/11120/2292 4826/11181/2292 4762/11123/2292
f 4815/11124/2293 4878/11179/2293 4879/11182/2293
f 4788/11122/2294 4853/11183/2294 4789/11125/2294
f 4762/11123/2295 4827/11184/2295 4763/11126/2295
f 4816/11127/2296 4879/11182/2296 4880/11185/2296
f 4789/11125/2297 4854/11186/2297 4790/11128/2297
f 4763/11126/2298 4828/11187/2298 4764/11129/2298
f 4817/11130/2299 4880/11185/2299 4881/11188/2299
f 4790/11128/2300 4855/11189/2300 4791/11131/2300
f 4764/11129/2301 4829/11190/2301 4765/11132/2301
f 4818/11133/2302 4881/11188/2302 4882/11191/2302
f 4791/11131/2303 4856/11192/2303 4792/11134/2303
f 4765/11132/2304 4830/11193/2304 4766/11135/2304
f 4818/11133/2305 4883/11194/2305 4819/11136/2305
f 4792/11134/2306 4857/11195/2306 4793/11137/2306
f 4766/11135/2307 4831/11196/2307 4767/11138/2307
f 4819/11136/2308 4821/11197/2308 4757/11139/2308
f 4793/11137/2309 4858/11198/2309 4794/11140/2309
f 4767/11138/2310 4832/11199/2310 4768/11141/2310
f 4794/11140/2311 4859/11200/2311 4795/11142/2311
f 4768/11141/2312 4833/11201/2312 4769/11143/2312
f 4795/11142/2313 4860/11202/2313 4796/11144/2313
f 4769/11143/2314 4834/11203/2314 4770/11145/2314
f 4796/11144/2315 4861/11204/2315 4797/11146/2315
f 4770/11145/2316 4835/11205/2316 4771/11147/2316
f 4797/11146/2317 4862/11206/2317 4798/11148/2317
f 4771/11147/2318 4836/11207/2318 4772/11149/2318
f 4798/11148/2319 4863/11208/2319 4799/11150/2319
f 4773/11151/2320 4836/11207/2320 4837/11209/2320
f 4799/11150/2321 4864/11210/2321 4800/11152/2321
f 4774/11153/2322 4837/11209/2322 4838/11211/2322
f 4800/11152/2323 4865/11212/2323 4801/11154/2323
f 4775/11155/2324 4838/11211/2324 4839/11213/2324
f 4802/11156/2325 4865/11212/2325 4866/11214/2325
f 4776/11157/2326 4839/11213/2326 4840/11215/2326
f 4803/11158/2327 4866/11214/2327 4867/11216/2327
f 4777/11159/2328 4840/11215/2328 4841/11217/2328
f 4804/11160/2329 4867/11216/2329 4868/11218/2329
f 4778/11161/2330 4841/11217/2330 4842/11219/2330
f 4805/11034/2331 4868/11218/2331 4869/11220/2331
f 4779/11162/2332 4842/11219/2332 4843/11221/2332
f 4806/11035/2333 4869/11220/2333 4870/11222/2333
f 4780/11101/2334 4843/11221/2334 4844/11223/2334
f 4807/11102/2335 4870/11222/2335 4871/11224/2335
f 4781/11103/2336 4844/11223/2336 4845/11225/2336
f 4808/11104/2337 4871/11224/2337 4872/11099/2337
f 4782/11105/2338 4845/11225/2338 4846/11166/2338
f 4888/11226/2339 4887/11164/2339 4909/11227/2339
f 4876/11173/2340 4939/11228/2340 4940/11229/2340
f 4850/11174/2341 4913/11230/2341 4914/11231/2341
f 4823/11165/2342 4888/11226/2342 4824/11175/2342
f 4877/11176/2343 4940/11229/2343 4941/11232/2343
f 4851/11177/2344 4914/11231/2344 4915/11233/2344
f 4824/11175/2345 4889/11234/2345 4825/11178/2345
f 4878/11179/2346 4941/11232/2346 4942/11235/2346
f 4851/11177/2347 4916/11236/2347 4852/11180/2347
f 4825/11178/2348 4890/11237/2348 4826/11181/2348
f 4879/11182/2349 4942/11235/2349 4943/11238/2349
f 4852/11180/2350 4917/11239/2350 4853/11183/2350
f 4826/11181/2351 4891/11240/2351 4827/11184/2351
f 4880/11185/2352 4943/11238/2352 4944/11241/2352
f 4853/11183/2353 4918/11242/2353 4854/11186/2353
f 4827/11184/2354 4892/11243/2354 4828/11187/2354
f 4881/11188/2355 4944/11241/2355 4945/11244/2355
f 4854/11186/2356 4919/11245/2356 4855/11189/2356
f 4828/11187/2357 4893/11246/2357 4829/11190/2357
f 4882/11191/2358 4945/11244/2358 4946/11247/2358
f 4855/11189/2359 4920/11248/2359 4856/11192/2359
f 4829/11190/2360 4894/11249/2360 4830/11193/2360
f 4882/11191/2361 4947/11250/2361 4883/11194/2361
f 4856/11192/2362 4921/11251/2362 4857/11195/2362
f 4830/11193/2363 4895/11252/2363 4831/11196/2363
f 4883/11194/2364 4885/11253/2364 4821/11197/2364
f 4857/11195/2365 4922/11254/2365 4858/11198/2365
f 4831/11196/2366 4896/11255/2366 4832/11199/2366
f 4858/11198/2367 4923/11256/2367 4859/11200/2367
f 4832/11199/2368 4897/11257/2368 4833/11201/2368
f 4859/11200/2369 4924/11258/2369 4860/11202/2369
f 4833/11201/2370 4898/11259/2370 4834/11203/2370
f 4860/11202/2371 4925/11260/2371 4861/11204/2371
f 4834/11203/2372 4899/11261/2372 4835/11205/2372
f 4861/11204/2373 4926/11262/2373 4862/11206/2373
f 4836/11207/2374 4899/11261/2374 4900/11263/2374
f 4862/11206/2375 4927/11264/2375 4863/11208/2375
f 4837/11209/2376 4900/11263/2376 4901/11265/2376
f 4863/11208/2377 4928/11266/2377 4864/11210/2377
f 4838/11211/2378 4901/11265/2378 4902/11267/2378
f 4864/11210/2379 4929/11268/2379 4865/11212/2379
f 4839/11213/2380 4902/11267/2380 4903/11269/2380
f 4865/11212/2381 4930/11270/2381 4866/11214/2381
f 4840/11215/2382 4903/11269/2382 4904/11271/2382
f 4867/11216/2383 4930/11270/2383 4931/11272/2383
f 4841/11217/2384 4904/11271/2384 4905/11273/2384
f 4868/11218/2385 4931/11272/2385 4932/11274/2385
f 4842/11219/2386 4905/11273/2386 4906/11275/2386
f 4869/11220/2387 4932/11274/2387 4933/11276/2387
f 4843/11221/2388 4906/11275/2388 4907/11277/2388
f 4870/11222/2389 4933/11276/2389 4934/11278/2389
f 4844/11223/2390 4907/11277/2390 4908/11279/2390
f 4871/11224/2391 4934/11278/2391 4935/11280/2391
f 4845/11225/2392 4908/11279/2392 4909/11227/2392
f 4872/11099/2393 4935/11280/2393 4936/11281/2393
f 4846/11166/2394 4909/11227/2394 4910/11282/2394
f 4873/11100/2395 4936/11281/2395 4937/11283/2395
f 4847/11167/2396 4910/11282/2396 4911/11284/2396
f 4821/11285/2397 4884/11286/2397 4820/11168/2397
f 4874/11169/2398 4937/11283/2398 4938/11287/2398
f 4848/11170/2399 4911/11284/2399 4912/11288/2399
f 4820/11168/2400 4886/11289/2400 4822/11163/2400
f 4875/11171/2401 4938/11287/2401 4939/11228/2401
f 4849/11172/2402 4912/11288/2402 4913/11230/2402
f 4245/10574/1761 4247/10577/1761 4246/10575/1761
f 4247/10577/1762 4249/10579/1762 4248/10578/1762
f 4249/10579/2403 4251/10581/2403 4250/10580/2403
f 4251/10581/2404 4253/10583/2404 4252/10582/2404
f 4253/10583/1765 4255/10585/1765 4254/10584/1765
f 4255/10585/2405 4257/10587/2405 4256/10586/2405
f 4257/10587/1767 4259/10589/1767 4258/10588/1767
f 4259/10589/2406 4261/10591/2406 4260/10590/2406
f 4261/10591/2407 4263/10593/2407 4262/10592/2407
f 4263/10593/1770 4265/10595/1770 4264/10594/1770
f 4265/10595/2408 4267/10597/2408 4266/10596/2408
f 4267/10597/2409 4269/10599/2409 4268/10598/2409
f 4269/10599/2410 4271/10601/2410 4270/10600/2410
f 4271/10601/1774 4273/10603/1774 4272/10602/1774
f 4273/10603/1775 4275/10605/1775 4274/10604/1775
f 4275/10605/1776 4277/10607/1776 4276/10606/1776
f 4277/10607/1777 4279/10609/1777 4278/10608/1777
f 4279/10609/1778 4281/10611/1778 4280/10610/1778
f 4281/10611/1779 4283/10613/1779 4282/10612/1779
f 4283/10613/2411 4285/10615/2411 4284/10614/2411
f 4285/10615/2412 4287/10617/2412 4286/10616/2412
f 4287/10617/2413 4289/10619/2413 4288/10618/2413
f 4289/10619/1783 4291/10621/1783 4290/10620/1783
f 4291/10621/2414 4293/10623/2414 4292/10622/2414
f 4293/10623/2415 4295/10625/2415 4294/10624/2415
f 4295/10625/1786 4297/10627/1786 4296/10626/1786
f 4297/10627/2416 4299/10629/2416 4298/10628/2416
f 4299/10629/1788 4301/10631/1788 4300/10630/1788
f 4301/10631/2417 4303/10633/2417 4302/10632/2417
f 4303/10633/2418 4305/10635/2418 4304/10634/2418
f 4305/10635/1791 4307/10637/1791 4306/10636/1791
f 4307/10637/1792 4309/10639/1792 4308/10638/1792
f 4309/10639/1793 4311/10641/1793 4310/10640/1793
f 4311/10641/1794 4313/10643/1794 4312/10642/1794
f 4313/10643/2419 4315/10645/2419 4314/10644/2419
f 4315/10645/2420 4317/10647/2420 4316/10646/2420
f 4317/10647/1797 4319/10649/1797 4318/10648/1797
f 4319/10649/2421 4321/10651/2421 4320/10650/2421
f 4321/10651/1799 4323/10653/1799 4322/10652/1799
f 4323/10653/2422 4325/10655/2422 4324/10654/2422
f 4325/10655/2423 4327/10657/2423 4326/10656/2423
f 4327/10657/1802 4329/10659/1802 4328/10658/1802
f 4329/10659/2424 4331/10661/2424 4330/10660/2424
f 4331/10661/2425 4333/10663/2425 4332/10662/2425
f 4333/10663/2426 4335/10665/2426 4334/10664/2426
f 4335/10665/1806 4337/10667/1806 4336/10666/1806
f 4337/10667/1807 4339/10669/1807 4338/10668/1807
f 4339/10669/1808 4341/10671/1808 4340/10670/1808
f 4341/10671/1809 4343/10673/1809 4342/10672/1809
f 4343/10673/1810 4345/10675/1810 4344/10674/1810
f 4345/10675/1811 4347/10677/1811 4346/10676/1811
f 4347/10677/2427 4349/10679/2427 4348/10678/2427
f 4349/10679/2428 4351/10681/2428 4350/10680/2428
f 4351/10681/2429 4353/10683/2429 4352/10682/2429
f 4353/10683/1815 4355/10685/1815 4354/10684/1815
f 4355/10685/2430 4357/10687/2430 4356/10686/2430
f 4357/10687/2431 4359/10689/2431 4358/10688/2431
f 4359/10689/1818 4361/10691/1818 4360/10690/1818
f 4361/10691/2432 4363/10693/2432 4362/10692/2432
f 4363/10693/1820 4365/10695/1820 4364/10694/1820
f 4365/10695/2433 4367/10697/2433 4366/10696/2433
f 4367/10697/2434 4369/10701/2434 4368/10698/2434
f 4361/10691/2435 4359/10689/2435 4429/10699/2435
f 4369/10701/1824 4371/10703/1824 4370/10702/1824
f 4371/10703/1825 4245/10760/1825 4244/10704/1825
f 4370/10707/1826 4244/11290/1826 4246/11291/1826
f 4246/11291/1826 4248/11292/1826 4370/10707/1826
f 4248/11292/2436 4250/11293/2436 4370/10707/2436
f 4250/11293/2437 4252/11294/2437 4254/11295/2437
f 4254/11295/2438 4256/11296/2438 4258/11297/2438
f 4258/11297/2436 4260/11298/2436 4266/11299/2436
f 4260/11298/1826 4262/11300/1826 4266/11299/1826
f 4262/11300/2439 4264/11301/2439 4266/11299/2439
f 4266/11299/2439 4268/11302/2439 4270/11303/2439
f 4270/11303/1826 4272/11304/1826 4266/11299/1826
f 4272/11304/1826 4274/11305/1826 4266/11299/1826
f 4274/11305/1826 4276/11306/1826 4278/11307/1826
f 4278/11307/1826 4280/11308/1826 4274/11305/1826
f 4280/11308/1826 4282/11309/1826 4274/11305/1826
f 4282/11309/2436 4284/11310/2436 4286/11311/2436
f 4286/11311/2436 4288/11312/2436 4290/11313/2436
f 4290/11313/2436 4292/11314/2436 4298/11315/2436
f 4292/11314/1826 4294/11316/1826 4298/11315/1826
f 4294/11316/2438 4296/11317/2438 4298/11315/2438
f 4298/11315/2438 4300/11318/2438 4302/11319/2438
f 4302/11319/1826 4304/11320/1826 4298/11315/1826
f 4304/11320/1826 4306/10705/1826 4298/11315/1826
f 4306/10705/1826 4308/11321/1826 4310/11322/1826
f 4310/11322/1826 4312/11323/1826 4306/10705/1826
f 4312/11323/2439 4314/11324/2439 4306/10705/2439
f 4314/11324/2438 4316/11325/2438 4318/11326/2438
f 4318/11326/2437 4320/11327/2437 4322/11328/2437
f 4322/11328/2439 4324/11329/2439 4330/11330/2439
f 4324/11329/1826 4326/11331/1826 4330/11330/1826
f 4326/11331/2436 4328/11332/2436 4330/11330/2436
f 4330/11330/2436 4332/11333/2436 4334/11334/2436
f 4334/11334/1826 4336/11335/1826 4330/11330/1826
f 4336/11335/1826 4338/10706/1826 4330/11330/1826
f 4338/10706/1826 4340/11336/1826 4342/11337/1826
f 4342/11337/1826 4344/11338/1826 4338/10706/1826
f 4344/11338/1826 4346/11339/1826 4338/10706/1826
f 4346/11339/2439 4348/11340/2439 4350/11341/2439
f 4350/11341/2439 4352/11342/2439 4354/11343/2439
f 4354/11343/2439 4356/11344/2439 4362/11345/2439
f 4356/11344/1826 4358/11346/1826 4362/11345/1826
f 4358/11346/2437 4360/11347/2437 4362/11345/2437
f 4362/11345/2437 4364/11348/2437 4366/11349/2437
f 4366/11349/1826 4368/11350/1826 4362/11345/1826
f 4368/11350/1826 4370/10707/1826 4362/11345/1826
f 4250/11293/1826 4254/11295/1826 4370/10707/1826
f 4254/11295/1826 4258/11297/1826 4370/10707/1826
f 4282/11309/1826 4286/11311/1826 4274/11305/1826
f 4286/11311/1826 4290/11313/1826 4274/11305/1826
f 4314/11324/1826 4318/11326/1826 4306/10705/1826
f 4318/11326/1826 4322/11328/1826 4306/10705/1826
f 4346/11339/1826 4350/11341/1826 4338/10706/1826
f 4350/11341/1826 4354/11343/1826 4338/10706/1826
f 4258/11297/1826 4266/11299/1826 4370/10707/1826
f 4266/11299/1826 4274/11305/1826 4370/10707/1826
f 4290/11313/1826 4298/11315/1826 4274/11305/1826
f 4298/11315/1826 4306/10705/1826 4274/11305/1826
f 4322/11328/1826 4330/11330/1826 4306/10705/1826
f 4330/11330/1826 4338/10706/1826 4306/10705/1826
f 4354/11343/1826 4362/11345/1826 4338/10706/1826
f 4362/11345/1826 4370/10707/1826 4338/10706/1826
f 4370/10707/1826 4274/11305/1826 4306/10705/1826
f 4433/10708/2440 4432/10730/2440 4496/10709/2440
f 4309/10639/2441 4307/10637/2441 4403/10711/2441
f 4257/10587/2442 4255/10585/2442 4377/10713/2442
f 4327/10657/2443 4325/10655/2443 4412/10715/2443
f 4275/10605/2444 4273/10603/2444 4386/10717/2444
f 4345/10675/2445 4343/10673/2445 4421/10719/2445
f 4293/10623/2446 4291/10621/2446 4395/10721/2446
f 4363/10693/2447 4361/10691/2447 4430/10700/2447
f 4311/10641/2448 4309/10639/2448 4404/10712/2448
f 4259/10589/2449 4257/10587/2449 4378/10714/2449
f 4329/10659/2450 4327/10657/2450 4413/10716/2450
f 4277/10607/2451 4275/10605/2451 4387/10718/2451
f 4347/10677/2452 4345/10675/2452 4422/10720/2452
f 4295/10625/2453 4293/10623/2453 4396/10722/2453
f 4365/10695/2454 4363/10693/2454 4431/10723/2454
f 4313/10643/2455 4311/10641/2455 4405/10724/2455
f 4261/10591/2456 4259/10589/2456 4379/10725/2456
f 4331/10661/2457 4329/10659/2457 4414/10726/2457
f 4279/10609/2458 4277/10607/2458 4388/10727/2458
f 4349/10679/2459 4347/10677/2459 4423/10728/2459
f 4297/10627/2460 4295/10625/2460 4397/10729/2460
f 4367/10697/2461 4365/10695/2461 4432/10730/2461
f 4315/10645/2462 4313/10643/2462 4406/10731/2462
f 4263/10593/2463 4261/10591/2463 4380/10732/2463
f 4333/10663/2464 4331/10661/2464 4415/10733/2464
f 4281/10611/2465 4279/10609/2465 4389/10734/2465
f 4351/10681/2466 4349/10679/2466 4424/10735/2466
f 4247/10577/2467 4245/10574/2467 4373/10742/2467
f 4299/10629/2468 4297/10627/2468 4398/10736/2468
f 4369/10701/2469 4367/10697/2469 4433/10708/2469
f 4317/10647/2470 4315/10645/2470 4407/10737/2470
f 4265/10595/2471 4263/10593/2471 4381/10738/2471
f 4335/10665/2472 4333/10663/2472 4416/10739/2472
f 4283/10613/2473 4281/10611/2473 4390/10740/2473
f 4353/10683/2474 4351/10681/2474 4425/10741/2474
f 4301/10631/2475 4299/10629/2475 4399/10744/2475
f 4371/10703/2476 4369/10701/2476 4434/10745/2476
f 4249/10579/2477 4247/10577/2477 4372/10743/2477
f 4319/10649/2478 4317/10647/2478 4408/10746/2478
f 4267/10597/2479 4265/10595/2479 4382/10747/2479
f 4337/10667/2480 4335/10665/2480 4417/10748/2480
f 4285/10615/2481 4283/10613/2481 4391/10749/2481
f 4355/10685/2482 4353/10683/2482 4426/10750/2482
f 4303/10633/2483 4301/10631/2483 4400/10751/2483
f 4245/10760/2484 4371/10703/2484 4435/10752/2484
f 4251/10581/2485 4249/10579/2485 4374/10753/2485
f 4321/10651/2486 4319/10649/2486 4409/10754/2486
f 4269/10599/2487 4267/10597/2487 4383/10755/2487
f 4339/10669/2488 4337/10667/2488 4418/10756/2488
f 4287/10617/2489 4285/10615/2489 4392/10757/2489
f 4357/10687/2490 4355/10685/2490 4427/10758/2490
f 4305/10635/2491 4303/10633/2491 4401/10759/2491
f 4253/10583/2492 4251/10581/2492 4375/10762/2492
f 4323/10653/2493 4321/10651/2493 4410/10763/2493
f 4271/10601/2494 4269/10599/2494 4384/10764/2494
f 4341/10671/2495 4339/10669/2495 4419/10765/2495
f 4289/10619/2496 4287/10617/2496 4393/10766/2496
f 4359/10689/2497 4357/10687/2497 4428/10767/2497
f 4307/10637/2498 4305/10635/2498 4402/10768/2498
f 4255/10585/2499 4253/10583/2499 4376/10769/2499
f 4325/10655/2500 4323/10653/2500 4411/10770/2500
f 4273/10603/2501 4271/10601/2501 4385/10771/2501
f 4343/10673/2502 4341/10671/2502 4420/10772/2502
f 4291/10621/2503 4289/10619/2503 4394/10773/2503
f 4499/10774/2504 4563/10901/2504 4501/10775/2504
f 4407/10737/2505 4406/10731/2505 4470/10777/2505
f 4380/10732/2506 4444/10836/2506 4445/10779/2506
f 4433/10708/2507 4497/10710/2507 4498/10780/2507
f 4408/10746/2508 4407/10737/2508 4471/10778/2508
f 4381/10738/2509 4445/10779/2509 4446/10782/2509
f 4434/10745/2510 4498/10780/2510 4499/10774/2510
f 4409/10754/2511 4408/10746/2511 4472/10781/2511
f 4382/10747/2512 4446/10782/2512 4447/10784/2512
f 4435/10752/2513 4499/10774/2513 4437/10776/2513
f 4410/10763/2514 4409/10754/2514 4473/10783/2514
f 4383/10755/2515 4447/10784/2515 4448/10786/2515
f 4411/10770/2516 4410/10763/2516 4474/10785/2516
f 4384/10764/2517 4448/10786/2517 4449/10788/2517
f 4412/10715/2518 4411/10770/2518 4475/10787/2518
f 4385/10771/2519 4449/10788/2519 4450/10790/2519
f 4413/10716/2520 4412/10715/2520 4476/10789/2520
f 4386/10717/2521 4450/10790/2521 4451/10792/2521
f 4414/10726/2522 4413/10716/2522 4477/10791/2522
f 4387/10718/2523 4451/10792/2523 4452/10794/2523
f 4415/10733/2524 4414/10726/2524 4478/10793/2524
f 4388/10727/2525 4452/10794/2525 4453/10796/2525
f 4416/10739/2526 4415/10733/2526 4479/10795/2526
f 4389/10734/2527 4453/10796/2527 4454/10798/2527
f 4417/10748/2528 4416/10739/2528 4480/10797/2528
f 4390/10740/2529 4454/10798/2529 4455/10800/2529
f 4418/10756/2530 4417/10748/2530 4481/10799/2530
f 4391/10749/2531 4455/10800/2531 4456/10802/2531
f 4419/10765/2532 4418/10756/2532 4482/10801/2532
f 4392/10757/2533 4456/10802/2533 4457/10804/2533
f 4420/10772/2534 4419/10765/2534 4483/10803/2534
f 4393/10766/2535 4457/10804/2535 4458/10806/2535
f 4421/10719/2536 4420/10772/2536 4484/10805/2536
f 4394/10773/2537 4458/10806/2537 4459/10808/2537
f 4422/10720/2538 4421/10719/2538 4485/10807/2538
f 4395/10721/2539 4459/10808/2539 4460/10810/2539
f 4423/10728/2540 4422/10720/2540 4486/10809/2540
f 4396/10722/2541 4460/10810/2541 4461/10812/2541
f 4424/10735/2542 4423/10728/2542 4487/10811/2542
f 4397/10729/2543 4461/10812/2543 4462/10814/2543
f 4425/10741/2544 4424/10735/2544 4488/10813/2544
f 4398/10736/2545 4462/10814/2545 4463/10816/2545
f 4373/10742/2546 4437/10872/2546 4436/10817/2546
f 4426/10750/2547 4425/10741/2547 4489/10815/2547
f 4399/10744/2548 4463/10816/2548 4464/10819/2548
f 4372/10743/2549 4436/10817/2549 4438/10820/2549
f 4427/10758/2550 4426/10750/2550 4490/10818/2550
f 4400/10751/2551 4464/10819/2551 4465/10822/2551
f 4374/10753/2552 4438/10820/2552 4439/10823/2552
f 4428/10767/2553 4427/10758/2553 4491/10821/2553
f 4401/10759/2554 4465/10822/2554 4466/10825/2554
f 4375/10762/2555 4439/10823/2555 4440/10826/2555
f 4429/10699/2556 4428/10767/2556 4492/10824/2556
f 4403/10711/2557 4402/10768/2557 4466/10825/2557
f 4376/10769/2558 4440/10826/2558 4441/10829/2558
f 4430/10700/2559 4429/10699/2559 4493/10827/2559
f 4404/10712/2560 4403/10711/2560 4467/10828/2560
f 4377/10713/2561 4441/10829/2561 4442/10832/2561
f 4431/10723/2562 4430/10700/2562 4494/10830/2562
f 4405/10724/2563 4404/10712/2563 4468/10831/2563
f 4378/10714/2564 4442/10832/2564 4443/10835/2564
f 4432/10730/2565 4431/10723/2565 4495/10833/2565
f 4406/10731/2566 4405/10724/2566 4469/10834/2566
f 4379/10725/2567 4443/10835/2567 4444/10836/2567
f 4541/10837/2568 4540/10845/2568 4604/10838/2568
f 4474/10785/2569 4473/10783/2569 4537/10840/2569
f 4447/10784/2570 4511/10902/2570 4512/10842/2570
f 4475/10787/2571 4474/10785/2571 4538/10841/2571
f 4448/10786/2572 4512/10842/2572 4513/10844/2572
f 4476/10789/2573 4475/10787/2573 4539/10843/2573
f 4449/10788/2574 4513/10844/2574 4514/10846/2574
f 4477/10791/2575 4476/10789/2575 4540/10845/2575
f 4450/10790/2576 4514/10846/2576 4515/10847/2576
f 4478/10793/2577 4477/10791/2577 4541/10837/2577
f 4451/10792/2578 4515/10847/2578 4516/10849/2578
f 4479/10795/2579 4478/10793/2579 4542/10848/2579
f 4452/10794/2580 4516/10849/2580 4517/10851/2580
f 4480/10797/2581 4479/10795/2581 4543/10850/2581
f 4453/10796/2582 4517/10851/2582 4518/10853/2582
f 4481/10799/2583 4480/10797/2583 4544/10852/2583
f 4454/10798/2584 4518/10853/2584 4519/10855/2584
f 4482/10801/2585 4481/10799/2585 4545/10854/2585
f 4455/10800/2586 4519/10855/2586 4520/10857/2586
f 4483/10803/2587 4482/10801/2587 4546/10856/2587
f 4456/10802/2588 4520/10857/2588 4521/10859/2588
f 4484/10805/2589 4483/10803/2589 4547/10858/2589
f 4457/10804/2590 4521/10859/2590 4522/10861/2590
f 4485/10807/2591 4484/10805/2591 4548/10860/2591
f 4458/10806/2592 4522/10861/2592 4523/10863/2592
f 4486/10809/2593 4485/10807/2593 4549/10862/2593
f 4459/10808/2594 4523/10863/2594 4524/10865/2594
f 4487/10811/2595 4486/10809/2595 4550/10864/2595
f 4460/10810/2596 4524/10865/2596 4525/10867/2596
f 4488/10813/2597 4487/10811/2597 4551/10866/2597
f 4461/10812/2598 4525/10867/2598 4526/10869/2598
f 4489/10815/2599 4488/10813/2599 4552/10868/2599
f 4462/10814/2600 4526/10869/2600 4527/10871/2600
f 4437/10872/2601 4501/10930/2601 4500/10873/2601
f 4490/10818/2602 4489/10815/2602 4553/10870/2602
f 4463/10816/2603 4527/10871/2603 4528/10875/2603
f 4436/10817/2604 4500/10873/2604 4502/10876/2604
f 4491/10821/2605 4490/10818/2605 4554/10874/2605
f 4464/10819/2606 4528/10875/2606 4529/10878/2606
f 4438/10820/2607 4502/10876/2607 4503/10879/2607
f 4492/10824/2608 4491/10821/2608 4555/10877/2608
f 4465/10822/2609 4529/10878/2609 4530/10881/2609
f 4439/10823/2610 4503/10879/2610 4504/10882/2610
f 4493/10827/2611 4492/10824/2611 4556/10880/2611
f 4467/10828/2612 4466/10825/2612 4530/10881/2612
f 4440/10826/2613 4504/10882/2613 4505/10885/2613
f 4494/10830/2614 4493/10827/2614 4557/10883/2614
f 4468/10831/2615 4467/10828/2615 4531/10884/2615
f 4441/10829/2616 4505/10885/2616 4506/10888/2616
f 4495/10833/2617 4494/10830/2617 4558/10886/2617
f 4469/10834/2618 4468/10831/2618 4532/10887/2618
f 4442/10832/2619 4506/10888/2619 4507/10891/2619
f 4496/10709/2620 4495/10833/2620 4559/10889/2620
f 4470/10777/2621 4469/10834/2621 4533/10890/2621
f 4443/10835/2622 4507/10891/2622 4508/10894/2622
f 4497/10710/2623 4496/10709/2623 4560/10892/2623
f 4471/10778/2624 4470/10777/2624 4534/10893/2624
f 4444/10836/2625 4508/10894/2625 4509/10897/2625
f 4498/10780/2626 4497/10710/2626 4561/10895/2626
f 4472/10781/2627 4471/10778/2627 4535/10896/2627
f 4445/10779/2628 4509/10897/2628 4510/10900/2628
f 4498/10780/2629 4562/10898/2629 4563/10901/2629
f 4473/10783/2630 4472/10781/2630 4536/10899/2630
f 4446/10782/2631 4510/10900/2631 4511/10902/2631
f 4608/10903/2632 4607/10909/2632 4671/10904/2632
f 4514/10846/2633 4578/10967/2633 4579/10906/2633
f 4542/10848/2634 4541/10837/2634 4605/10839/2634
f 4515/10847/2635 4579/10906/2635 4580/10908/2635
f 4543/10850/2636 4542/10848/2636 4606/10907/2636
f 4516/10849/2637 4580/10908/2637 4581/10910/2637
f 4544/10852/2638 4543/10850/2638 4607/10909/2638
f 4517/10851/2639 4581/10910/2639 4582/10911/2639
f 4545/10854/2640 4544/10852/2640 4608/10903/2640
f 4518/10853/2641 4582/10911/2641 4583/10913/2641
f 4546/10856/2642 4545/10854/2642 4609/10912/2642
f 4519/10855/2643 4583/10913/2643 4584/10915/2643
f 4547/10858/2644 4546/10856/2644 4610/10914/2644
f 4520/10857/2645 4584/10915/2645 4585/10917/2645
f 4548/10860/2646 4547/10858/2646 4611/10916/2646
f 4521/10859/2647 4585/10917/2647 4586/10919/2647
f 4549/10862/2648 4548/10860/2648 4612/10918/2648
f 4522/10861/2649 4586/10919/2649 4587/10921/2649
f 4550/10864/2650 4549/10862/2650 4613/10920/2650
f 4523/10863/2651 4587/10921/2651 4588/10923/2651
f 4551/10866/2652 4550/10864/2652 4614/10922/2652
f 4524/10865/2653 4588/10923/2653 4589/10925/2653
f 4552/10868/2654 4551/10866/2654 4615/10924/2654
f 4525/10867/2655 4589/10925/2655 4590/10927/2655
f 4553/10870/2656 4552/10868/2656 4616/10926/2656
f 4526/10869/2657 4590/10927/2657 4591/10929/2657
f 4501/10930/2658 4565/10989/2658 4564/10931/2658
f 4554/10874/2659 4553/10870/2659 4617/10928/2659
f 4527/10871/2660 4591/10929/2660 4592/10933/2660
f 4500/10873/2661 4564/10931/2661 4566/10934/2661
f 4555/10877/2662 4554/10874/2662 4618/10932/2662
f 4528/10875/2663 4592/10933/2663 4593/10936/2663
f 4502/10876/2664 4566/10934/2664 4567/10937/2664
f 4556/10880/2665 4555/10877/2665 4619/10935/2665
f 4529/10878/2666 4593/10936/2666 4594/10939/2666
f 4503/10879/2667 4567/10937/2667 4568/10940/2667
f 4557/10883/2668 4556/10880/2668 4620/10938/2668
f 4531/10884/2669 4530/10881/2669 4594/10939/2669
f 4504/10882/2670 4568/10940/2670 4569/10943/2670
f 4558/10886/2671 4557/10883/2671 4621/10941/2671
f 4532/10887/2672 4531/10884/2672 4595/10942/2672
f 4505/10885/2673 4569/10943/2673 4570/10946/2673
f 4559/10889/2674 4558/10886/2674 4622/10944/2674
f 4533/10890/2675 4532/10887/2675 4596/10945/2675
f 4506/10888/2676 4570/10946/2676 4571/10949/2676
f 4560/10892/2677 4559/10889/2677 4623/10947/2677
f 4534/10893/2678 4533/10890/2678 4597/10948/2678
f 4507/10891/2679 4571/10949/2679 4572/10952/2679
f 4561/10895/2680 4560/10892/2680 4624/10950/2680
f 4535/10896/2681 4534/10893/2681 4598/10951/2681
f 4508/10894/2682 4572/10952/2682 4573/10955/2682
f 4562/10898/2683 4561/10895/2683 4625/10953/2683
f 4536/10899/2684 4535/10896/2684 4599/10954/2684
f 4509/10897/2685 4573/10955/2685 4574/10958/2685
f 4562/10898/2686 4626/10956/2686 4627/10959/2686
f 4537/10840/2687 4536/10899/2687 4600/10957/2687
f 4510/10900/2688 4574/10958/2688 4575/10961/2688
f 4563/10901/2689 4627/10959/2689 4565/10962/2689
f 4538/10841/2690 4537/10840/2690 4601/10960/2690
f 4511/10902/2691 4575/10961/2691 4576/10964/2691
f 4539/10843/2692 4538/10841/2692 4602/10963/2692
f 4512/10842/2693 4576/10964/2693 4577/10966/2693
f 4540/10845/2694 4539/10843/2694 4603/10965/2694
f 4513/10844/2695 4577/10966/2695 4578/10967/2695
f 4675/10968/2696 4674/10974/2696 4738/10969/2696
f 4581/10910/2697 4645/11032/2697 4646/10971/2697
f 4609/10912/2698 4608/10903/2698 4672/10905/2698
f 4582/10911/2699 4646/10971/2699 4647/10973/2699
f 4610/10914/2700 4609/10912/2700 4673/10972/2700
f 4583/10913/2701 4647/10973/2701 4648/10975/2701
f 4611/10916/2702 4610/10914/2702 4674/10974/2702
f 4584/10915/2703 4648/10975/2703 4649/10976/2703
f 4612/10918/2704 4611/10916/2704 4675/10968/2704
f 4585/10917/2705 4649/10976/2705 4650/10978/2705
f 4613/10920/2706 4612/10918/2706 4676/10977/2706
f 4586/10919/2707 4650/10978/2707 4651/10980/2707
f 4614/10922/2708 4613/10920/2708 4677/10979/2708
f 4587/10921/2709 4651/10980/2709 4652/10982/2709
f 4615/10924/2710 4614/10922/2710 4678/10981/2710
f 4588/10923/2711 4652/10982/2711 4653/10984/2711
f 4616/10926/2712 4615/10924/2712 4679/10983/2712
f 4589/10925/2713 4653/10984/2713 4654/10986/2713
f 4617/10928/2714 4616/10926/2714 4680/10985/2714
f 4590/10927/2715 4654/10986/2715 4655/10988/2715
f 4565/10989/2716 4629/11048/2716 4628/10990/2716
f 4618/10932/2717 4617/10928/2717 4681/10987/2717
f 4591/10929/2718 4655/10988/2718 4656/10992/2718
f 4564/10931/2719 4628/10990/2719 4630/10993/2719
f 4619/10935/2720 4618/10932/2720 4682/10991/2720
f 4592/10933/2721 4656/10992/2721 4657/10995/2721
f 4566/10934/2722 4630/10993/2722 4631/10996/2722
f 4620/10938/2723 4619/10935/2723 4683/10994/2723
f 4593/10936/2724 4657/10995/2724 4658/10998/2724
f 4567/10937/2725 4631/10996/2725 4632/10999/2725
f 4621/10941/2726 4620/10938/2726 4684/10997/2726
f 4595/10942/2727 4594/10939/2727 4658/10998/2727
f 4568/10940/2728 4632/10999/2728 4633/11002/2728
f 4622/10944/2729 4621/10941/2729 4685/11000/2729
f 4596/10945/2730 4595/10942/2730 4659/11001/2730
f 4569/10943/2731 4633/11002/2731 4634/11005/2731
f 4623/10947/2732 4622/10944/2732 4686/11003/2732
f 4597/10948/2733 4596/10945/2733 4660/11004/2733
f 4570/10946/2734 4634/11005/2734 4635/11008/2734
f 4624/10950/2735 4623/10947/2735 4687/11006/2735
f 4598/10951/2736 4597/10948/2736 4661/11007/2736
f 4571/10949/2737 4635/11008/2737 4636/11011/2737
f 4625/10953/2738 4624/10950/2738 4688/11009/2738
f 4599/10954/2739 4598/10951/2739 4662/11010/2739
f 4572/10952/2740 4636/11011/2740 4637/11014/2740
f 4626/10956/2741 4625/10953/2741 4689/11012/2741
f 4600/10957/2742 4599/10954/2742 4663/11013/2742
f 4573/10955/2743 4637/11014/2743 4638/11017/2743
f 4626/10956/2744 4690/11015/2744 4691/11018/2744
f 4601/10960/2745 4600/10957/2745 4664/11016/2745
f 4574/10958/2746 4638/11017/2746 4639/11020/2746
f 4627/10959/2747 4691/11018/2747 4629/11021/2747
f 4602/10963/2748 4601/10960/2748 4665/11019/2748
f 4575/10961/2749 4639/11020/2749 4640/11023/2749
f 4603/10965/2750 4602/10963/2750 4666/11022/2750
f 4576/10964/2751 4640/11023/2751 4641/11025/2751
f 4604/10838/2752 4603/10965/2752 4667/11024/2752
f 4577/10966/2753 4641/11025/2753 4642/11027/2753
f 4605/10839/2754 4604/10838/2754 4668/11026/2754
f 4578/10967/2755 4642/11027/2755 4643/11029/2755
f 4606/10907/2756 4605/10839/2756 4669/11028/2756
f 4579/10906/2757 4643/11029/2757 4644/11031/2757
f 4607/10909/2758 4606/10907/2758 4670/11030/2758
f 4580/10908/2759 4644/11031/2759 4645/11032/2759
f 4742/11033/2760 4741/11039/2760 4805/11034/2760
f 4648/10975/2761 4712/11097/2761 4713/11036/2761
f 4676/10977/2762 4675/10968/2762 4739/10970/2762
f 4649/10976/2763 4713/11036/2763 4714/11038/2763
f 4677/10979/2764 4676/10977/2764 4740/11037/2764
f 4650/10978/2765 4714/11038/2765 4715/11040/2765
f 4678/10981/2766 4677/10979/2766 4741/11039/2766
f 4651/10980/2767 4715/11040/2767 4716/11041/2767
f 4679/10983/2768 4678/10981/2768 4742/11033/2768
f 4652/10982/2769 4716/11041/2769 4717/11043/2769
f 4680/10985/2770 4679/10983/2770 4743/11042/2770
f 4653/10984/2771 4717/11043/2771 4718/11045/2771
f 4681/10987/2772 4680/10985/2772 4744/11044/2772
f 4654/10986/2773 4718/11045/2773 4719/11047/2773
f 4629/11048/2774 4693/11351/2774 4692/11049/2774
f 4682/10991/2775 4681/10987/2775 4745/11046/2775
f 4655/10988/2776 4719/11047/2776 4720/11051/2776
f 4628/10990/2777 4692/11049/2777 4694/11052/2777
f 4683/10994/2778 4682/10991/2778 4746/11050/2778
f 4656/10992/2779 4720/11051/2779 4721/11054/2779
f 4630/10993/2780 4694/11052/2780 4695/11055/2780
f 4684/10997/2781 4683/10994/2781 4747/11053/2781
f 4657/10995/2782 4721/11054/2782 4722/11057/2782
f 4631/10996/2783 4695/11055/2783 4696/11058/2783
f 4685/11000/2784 4684/10997/2784 4748/11056/2784
f 4658/10998/2785 4722/11057/2785 4723/11060/2785
f 4632/10999/2786 4696/11058/2786 4697/11061/2786
f 4686/11003/2787 4685/11000/2787 4749/11059/2787
f 4660/11004/2788 4659/11001/2788 4723/11060/2788
f 4633/11002/2789 4697/11061/2789 4698/11064/2789
f 4687/11006/2790 4686/11003/2790 4750/11062/2790
f 4661/11007/2791 4660/11004/2791 4724/11063/2791
f 4634/11005/2792 4698/11064/2792 4699/11067/2792
f 4688/11009/2793 4687/11006/2793 4751/11065/2793
f 4662/11010/2794 4661/11007/2794 4725/11066/2794
f 4635/11008/2795 4699/11067/2795 4700/11070/2795
f 4689/11012/2796 4688/11009/2796 4752/11068/2796
f 4663/11013/2797 4662/11010/2797 4726/11069/2797
f 4636/11011/2798 4700/11070/2798 4701/11073/2798
f 4690/11015/2799 4689/11012/2799 4753/11071/2799
f 4664/11016/2800 4663/11013/2800 4727/11072/2800
f 4637/11014/2801 4701/11073/2801 4702/11076/2801
f 4690/11015/2802 4754/11074/2802 4755/11077/2802
f 4665/11019/2803 4664/11016/2803 4728/11075/2803
f 4638/11017/2804 4702/11076/2804 4703/11079/2804
f 4691/11018/2805 4755/11077/2805 4693/11080/2805
f 4666/11022/2806 4665/11019/2806 4729/11078/2806
f 4639/11020/2807 4703/11079/2807 4704/11082/2807
f 4667/11024/2808 4666/11022/2808 4730/11081/2808
f 4640/11023/2809 4704/11082/2809 4705/11084/2809
f 4668/11026/2810 4667/11024/2810 4731/11083/2810
f 4641/11025/2811 4705/11084/2811 4706/11086/2811
f 4669/11028/2812 4668/11026/2812 4732/11085/2812
f 4642/11027/2813 4706/11086/2813 4707/11088/2813
f 4670/11030/2814 4669/11028/2814 4733/11087/2814
f 4643/11029/2815 4707/11088/2815 4708/11090/2815
f 4671/10904/2816 4670/11030/2816 4734/11089/2816
f 4644/11031/2817 4708/11090/2817 4709/11092/2817
f 4672/10905/2818 4671/10904/2818 4735/11091/2818
f 4645/11032/2819 4709/11092/2819 4710/11094/2819
f 4673/10972/2820 4672/10905/2820 4736/11093/2820
f 4646/10971/2821 4710/11094/2821 4711/11096/2821
f 4674/10974/2822 4673/10972/2822 4737/11095/2822
f 4647/10973/2823 4711/11096/2823 4712/11097/2823
f 4809/11098/2824 4808/11104/2824 4872/11099/2824
f 4715/11040/2825 4779/11162/2825 4780/11101/2825
f 4743/11042/2826 4742/11033/2826 4806/11035/2826
f 4716/11041/2827 4780/11101/2827 4781/11103/2827
f 4744/11044/2215 4743/11042/2215 4807/11102/2215
f 4717/11043/2828 4781/11103/2828 4782/11105/2828
f 4745/11046/2829 4744/11044/2829 4808/11104/2829
f 4718/11045/2830 4782/11105/2830 4783/11106/2830
f 4692/11049/2219 4693/11351/2219 4757/11107/2219
f 4746/11050/2831 4745/11046/2831 4809/11098/2831
f 4719/11047/2832 4783/11106/2832 4784/11110/2832
f 4694/11052/2833 4692/11049/2833 4756/11108/2833
f 4747/11053/2834 4746/11050/2834 4810/11109/2834
f 4720/11051/2224 4784/11110/2224 4785/11113/2224
f 4695/11055/2225 4694/11052/2225 4758/11111/2225
f 4748/11056/2835 4747/11053/2835 4811/11112/2835
f 4721/11054/2836 4785/11113/2836 4786/11116/2836
f 4696/11058/2837 4695/11055/2837 4759/11114/2837
f 4749/11059/2838 4748/11056/2838 4812/11115/2838
f 4722/11057/2230 4786/11116/2230 4787/11119/2230
f 4696/11058/2839 4760/11117/2839 4761/11120/2839
f 4750/11062/2840 4749/11059/2840 4813/11118/2840
f 4723/11060/2233 4787/11119/2233 4788/11122/2233
f 4697/11061/2841 4761/11120/2841 4762/11123/2841
f 4751/11065/2235 4750/11062/2235 4814/11121/2235
f 4724/11063/2236 4788/11122/2236 4789/11125/2236
f 4698/11064/2237 4762/11123/2237 4763/11126/2237
f 4752/11068/2842 4751/11065/2842 4815/11124/2842
f 4725/11066/2239 4789/11125/2239 4790/11128/2239
f 4699/11067/2843 4763/11126/2843 4764/11129/2843
f 4753/11071/2844 4752/11068/2844 4816/11127/2844
f 4726/11069/2845 4790/11128/2845 4791/11131/2845
f 4700/11070/2846 4764/11129/2846 4765/11132/2846
f 4754/11074/2847 4753/11071/2847 4817/11130/2847
f 4727/11072/2245 4791/11131/2245 4792/11134/2245
f 4701/11073/2848 4765/11132/2848 4766/11135/2848
f 4755/11077/2247 4754/11074/2247 4818/11133/2247
f 4729/11078/2248 4728/11075/2248 4792/11134/2248
f 4702/11076/2849 4766/11135/2849 4767/11138/2849
f 4693/11080/2850 4755/11077/2850 4819/11136/2850
f 4730/11081/2851 4729/11078/2851 4793/11137/2851
f 4703/11079/2852 4767/11138/2852 4768/11141/2852
f 4731/11083/2853 4730/11081/2853 4794/11140/2853
f 4704/11082/2854 4768/11141/2854 4769/11143/2854
f 4732/11085/2855 4731/11083/2855 4795/11142/2855
f 4705/11084/2256 4769/11143/2256 4770/11145/2256
f 4733/11087/2856 4732/11085/2856 4796/11144/2856
f 4706/11086/2857 4770/11145/2857 4771/11147/2857
f 4734/11089/2858 4733/11087/2858 4797/11146/2858
f 4707/11088/2859 4771/11147/2859 4772/11149/2859
f 4735/11091/2860 4734/11089/2860 4798/11148/2860
f 4708/11090/2861 4772/11149/2861 4773/11151/2861
f 4736/11093/2862 4735/11091/2862 4799/11150/2862
f 4709/11092/2863 4773/11151/2863 4774/11153/2863
f 4737/11095/2864 4736/11093/2864 4800/11152/2864
f 4710/11094/2865 4774/11153/2865 4775/11155/2865
f 4738/10969/2267 4737/11095/2267 4801/11154/2267
f 4711/11096/2866 4775/11155/2866 4776/11157/2866
f 4739/10970/2269 4738/10969/2269 4802/11156/2269
f 4712/11097/2867 4776/11157/2867 4777/11159/2867
f 4740/11037/2868 4739/10970/2868 4803/11158/2868
f 4713/11036/2869 4777/11159/2869 4778/11161/2869
f 4741/11039/2870 4740/11037/2870 4804/11160/2870
f 4714/11038/2871 4778/11161/2871 4779/11162/2871
f 4822/11163/2872 4886/11289/2872 4887/11164/2872
f 4783/11106/2873 4782/11105/2873 4846/11166/2873
f 4757/11107/2874 4821/11285/2874 4820/11168/2874
f 4810/11109/2875 4809/11098/2875 4873/11100/2875
f 4784/11110/2876 4783/11106/2876 4847/11167/2876
f 4756/11108/2877 4820/11168/2877 4822/11163/2877
f 4811/11112/2878 4810/11109/2878 4874/11169/2878
f 4785/11113/2282 4784/11110/2282 4848/11170/2282
f 4758/11111/2879 4822/11163/2879 4823/11165/2879
f 4812/11115/2880 4811/11112/2880 4875/11171/2880
f 4786/11116/2285 4785/11113/2285 4849/11172/2285
f 4759/11114/2881 4823/11165/2881 4824/11175/2881
f 4813/11118/2882 4812/11115/2882 4876/11173/2882
f 4786/11116/2288 4850/11174/2288 4851/11177/2288
f 4760/11117/2289 4824/11175/2289 4825/11178/2289
f 4814/11121/2883 4813/11118/2883 4877/11176/2883
f 4787/11119/2291 4851/11177/2291 4852/11180/2291
f 4761/11120/2884 4825/11178/2884 4826/11181/2884
f 4815/11124/2885 4814/11121/2885 4878/11179/2885
f 4788/11122/2886 4852/11180/2886 4853/11183/2886
f 4762/11123/2295 4826/11181/2295 4827/11184/2295
f 4816/11127/2296 4815/11124/2296 4879/11182/2296
f 4789/11125/2887 4853/11183/2887 4854/11186/2887
f 4763/11126/2888 4827/11184/2888 4828/11187/2888
f 4817/11130/2299 4816/11127/2299 4880/11185/2299
f 4790/11128/2889 4854/11186/2889 4855/11189/2889
f 4764/11129/2890 4828/11187/2890 4829/11190/2890
f 4818/11133/2891 4817/11130/2891 4881/11188/2891
f 4791/11131/2892 4855/11189/2892 4856/11192/2892
f 4765/11132/2893 4829/11190/2893 4830/11193/2893
f 4818/11133/2894 4882/11191/2894 4883/11194/2894
f 4792/11134/2306 4856/11192/2306 4857/11195/2306
f 4766/11135/2895 4830/11193/2895 4831/11196/2895
f 4819/11136/2896 4883/11194/2896 4821/11197/2896
f 4793/11137/2309 4857/11195/2309 4858/11198/2309
f 4767/11138/2897 4831/11196/2897 4832/11199/2897
f 4794/11140/2898 4858/11198/2898 4859/11200/2898
f 4768/11141/2899 4832/11199/2899 4833/11201/2899
f 4795/11142/2900 4859/11200/2900 4860/11202/2900
f 4769/11143/2901 4833/11201/2901 4834/11203/2901
f 4796/11144/2315 4860/11202/2315 4861/11204/2315
f 4770/11145/2902 4834/11203/2902 4835/11205/2902
f 4797/11146/2903 4861/11204/2903 4862/11206/2903
f 4771/11147/2904 4835/11205/2904 4836/11207/2904
f 4798/11148/2905 4862/11206/2905 4863/11208/2905
f 4773/11151/2906 4772/11149/2906 4836/11207/2906
f 4799/11150/2907 4863/11208/2907 4864/11210/2907
f 4774/11153/2908 4773/11151/2908 4837/11209/2908
f 4800/11152/2909 4864/11210/2909 4865/11212/2909
f 4775/11155/2910 4774/11153/2910 4838/11211/2910
f 4802/11156/2911 4801/11154/2911 4865/11212/2911
f 4776/11157/2912 4775/11155/2912 4839/11213/2912
f 4803/11158/2913 4802/11156/2913 4866/11214/2913
f 4777/11159/2914 4776/11157/2914 4840/11215/2914
f 4804/11160/2329 4803/11158/2329 4867/11216/2329
f 4778/11161/2915 4777/11159/2915 4841/11217/2915
f 4805/11034/2331 4804/11160/2331 4868/11218/2331
f 4779/11162/2332 4778/11161/2332 4842/11219/2332
f 4806/11035/2916 4805/11034/2916 4869/11220/2916
f 4780/11101/2917 4779/11162/2917 4843/11221/2917
f 4807/11102/2918 4806/11035/2918 4870/11222/2918
f 4781/11103/2336 4780/11101/2336 4844/11223/2336
f 4808/11104/2919 4807/11102/2919 4871/11224/2919
f 4782/11105/2920 4781/11103/2920 4845/11225/2920
f 4886/11289/2921 4884/11286/2921 4911/11284/2921
f 4884/11286/2922 4885/11352/2922 4912/11288/2922
f 4913/11230/2921 4885/11352/2921 4947/11250/2921
f 4947/11250/2922 4946/11247/2922 4914/11231/2922
f 4946/11247/2923 4945/11244/2923 4915/11233/2923
f 4945/11244/2922 4944/11241/2922 4916/11236/2922
f 4917/11239/2922 4944/11241/2922 4943/11238/2922
f 4943/11238/2922 4942/11235/2922 4918/11242/2922
f 4942/11235/2921 4941/11232/2921 4919/11245/2921
f 4941/11232/2923 4940/11229/2923 4920/11248/2923
f 4942/11235/2922 4919/11245/2922 4918/11242/2922
f 4940/11229/2922 4939/11228/2922 4921/11251/2922
f 4939/11228/2922 4938/11287/2922 4922/11254/2922
f 4940/11229/2924 4921/11251/2924 4920/11248/2924
f 4938/11287/2924 4937/11283/2924 4923/11256/2924
f 4937/11283/2925 4936/11281/2925 4924/11258/2925
f 4938/11287/2923 4923/11256/2923 4922/11254/2923
f 4936/11281/2921 4935/11280/2921 4925/11260/2921
f 4935/11280/2926 4934/11278/2926 4926/11262/2926
f 4936/11281/2339 4925/11260/2339 4924/11258/2339
f 4934/11278/2922 4933/11276/2922 4927/11264/2922
f 4933/11276/2922 4932/11274/2922 4928/11266/2922
f 4932/11274/2927 4931/11272/2927 4929/11268/2927
f 4931/11272/2928 4930/11270/2928 4929/11268/2928
f 4929/11268/2929 4928/11266/2929 4932/11274/2929
f 4928/11266/2930 4927/11264/2930 4933/11276/2930
f 4927/11264/2931 4926/11262/2931 4934/11278/2931
f 4926/11262/2924 4925/11260/2924 4935/11280/2924
f 4924/11258/2922 4923/11256/2922 4937/11283/2922
f 4922/11254/2925 4921/11251/2925 4939/11228/2925
f 4920/11248/2921 4919/11245/2921 4941/11232/2921
f 4918/11242/2921 4917/11239/2921 4943/11238/2921
f 4917/11239/2922 4916/11236/2922 4944/11241/2922
f 4945/11244/2339 4916/11236/2339 4915/11233/2339
f 4915/11233/2922 4914/11231/2922 4946/11247/2922
f 4914/11231/2923 4913/11230/2923 4947/11250/2923
f 4913/11230/2922 4912/11288/2922 4885/11352/2922
f 4884/11286/2922 4912/11288/2922 4911/11284/2922
f 4911/11284/2923 4910/11282/2923 4886/11289/2923
f 4910/11282/2923 4909/11227/2923 4887/11164/2923
f 4909/11227/2922 4908/11279/2922 4888/11226/2922
f 4910/11282/2923 4887/11164/2923 4886/11289/2923
f 4908/11279/2924 4907/11277/2924 4889/11234/2924
f 4907/11277/2921 4906/11275/2921 4890/11237/2921
f 4908/11279/2922 4889/11234/2922 4888/11226/2922
f 4906/11275/2921 4905/11273/2921 4891/11240/2921
f 4905/11273/2924 4904/11271/2924 4892/11243/2924
f 4906/11275/2925 4891/11240/2925 4890/11237/2925
f 4904/11271/2921 4903/11269/2921 4893/11246/2921
f 4903/11269/2926 4902/11267/2926 4894/11249/2926
f 4904/11271/2339 4893/11246/2339 4892/11243/2339
f 4902/11267/2931 4901/11265/2931 4895/11252/2931
f 4901/11265/2922 4900/11263/2922 4896/11255/2922
f 4900/11263/2932 4899/11261/2932 4897/11257/2932
f 4899/11261/2933 4898/11259/2933 4897/11257/2933
f 4897/11257/2926 4896/11255/2926 4900/11263/2926
f 4896/11255/2930 4895/11252/2930 4901/11265/2930
f 4895/11252/2934 4894/11249/2934 4902/11267/2934
f 4894/11249/2935 4893/11246/2935 4903/11269/2935
f 4892/11243/2926 4891/11240/2926 4905/11273/2926
f 4890/11237/2922 4889/11234/2922 4907/11277/2922
f 4876/11173/2936 4875/11171/2936 4939/11228/2936
f 4850/11174/2937 4849/11172/2937 4913/11230/2937
f 4823/11165/2938 4887/11164/2938 4888/11226/2938
f 4877/11176/2939 4876/11173/2939 4940/11229/2939
f 4851/11177/2940 4850/11174/2940 4914/11231/2940
f 4824/11175/2941 4888/11226/2941 4889/11234/2941
f 4878/11179/2942 4877/11176/2942 4941/11232/2942
f 4851/11177/2943 4915/11233/2943 4916/11236/2943
f 4825/11178/2944 4889/11234/2944 4890/11237/2944
f 4879/11182/2945 4878/11179/2945 4942/11235/2945
f 4852/11180/2946 4916/11236/2946 4917/11239/2946
f 4826/11181/2947 4890/11237/2947 4891/11240/2947
f 4880/11185/2948 4879/11182/2948 4943/11238/2948
f 4853/11183/2949 4917/11239/2949 4918/11242/2949
f 4827/11184/2950 4891/11240/2950 4892/11243/2950
f 4881/11188/2951 4880/11185/2951 4944/11241/2951
f 4854/11186/2952 4918/11242/2952 4919/11245/2952
f 4828/11187/2953 4892/11243/2953 4893/11246/2953
f 4882/11191/2954 4881/11188/2954 4945/11244/2954
f 4855/11189/2955 4919/11245/2955 4920/11248/2955
f 4829/11190/2956 4893/11246/2956 4894/11249/2956
f 4882/11191/2957 4946/11247/2957 4947/11250/2957
f 4856/11192/2958 4920/11248/2958 4921/11251/2958
f 4830/11193/2959 4894/11249/2959 4895/11252/2959
f 4883/11194/2960 4947/11250/2960 4885/11253/2960
f 4857/11195/2961 4921/11251/2961 4922/11254/2961
f 4831/11196/2962 4895/11252/2962 4896/11255/2962
f 4858/11198/2963 4922/11254/2963 4923/11256/2963
f 4832/11199/2964 4896/11255/2964 4897/11257/2964
f 4859/11200/2965 4923/11256/2965 4924/11258/2965
f 4833/11201/2966 4897/11257/2966 4898/11259/2966
f 4860/11202/2967 4924/11258/2967 4925/11260/2967
f 4834/11203/2968 4898/11259/2968 4899/11261/2968
f 4861/11204/2969 4925/11260/2969 4926/11262/2969
f 4836/11207/2970 4835/11205/2970 4899/11261/2970
f 4862/11206/2971 4926/11262/2971 4927/11264/2971
f 4837/11209/2972 4836/11207/2972 4900/11263/2972
f 4863/11208/2973 4927/11264/2973 4928/11266/2973
f 4838/11211/2974 4837/11209/2974 4901/11265/2974
f 4864/11210/2975 4928/11266/2975 4929/11268/2975
f 4839/11213/2976 4838/11211/2976 4902/11267/2976
f 4865/11212/2977 4929/11268/2977 4930/11270/2977
f 4840/11215/2978 4839/11213/2978 4903/11269/2978
f 4867/11216/2979 4866/11214/2979 4930/11270/2979
f 4841/11217/2980 4840/11215/2980 4904/11271/2980
f 4868/11218/2981 4867/11216/2981 4931/11272/2981
f 4842/11219/2982 4841/11217/2982 4905/11273/2982
f 4869/11220/2983 4868/11218/2983 4932/11274/2983
f 4843/11221/2984 4842/11219/2984 4906/11275/2984
f 4870/11222/2985 4869/11220/2985 4933/11276/2985
f 4844/11223/2986 4843/11221/2986 4907/11277/2986
f 4871/11224/2987 4870/11222/2987 4934/11278/2987
f 4845/11225/2988 4844/11223/2988 4908/11279/2988
f 4872/11099/2989 4871/11224/2989 4935/11280/2989
f 4846/11166/2990 4845/11225/2990 4909/11227/2990
f 4873/11100/2991 4872/11099/2991 4936/11281/2991
f 4847/11167/2992 4846/11166/2992 4910/11282/2992
f 4821/11285/2993 4885/11352/2993 4884/11286/2993
f 4874/11169/2398 4873/11100/2398 4937/11283/2398
f 4848/11170/2994 4847/11167/2994 4911/11284/2994
f 4820/11168/2995 4884/11286/2995 4886/11289/2995
f 4875/11171/2996 4874/11169/2996 4938/11287/2996
f 4849/11172/2997 4848/11170/2997 4912/11288/2997
o Cube.007_Cube.002
v 16.801407 4.851550 -1.494624
v 16.801407 7.457500 -1.494624
v 16.801407 4.851550 -2.394260
v 16.801407 7.457500 -2.394260
v 17.354904 4.851550 -1.494624
v 17.354904 7.457500 -1.494624
v 17.354904 4.851550 -2.394260
v 17.354904 7.457500 -2.394260
vt 0.625000 0.000000
vt 0.375000 0.250000
vt 0.375000 0.000000
vt 0.625000 0.250000
vt 0.375000 0.500000
vt 0.625000 0.500000
vt 0.375000 0.750000
vt 0.625000 0.750000
vt 0.375000 1.000000
vt 0.125000 0.750000
vt 0.125000 0.500000
vt 0.875000 0.500000
vt 0.625000 1.000000
vt 0.875000 0.750000
vn -1.0000 0.0000 0.0000
vn 0.0000 0.0000 -1.0000
vn 1.0000 0.0000 0.0000
vn 0.0000 0.0000 1.0000
vn 0.0000 -1.0000 0.0000
vn 0.0000 1.0000 0.0000
s off
f 4949/11353/2998 4950/11354/2998 4948/11355/2998
f 4951/11356/2999 4954/11357/2999 4950/11354/2999
f 4955/11358/3000 4952/11359/3000 4954/11357/3000
f 4953/11360/3001 4948/11361/3001 4952/11359/3001
f 4954/11357/3002 4948/11362/3002 4950/11363/3002
f 4951/11364/3003 4953/11360/3003 4955/11358/3003
f 4949/11353/2998 4951/11356/2998 4950/11354/2998
f 4951/11356/2999 4955/11358/2999 4954/11357/2999
f 4955/11358/3000 4953/11360/3000 4952/11359/3000
f 4953/11360/3001 4949/11365/3001 4948/11361/3001
f 4954/11357/3002 4952/11359/3002 4948/11362/3002
f 4951/11364/3003 4949/11366/3003 4953/11360/3003
o Cube.008_Cube.003
v 16.933617 8.313400 8.762961
v 16.933617 10.919352 8.762961
v 16.933617 8.313400 7.863325
v 16.933617 10.919352 7.863325
v 17.487114 8.313400 8.762961
v 17.487114 10.919352 8.762961
v 17.487114 8.313400 7.863325
v 17.487114 10.919352 7.863325
vt 0.625000 0.000000
vt 0.375000 0.250000
vt 0.375000 0.000000
vt 0.625000 0.250000
vt 0.375000 0.500000
vt 0.625000 0.500000
vt 0.375000 0.750000
vt 0.625000 0.750000
vt 0.375000 1.000000
vt 0.125000 0.750000
vt 0.125000 0.500000
vt 0.875000 0.500000
vt 0.625000 1.000000
vt 0.875000 0.750000
vn -1.0000 0.0000 0.0000
vn 0.0000 0.0000 -1.0000
vn 1.0000 0.0000 0.0000
vn 0.0000 0.0000 1.0000
vn 0.0000 -1.0000 0.0000
vn 0.0000 1.0000 0.0000
s off
f 4957/11367/3004 4958/11368/3004 4956/11369/3004
f 4959/11370/3005 4962/11371/3005 4958/11368/3005
f 4963/11372/3006 4960/11373/3006 4962/11371/3006
f 4961/11374/3007 4956/11375/3007 4960/11373/3007
f 4962/11371/3008 4956/11376/3008 4958/11377/3008
f 4959/11378/3009 4961/11374/3009 4963/11372/3009
f 4957/11367/3004 4959/11370/3004 4958/11368/3004
f 4959/11370/3005 4963/11372/3005 4962/11371/3005
f 4963/11372/3006 4961/11374/3006 4960/11373/3006
f 4961/11374/3007 4957/11379/3007 4956/11375/3007
f 4962/11371/3008 4960/11373/3008 4956/11376/3008
f 4959/11378/3009 4957/11380/3009 4961/11374/3009
o Cylinder.004
v -13.471804 0.576043 15.786124
v -13.471804 6.448308 15.786124
v -13.472445 0.576043 15.799163
v -13.472445 6.448308 15.799163
v -13.474360 0.576043 15.812076
v -13.474360 6.448308 15.812076
v -13.477531 0.576043 15.824739
v -13.477531 6.448308 15.824739
v -13.481930 0.576043 15.837030
v -13.481930 6.448308 15.837030
v -13.487511 0.576043 15.848831
v -13.487511 6.448308 15.848831
v -13.494223 0.576043 15.860028
v -13.494223 6.448308 15.860028
v -13.501999 0.576043 15.870514
v -13.501999 6.448308 15.870514
v -13.510765 0.576043 15.880187
v -13.510765 6.448308 15.880187
v -13.520438 0.576043 15.888953
v -13.520438 6.448308 15.888953
v -13.530924 0.576043 15.896729
v -13.530924 6.448308 15.896729
v -13.542121 0.576043 15.903441
v -13.542121 6.448308 15.903441
v -13.553922 0.576043 15.909022
v -13.553922 6.448308 15.909022
v -13.566213 0.576043 15.913421
v -13.566213 6.448308 15.913421
v -13.578876 0.576043 15.916593
v -13.578876 6.448308 15.916593
v -13.591789 0.576043 15.918508
v -13.591789 6.448308 15.918508
v -13.604828 0.576043 15.919148
v -13.604828 6.448308 15.919148
v -13.617867 0.576043 15.918508
v -13.617867 6.448308 15.918508
v -13.630779 0.576043 15.916593
v -13.630779 6.448308 15.916593
v -13.643443 0.576043 15.913421
v -13.643443 6.448308 15.913421
v -13.655734 0.576043 15.909022
v -13.655734 6.448308 15.909022
v -13.667535 0.576043 15.903441
v -13.667535 6.448308 15.903441
v -13.678732 0.576043 15.896729
v -13.678732 6.448308 15.896729
v -13.689218 0.576043 15.888953
v -13.689218 6.448308 15.888953
v -13.698891 0.576043 15.880187
v -13.698891 6.448308 15.880187
v -13.707657 0.576043 15.870514
v -13.707657 6.448308 15.870514
v -13.715433 0.576043 15.860028
v -13.715433 6.448308 15.860028
v -13.722145 0.576043 15.848831
v -13.722145 6.448308 15.848831
v -13.727726 0.576043 15.837030
v -13.727726 6.448308 15.837030
v -13.732124 0.576043 15.824739
v -13.732124 6.448308 15.824739
v -13.735296 0.576043 15.812076
v -13.735296 6.448308 15.812076
v -13.737211 0.576043 15.799163
v -13.737211 6.448308 15.799163
v -13.737852 0.576043 15.786124
v -13.737852 6.448308 15.786124
v -13.737211 0.576043 15.773086
v -13.737211 6.448308 15.773086
v -13.735296 0.576043 15.760173
v -13.735296 6.448308 15.760173
v -13.732124 0.576043 15.747509
v -13.732124 6.448308 15.747509
v -13.727726 0.576043 15.735218
v -13.727726 6.448308 15.735218
v -13.722145 0.576043 15.723417
v -13.722145 6.448308 15.723417
v -13.715433 0.576043 15.712220
v -13.715433 6.448308 15.712220
v -13.707657 0.576043 15.701735
v -13.707657 6.448308 15.701735
v -13.698891 0.576043 15.692061
v -13.698891 6.448308 15.692061
v -13.689218 0.576043 15.683295
v -13.689218 6.448308 15.683295
v -13.678732 0.576043 15.675519
v -13.678732 6.448308 15.675519
v -13.667535 0.576043 15.668807
v -13.667535 6.448308 15.668807
v -13.655734 0.576043 15.663226
v -13.655734 6.448308 15.663226
v -13.643443 0.576043 15.658828
v -13.643443 6.448308 15.658828
v -13.630779 0.576043 15.655656
v -13.630779 6.448308 15.655656
v -13.617867 0.576043 15.653741
v -13.617867 6.448308 15.653741
v -13.604828 0.576043 15.653100
v -13.604828 6.448308 15.653100
v -13.591789 0.576043 15.653741
v -13.591789 6.448308 15.653741
v -13.578876 0.576043 15.655656
v -13.578876 6.448308 15.655656
v -13.566213 0.576043 15.658828
v -13.566213 6.448308 15.658828
v -13.553922 0.576043 15.663226
v -13.553922 6.448308 15.663226
v -13.542121 0.576043 15.668807
v -13.542121 6.448308 15.668807
v -13.530924 0.576043 15.675519
v -13.530924 6.448308 15.675519
v -13.520438 0.576043 15.683295
v -13.520438 6.448308 15.683295
v -13.510765 0.576043 15.692061
v -13.510765 6.448308 15.692061
v -13.501999 0.576043 15.701735
v -13.501999 6.448308 15.701735
v -13.494223 0.576043 15.712220
v -13.494223 6.448308 15.712220
v -13.487511 0.576043 15.723417
v -13.487511 6.448308 15.723417
v -13.481930 0.576043 15.735218
v -13.481930 6.448308 15.735218
v -13.477531 0.576043 15.747509
v -13.477531 6.448308 15.747509
v -13.474360 0.576043 15.760173
v -13.474360 6.448308 15.760173
v -13.472445 0.576043 15.773086
v -13.472445 6.448308 15.773086
vt 1.000000 1.000000
vt 0.984375 0.500000
vt 1.000000 0.500000
vt 0.984375 1.000000
vt 0.968750 0.500000
vt 0.968750 1.000000
vt 0.953125 0.500000
vt 0.953125 1.000000
vt 0.937500 0.500000
vt 0.937500 1.000000
vt 0.921875 0.500000
vt 0.921875 1.000000
vt 0.906250 0.500000
vt 0.906250 1.000000
vt 0.890625 0.500000
vt 0.890625 1.000000
vt 0.875000 0.500000
vt 0.875000 1.000000
vt 0.859375 0.500000
vt 0.859375 1.000000
vt 0.843750 0.500000
vt 0.843750 1.000000
vt 0.828125 0.500000
vt 0.828125 1.000000
vt 0.812500 0.500000
vt 0.812500 1.000000
vt 0.796875 0.500000
vt 0.796875 1.000000
vt 0.781250 0.500000
vt 0.781250 1.000000
vt 0.765625 0.500000
vt 0.765625 1.000000
vt 0.750000 0.500000
vt 0.750000 1.000000
vt 0.734375 0.500000
vt 0.734375 1.000000
vt 0.718750 0.500000
vt 0.718750 1.000000
vt 0.703125 0.500000
vt 0.703125 1.000000
vt 0.687500 0.500000
vt 0.687500 1.000000
vt 0.671875 0.500000
vt 0.671875 1.000000
vt 0.656250 0.500000
vt 0.656250 1.000000
vt 0.640625 0.500000
vt 0.640625 1.000000
vt 0.625000 0.500000
vt 0.625000 1.000000
vt 0.609375 0.500000
vt 0.609375 1.000000
vt 0.593750 0.500000
vt 0.593750 1.000000
vt 0.578125 0.500000
vt 0.578125 1.000000
vt 0.562500 0.500000
vt 0.562500 1.000000
vt 0.546875 0.500000
vt 0.546875 1.000000
vt 0.531250 0.500000
vt 0.531250 1.000000
vt 0.515625 0.500000
vt 0.515625 1.000000
vt 0.500000 0.500000
vt 0.500000 1.000000
vt 0.484375 0.500000
vt 0.484375 1.000000
vt 0.468750 0.500000
vt 0.468750 1.000000
vt 0.453125 0.500000
vt 0.453125 1.000000
vt 0.437500 0.500000
vt 0.437500 1.000000
vt 0.421875 0.500000
vt 0.421875 1.000000
vt 0.406250 0.500000
vt 0.406250 1.000000
vt 0.390625 0.500000
vt 0.390625 1.000000
vt 0.375000 0.500000
vt 0.375000 1.000000
vt 0.359375 0.500000
vt 0.359375 1.000000
vt 0.343750 0.500000
vt 0.343750 1.000000
vt 0.328125 0.500000
vt 0.328125 1.000000
vt 0.312500 0.500000
vt 0.312500 1.000000
vt 0.296875 0.500000
vt 0.296875 1.000000
vt 0.281250 0.500000
vt 0.281250 1.000000
vt 0.265625 0.500000
vt 0.265625 1.000000
vt 0.250000 0.500000
vt 0.250000 1.000000
vt 0.234375 0.500000
vt 0.234375 1.000000
vt 0.218750 0.500000
vt 0.218750 1.000000
vt 0.203125 0.500000
vt 0.203125 1.000000
vt 0.187500 0.500000
vt 0.187500 1.000000
vt 0.171875 0.500000
vt 0.171875 1.000000
vt 0.156250 0.500000
vt 0.156250 1.000000
vt 0.140625 0.500000
vt 0.140625 1.000000
vt 0.125000 0.500000
vt 0.125000 1.000000
vt 0.109375 0.500000
vt 0.109375 1.000000
vt 0.093750 0.500000
vt 0.093750 1.000000
vt 0.078125 0.500000
vt 0.078125 1.000000
vt 0.062500 0.500000
vt 0.062500 1.000000
vt 0.046875 0.500000
vt 0.046875 1.000000
vt 0.031250 0.500000
vt 0.031250 1.000000
vt 0.015625 0.500000
vt 0.015625 1.000000
vt 0.000000 0.500000
vt 0.773524 0.011156
vt 0.511156 0.226476
vt 0.726476 0.488844
vt 0.000000 1.000000
vt 0.750000 0.490000
vt 0.773524 0.488844
vt 0.796822 0.485388
vt 0.819668 0.479666
vt 0.841844 0.471731
vt 0.863135 0.461661
vt 0.883337 0.449553
vt 0.902254 0.435522
vt 0.919706 0.419706
vt 0.961661 0.363135
vt 0.935522 0.402254
vt 0.949553 0.383337
vt 0.971731 0.341844
vt 0.979666 0.319668
vt 0.985388 0.296822
vt 0.988844 0.273524
vt 0.990000 0.250000
vt 0.988844 0.226476
vt 0.985388 0.203178
vt 0.979666 0.180332
vt 0.971731 0.158156
vt 0.961661 0.136865
vt 0.949553 0.116663
vt 0.935522 0.097746
vt 0.919706 0.080294
vt 0.863135 0.038339
vt 0.902254 0.064478
vt 0.883337 0.050447
vt 0.841844 0.028269
vt 0.819668 0.020334
vt 0.796822 0.014612
vt 0.750000 0.010000
vt 0.726476 0.011156
vt 0.703178 0.014612
vt 0.680332 0.020334
vt 0.658156 0.028269
vt 0.636865 0.038339
vt 0.616663 0.050447
vt 0.597746 0.064478
vt 0.580294 0.080294
vt 0.538339 0.136865
vt 0.564478 0.097746
vt 0.550447 0.116663
vt 0.528269 0.158156
vt 0.520334 0.180332
vt 0.514612 0.203178
vt 0.510000 0.250000
vt 0.511156 0.273524
vt 0.514612 0.296822
vt 0.520334 0.319668
vt 0.528269 0.341844
vt 0.538339 0.363135
vt 0.550447 0.383337
vt 0.564478 0.402254
vt 0.580294 0.419706
vt 0.636865 0.461661
vt 0.597746 0.435522
vt 0.616663 0.449553
vt 0.658156 0.471731
vt 0.680332 0.479666
vt 0.703178 0.485388
vn 0.9988 0.0000 0.0491
vn 0.9892 0.0000 0.1467
vn 0.9700 0.0000 0.2430
vn 0.9415 0.0000 0.3369
vn 0.9040 0.0000 0.4276
vn 0.8577 0.0000 0.5142
vn 0.8032 0.0000 0.5957
vn 0.7410 0.0000 0.6715
vn 0.6716 0.0000 0.7410
vn 0.5957 0.0000 0.8032
vn 0.5141 0.0000 0.8577
vn 0.4276 0.0000 0.9040
vn 0.3370 0.0000 0.9415
vn 0.2428 0.0000 0.9701
vn 0.1467 0.0000 0.9892
vn 0.0492 0.0000 0.9988
vn -0.0490 0.0000 0.9988
vn -0.1467 0.0000 0.9892
vn -0.2430 0.0000 0.9700
vn -0.3370 0.0000 0.9415
vn -0.4274 0.0000 0.9041
vn -0.5141 0.0000 0.8577
vn -0.5957 0.0000 0.8032
vn -0.6714 0.0000 0.7411
vn -0.7409 0.0000 0.6716
vn -0.8033 0.0000 0.5956
vn -0.8577 0.0000 0.5142
vn -0.9040 0.0000 0.4275
vn -0.9415 0.0000 0.3369
vn -0.9700 0.0000 0.2429
vn -0.9892 0.0000 0.1467
vn -0.9988 0.0000 0.0491
vn -0.9988 0.0000 -0.0491
vn -0.9892 0.0000 -0.1467
vn -0.9700 0.0000 -0.2429
vn -0.9415 0.0000 -0.3369
vn -0.9040 0.0000 -0.4276
vn -0.8577 0.0000 -0.5142
vn -0.8032 0.0000 -0.5957
vn -0.7410 0.0000 -0.6715
vn -0.6716 0.0000 -0.7410
vn -0.5957 0.0000 -0.8032
vn -0.5141 0.0000 -0.8577
vn -0.4276 0.0000 -0.9040
vn -0.3370 0.0000 -0.9415
vn -0.2428 0.0000 -0.9701
vn -0.1467 0.0000 -0.9892
vn -0.0492 0.0000 -0.9988
vn 0.0490 0.0000 -0.9988
vn 0.1467 0.0000 -0.9892
vn 0.2430 0.0000 -0.9700
vn 0.3370 0.0000 -0.9415
vn 0.4274 0.0000 -0.9041
vn 0.5141 0.0000 -0.8577
vn 0.5957 0.0000 -0.8032
vn 0.6714 0.0000 -0.7411
vn 0.7409 0.0000 -0.6716
vn 0.8033 0.0000 -0.5956
vn 0.8577 0.0000 -0.5142
vn 0.9040 0.0000 -0.4275
vn 0.9415 0.0000 -0.3369
vn 0.9700 0.0000 -0.2429
vn 0.9892 0.0000 -0.1467
vn 0.9988 0.0000 -0.0491
vn 0.0000 -1.0000 0.0000
vn 0.0000 1.0000 0.0000
vn 0.9700 0.0000 0.2429
vn 0.9040 0.0000 0.4275
vn 0.8033 0.0000 0.5956
vn 0.7409 0.0000 0.6716
vn 0.6714 0.0000 0.7411
vn 0.4274 0.0000 0.9041
vn 0.2430 0.0000 0.9700
vn 0.0490 0.0000 0.9988
vn -0.0492 0.0000 0.9988
vn -0.2428 0.0000 0.9701
vn -0.4276 0.0000 0.9040
vn -0.6716 0.0000 0.7410
vn -0.7410 0.0000 0.6715
vn -0.8032 0.0000 0.5957
vn -0.9040 0.0000 0.4276
vn -0.9700 0.0000 0.2430
vn -0.9040 0.0000 -0.4275
vn -0.8033 0.0000 -0.5956
vn -0.7409 0.0000 -0.6716
vn -0.6714 0.0000 -0.7411
vn -0.4274 0.0000 -0.9041
vn -0.2430 0.0000 -0.9700
vn -0.0490 0.0000 -0.9988
vn 0.0492 0.0000 -0.9988
vn 0.2428 0.0000 -0.9701
vn 0.4276 0.0000 -0.9040
vn 0.6716 0.0000 -0.7410
vn 0.7410 0.0000 -0.6715
vn 0.8032 0.0000 -0.5957
vn 0.9040 0.0000 -0.4276
vn 0.0000 -1.0000 -0.0001
vn 0.0000 -1.0000 0.0001
vn 0.0000 1.0000 -0.0001
vn 0.0000 1.0000 0.0001
vn 0.0000 1.0000 0.0003
vn 0.0000 1.0000 0.0009
vn 0.0000 1.0000 -0.0003
vn 0.0000 1.0000 -0.0009
vn 0.0000 1.0000 -0.0002
vn 0.0000 1.0000 0.0002
s off
f 4965/11381/3010 4966/11382/3010 4964/11383/3010
f 4967/11384/3011 4968/11385/3011 4966/11382/3011
f 4969/11386/3012 4970/11387/3012 4968/11385/3012
f 4971/11388/3013 4972/11389/3013 4970/11387/3013
f 4973/11390/3014 4974/11391/3014 4972/11389/3014
f 4975/11392/3015 4976/11393/3015 4974/11391/3015
f 4977/11394/3016 4978/11395/3016 4976/11393/3016
f 4979/11396/3017 4980/11397/3017 4978/11395/3017
f 4981/11398/3018 4982/11399/3018 4980/11397/3018
f 4983/11400/3019 4984/11401/3019 4982/11399/3019
f 4985/11402/3020 4986/11403/3020 4984/11401/3020
f 4987/11404/3021 4988/11405/3021 4986/11403/3021
f 4989/11406/3022 4990/11407/3022 4988/11405/3022
f 4991/11408/3023 4992/11409/3023 4990/11407/3023
f 4993/11410/3024 4994/11411/3024 4992/11409/3024
f 4995/11412/3025 4996/11413/3025 4994/11411/3025
f 4997/11414/3026 4998/11415/3026 4996/11413/3026
f 4999/11416/3027 5000/11417/3027 4998/11415/3027
f 5001/11418/3028 5002/11419/3028 5000/11417/3028
f 5003/11420/3029 5004/11421/3029 5002/11419/3029
f 5005/11422/3030 5006/11423/3030 5004/11421/3030
f 5007/11424/3031 5008/11425/3031 5006/11423/3031
f 5009/11426/3032 5010/11427/3032 5008/11425/3032
f 5011/11428/3033 5012/11429/3033 5010/11427/3033
f 5013/11430/3034 5014/11431/3034 5012/11429/3034
f 5015/11432/3035 5016/11433/3035 5014/11431/3035
f 5017/11434/3036 5018/11435/3036 5016/11433/3036
f 5019/11436/3037 5020/11437/3037 5018/11435/3037
f 5021/11438/3038 5022/11439/3038 5020/11437/3038
f 5023/11440/3039 5024/11441/3039 5022/11439/3039
f 5025/11442/3040 5026/11443/3040 5024/11441/3040
f 5027/11444/3041 5028/11445/3041 5026/11443/3041
f 5029/11446/3042 5030/11447/3042 5028/11445/3042
f 5031/11448/3043 5032/11449/3043 5030/11447/3043
f 5033/11450/3044 5034/11451/3044 5032/11449/3044
f 5035/11452/3045 5036/11453/3045 5034/11451/3045
f 5037/11454/3046 5038/11455/3046 5036/11453/3046
f 5039/11456/3047 5040/11457/3047 5038/11455/3047
f 5041/11458/3048 5042/11459/3048 5040/11457/3048
f 5043/11460/3049 5044/11461/3049 5042/11459/3049
f 5045/11462/3050 5046/11463/3050 5044/11461/3050
f 5047/11464/3051 5048/11465/3051 5046/11463/3051
f 5049/11466/3052 5050/11467/3052 5048/11465/3052
f 5051/11468/3053 5052/11469/3053 5050/11467/3053
f 5053/11470/3054 5054/11471/3054 5052/11469/3054
f 5055/11472/3055 5056/11473/3055 5054/11471/3055
f 5057/11474/3056 5058/11475/3056 5056/11473/3056
f 5059/11476/3057 5060/11477/3057 5058/11475/3057
f 5061/11478/3058 5062/11479/3058 5060/11477/3058
f 5063/11480/3059 5064/11481/3059 5062/11479/3059
f 5065/11482/3060 5066/11483/3060 5064/11481/3060
f 5067/11484/3061 5068/11485/3061 5066/11483/3061
f 5069/11486/3062 5070/11487/3062 5068/11485/3062
f 5071/11488/3063 5072/11489/3063 5070/11487/3063
f 5073/11490/3064 5074/11491/3064 5072/11489/3064
f 5075/11492/3065 5076/11493/3065 5074/11491/3065
f 5077/11494/3066 5078/11495/3066 5076/11493/3066
f 5079/11496/3067 5080/11497/3067 5078/11495/3067
f 5081/11498/3068 5082/11499/3068 5080/11497/3068
f 5083/11500/3069 5084/11501/3069 5082/11499/3069
f 5085/11502/3070 5086/11503/3070 5084/11501/3070
f 5087/11504/3071 5088/11505/3071 5086/11503/3071
f 5089/11506/3072 5090/11507/3072 5088/11505/3072
f 5091/11508/3073 4964/11509/3073 5090/11507/3073
f 5026/11510/3074 5058/11511/3074 5090/11512/3074
f 5033/11450/3075 5001/11418/3075 4969/11386/3075
f 4965/11381/3010 4967/11384/3010 4966/11382/3010
f 4967/11384/3011 4969/11386/3011 4968/11385/3011
f 4969/11386/3076 4971/11388/3076 4970/11387/3076
f 4971/11388/3013 4973/11390/3013 4972/11389/3013
f 4973/11390/3077 4975/11392/3077 4974/11391/3077
f 4975/11392/3015 4977/11394/3015 4976/11393/3015
f 4977/11394/3078 4979/11396/3078 4978/11395/3078
f 4979/11396/3079 4981/11398/3079 4980/11397/3079
f 4981/11398/3080 4983/11400/3080 4982/11399/3080
f 4983/11400/3019 4985/11402/3019 4984/11401/3019
f 4985/11402/3020 4987/11404/3020 4986/11403/3020
f 4987/11404/3081 4989/11406/3081 4988/11405/3081
f 4989/11406/3022 4991/11408/3022 4990/11407/3022
f 4991/11408/3082 4993/11410/3082 4992/11409/3082
f 4993/11410/3024 4995/11412/3024 4994/11411/3024
f 4995/11412/3083 4997/11414/3083 4996/11413/3083
f 4997/11414/3084 4999/11416/3084 4998/11415/3084
f 4999/11416/3027 5001/11418/3027 5000/11417/3027
f 5001/11418/3085 5003/11420/3085 5002/11419/3085
f 5003/11420/3029 5005/11422/3029 5004/11421/3029
f 5005/11422/3086 5007/11424/3086 5006/11423/3086
f 5007/11424/3031 5009/11426/3031 5008/11425/3031
f 5009/11426/3032 5011/11428/3032 5010/11427/3032
f 5011/11428/3087 5013/11430/3087 5012/11429/3087
f 5013/11430/3088 5015/11432/3088 5014/11431/3088
f 5015/11432/3089 5017/11434/3089 5016/11433/3089
f 5017/11434/3036 5019/11436/3036 5018/11435/3036
f 5019/11436/3090 5021/11438/3090 5020/11437/3090
f 5021/11438/3038 5023/11440/3038 5022/11439/3038
f 5023/11440/3091 5025/11442/3091 5024/11441/3091
f 5025/11442/3040 5027/11444/3040 5026/11443/3040
f 5027/11444/3041 5029/11446/3041 5028/11445/3041
f 5029/11446/3042 5031/11448/3042 5030/11447/3042
f 5031/11448/3043 5033/11450/3043 5032/11449/3043
f 5033/11450/3044 5035/11452/3044 5034/11451/3044
f 5035/11452/3045 5037/11454/3045 5036/11453/3045
f 5037/11454/3092 5039/11456/3092 5038/11455/3092
f 5039/11456/3047 5041/11458/3047 5040/11457/3047
f 5041/11458/3093 5043/11460/3093 5042/11459/3093
f 5043/11460/3094 5045/11462/3094 5044/11461/3094
f 5045/11462/3095 5047/11464/3095 5046/11463/3095
f 5047/11464/3051 5049/11466/3051 5048/11465/3051
f 5049/11466/3052 5051/11468/3052 5050/11467/3052
f 5051/11468/3096 5053/11470/3096 5052/11469/3096
f 5053/11470/3054 5055/11472/3054 5054/11471/3054
f 5055/11472/3097 5057/11474/3097 5056/11473/3097
f 5057/11474/3056 5059/11476/3056 5058/11475/3056
f 5059/11476/3098 5061/11478/3098 5060/11477/3098
f 5061/11478/3099 5063/11480/3099 5062/11479/3099
f 5063/11480/3059 5065/11482/3059 5064/11481/3059
f 5065/11482/3100 5067/11484/3100 5066/11483/3100
f 5067/11484/3061 5069/11486/3061 5068/11485/3061
f 5069/11486/3101 5071/11488/3101 5070/11487/3101
f 5071/11488/3063 5073/11490/3063 5072/11489/3063
f 5073/11490/3064 5075/11492/3064 5074/11491/3064
f 5075/11492/3102 5077/11494/3102 5076/11493/3102
f 5077/11494/3103 5079/11496/3103 5078/11495/3103
f 5079/11496/3104 5081/11498/3104 5080/11497/3104
f 5081/11498/3068 5083/11500/3068 5082/11499/3068
f 5083/11500/3105 5085/11502/3105 5084/11501/3105
f 5085/11502/3070 5087/11504/3070 5086/11503/3070
f 5087/11504/3071 5089/11506/3071 5088/11505/3071
f 5089/11506/3072 5091/11508/3072 5090/11507/3072
f 5091/11508/3073 4965/11513/3073 4964/11509/3073
f 5090/11512/3074 4964/11514/3074 4966/11515/3074
f 4966/11515/3074 4968/11516/3074 5090/11512/3074
f 4968/11516/3074 4970/11517/3074 5090/11512/3074
f 4970/11517/3074 4972/11518/3074 4974/11519/3074
f 4974/11519/3106 4976/11520/3106 4978/11521/3106
f 4978/11521/3074 4980/11522/3074 4986/11523/3074
f 4980/11522/3074 4982/11524/3074 4986/11523/3074
f 4982/11524/3074 4984/11525/3074 4986/11523/3074
f 4986/11523/3074 4988/11526/3074 4990/11527/3074
f 4990/11527/3074 4992/11528/3074 4986/11523/3074
f 4992/11528/3074 4994/11529/3074 4986/11523/3074
f 4994/11529/3074 4996/11530/3074 4998/11531/3074
f 4998/11531/3074 5000/11532/3074 4994/11529/3074
f 5000/11532/3074 5002/11533/3074 4994/11529/3074
f 5002/11533/3074 5004/11534/3074 5006/11535/3074
f 5006/11535/3074 5008/11536/3074 5010/11537/3074
f 5010/11537/3074 5012/11538/3074 5018/11539/3074
f 5012/11538/3074 5014/11540/3074 5018/11539/3074
f 5014/11540/3074 5016/11541/3074 5018/11539/3074
f 5018/11539/3074 5020/11542/3074 5022/11543/3074
f 5022/11543/3074 5024/11544/3074 5018/11539/3074
f 5024/11544/3074 5026/11510/3074 5018/11539/3074
f 5026/11510/3074 5028/11545/3074 5030/11546/3074
f 5030/11546/3074 5032/11547/3074 5026/11510/3074
f 5032/11547/3074 5034/11548/3074 5026/11510/3074
f 5034/11548/3074 5036/11549/3074 5038/11550/3074
f 5038/11550/3107 5040/11551/3107 5042/11552/3107
f 5042/11552/3074 5044/11553/3074 5050/11554/3074
f 5044/11553/3074 5046/11555/3074 5050/11554/3074
f 5046/11555/3074 5048/11556/3074 5050/11554/3074
f 5050/11554/3074 5052/11557/3074 5054/11558/3074
f 5054/11558/3074 5056/11559/3074 5050/11554/3074
f 5056/11559/3074 5058/11511/3074 5050/11554/3074
f 5058/11511/3074 5060/11560/3074 5062/11561/3074
f 5062/11561/3074 5064/11562/3074 5058/11511/3074
f 5064/11562/3074 5066/11563/3074 5058/11511/3074
f 5066/11563/3074 5068/11564/3074 5070/11565/3074
f 5070/11565/3074 5072/11566/3074 5074/11567/3074
f 5074/11567/3074 5076/11568/3074 5082/11569/3074
f 5076/11568/3074 5078/11570/3074 5082/11569/3074
f 5078/11570/3074 5080/11571/3074 5082/11569/3074
f 5082/11569/3074 5084/11572/3074 5086/11573/3074
f 5086/11573/3074 5088/11574/3074 5082/11569/3074
f 5088/11574/3074 5090/11512/3074 5082/11569/3074
f 4970/11517/3074 4974/11519/3074 5090/11512/3074
f 4974/11519/3074 4978/11521/3074 5090/11512/3074
f 5002/11533/3074 5006/11535/3074 4994/11529/3074
f 5006/11535/3074 5010/11537/3074 4994/11529/3074
f 5034/11548/3074 5038/11550/3074 5026/11510/3074
f 5038/11550/3074 5042/11552/3074 5026/11510/3074
f 5066/11563/3074 5070/11565/3074 5058/11511/3074
f 5070/11565/3074 5074/11567/3074 5058/11511/3074
f 4978/11521/3074 4986/11523/3074 5090/11512/3074
f 4986/11523/3074 4994/11529/3074 5090/11512/3074
f 5010/11537/3074 5018/11539/3074 4994/11529/3074
f 5018/11539/3074 5026/11510/3074 4994/11529/3074
f 5042/11552/3074 5050/11554/3074 5026/11510/3074
f 5050/11554/3074 5058/11511/3074 5026/11510/3074
f 5074/11567/3074 5082/11569/3074 5058/11511/3074
f 5082/11569/3074 5090/11512/3074 5058/11511/3074
f 5090/11512/3074 4994/11529/3074 5026/11510/3074
f 4969/11386/3108 4967/11384/3108 4965/11513/3108
f 4965/11513/3109 5091/11508/3109 5089/11506/3109
f 5089/11506/3075 5087/11504/3075 5085/11502/3075
f 5085/11502/3110 5083/11500/3110 5089/11506/3110
f 5083/11500/3075 5081/11498/3075 5089/11506/3075
f 5081/11498/3075 5079/11496/3075 5077/11494/3075
f 5077/11494/3111 5075/11492/3111 5073/11490/3111
f 5073/11490/3110 5071/11488/3110 5065/11482/3110
f 5071/11488/3075 5069/11486/3075 5065/11482/3075
f 5069/11486/3075 5067/11484/3075 5065/11482/3075
f 5065/11482/3075 5063/11480/3075 5061/11478/3075
f 5061/11478/3075 5059/11476/3075 5057/11474/3075
f 5057/11474/3075 5055/11472/3075 5053/11470/3075
f 5053/11470/3075 5051/11468/3075 5057/11474/3075
f 5051/11468/3075 5049/11466/3075 5057/11474/3075
f 5049/11466/3111 5047/11464/3111 5045/11462/3111
f 5045/11462/3075 5043/11460/3075 5041/11458/3075
f 5041/11458/3108 5039/11456/3108 5033/11450/3108
f 5039/11456/3109 5037/11454/3109 5033/11450/3109
f 5037/11454/3075 5035/11452/3075 5033/11450/3075
f 5033/11450/3109 5031/11448/3109 5029/11446/3109
f 5029/11446/3108 5027/11444/3108 5025/11442/3108
f 5025/11442/3075 5023/11440/3075 5021/11438/3075
f 5021/11438/3112 5019/11436/3112 5025/11442/3112
f 5019/11436/3075 5017/11434/3075 5025/11442/3075
f 5017/11434/3075 5015/11432/3075 5013/11430/3075
f 5013/11430/3113 5011/11428/3113 5009/11426/3113
f 5009/11426/3112 5007/11424/3112 5001/11418/3112
f 5007/11424/3075 5005/11422/3075 5001/11418/3075
f 5005/11422/3075 5003/11420/3075 5001/11418/3075
f 5001/11418/3075 4999/11416/3075 4997/11414/3075
f 4997/11414/3075 4995/11412/3075 4993/11410/3075
f 4993/11410/3075 4991/11408/3075 4989/11406/3075
f 4989/11406/3075 4987/11404/3075 4993/11410/3075
f 4987/11404/3075 4985/11402/3075 4993/11410/3075
f 4985/11402/3113 4983/11400/3113 4981/11398/3113
f 4981/11398/3075 4979/11396/3075 4977/11394/3075
f 4977/11394/3109 4975/11392/3109 4969/11386/3109
f 4975/11392/3108 4973/11390/3108 4969/11386/3108
f 4973/11390/3075 4971/11388/3075 4969/11386/3075
f 4969/11386/3075 4965/11513/3075 5089/11506/3075
f 5081/11498/3114 5077/11494/3114 5073/11490/3114
f 5065/11482/3075 5061/11478/3075 5057/11474/3075
f 5049/11466/3108 5045/11462/3108 5041/11458/3108
f 5033/11450/3075 5029/11446/3075 5025/11442/3075
f 5017/11434/3115 5013/11430/3115 5009/11426/3115
f 5001/11418/3075 4997/11414/3075 4993/11410/3075
f 4985/11402/3109 4981/11398/3109 4977/11394/3109
f 4969/11386/3075 5089/11506/3075 5065/11482/3075
f 5089/11506/3075 5081/11498/3075 5065/11482/3075
f 5081/11498/3075 5073/11490/3075 5065/11482/3075
f 5065/11482/3075 5057/11474/3075 5033/11450/3075
f 5057/11474/3075 5049/11466/3075 5033/11450/3075
f 5049/11466/3075 5041/11458/3075 5033/11450/3075
f 5033/11450/3075 5025/11442/3075 5001/11418/3075
f 5025/11442/3075 5017/11434/3075 5001/11418/3075
f 5017/11434/3075 5009/11426/3075 5001/11418/3075
f 5001/11418/3075 4993/11410/3075 4969/11386/3075
f 4993/11410/3075 4985/11402/3075 4969/11386/3075
f 4985/11402/3075 4977/11394/3075 4969/11386/3075
f 4969/11386/3075 5065/11482/3075 5033/11450/3075
o Cube.009_Cube.004
v -14.079878 3.394602 15.713403
v -14.079878 6.000552 15.713403
v -13.180242 3.394602 15.713404
v -13.180242 6.000552 15.713404
v -14.079879 3.394602 16.266901
v -14.079879 6.000552 16.266901
v -13.180242 3.394602 16.266901
v -13.180242 6.000552 16.266901
vt 0.625000 0.000000
vt 0.375000 0.250000
vt 0.375000 0.000000
vt 0.625000 0.250000
vt 0.375000 0.500000
vt 0.625000 0.500000
vt 0.375000 0.750000
vt 0.625000 0.750000
vt 0.375000 1.000000
vt 0.125000 0.750000
vt 0.125000 0.500000
vt 0.875000 0.500000
vt 0.625000 1.000000
vt 0.875000 0.750000
vn 0.0000 0.0000 -1.0000
vn 1.0000 0.0000 0.0000
vn 0.0000 0.0000 1.0000
vn -1.0000 0.0000 -0.0000
vn 0.0000 -1.0000 0.0000
vn 0.0000 1.0000 0.0000
s off
f 5093/11575/3116 5094/11576/3116 5092/11577/3116
f 5095/11578/3117 5098/11579/3117 5094/11576/3117
f 5099/11580/3118 5096/11581/3118 5098/11579/3118
f 5097/11582/3119 5092/11583/3119 5096/11581/3119
f 5098/11579/3120 5092/11584/3120 5094/11585/3120
f 5095/11586/3121 5097/11582/3121 5099/11580/3121
f 5093/11575/3116 5095/11578/3116 5094/11576/3116
f 5095/11578/3117 5099/11580/3117 5098/11579/3117
f 5099/11580/3118 5097/11582/3118 5096/11581/3118
f 5097/11582/3119 5093/11587/3119 5092/11583/3119
f 5098/11579/3120 5096/11581/3120 5092/11584/3120
f 5095/11586/3121 5093/11588/3121 5097/11582/3121
o Cylinder.005
v -0.165985 0.576043 15.786124
v -0.165985 6.448308 15.786124
v -0.166626 0.576043 15.799163
v -0.166626 6.448308 15.799163
v -0.168541 0.576043 15.812076
v -0.168541 6.448308 15.812076
v -0.171713 0.576043 15.824739
v -0.171713 6.448308 15.824739
v -0.176111 0.576043 15.837030
v -0.176111 6.448308 15.837030
v -0.181692 0.576043 15.848831
v -0.181692 6.448308 15.848831
v -0.188404 0.576043 15.860028
v -0.188404 6.448308 15.860028
v -0.196180 0.576043 15.870514
v -0.196180 6.448308 15.870514
v -0.204947 0.576043 15.880187
v -0.204947 6.448308 15.880187
v -0.214620 0.576043 15.888953
v -0.214620 6.448308 15.888953
v -0.225105 0.576043 15.896729
v -0.225105 6.448308 15.896729
v -0.236302 0.576043 15.903441
v -0.236302 6.448308 15.903441
v -0.248103 0.576043 15.909022
v -0.248103 6.448308 15.909022
v -0.260394 0.576043 15.913421
v -0.260394 6.448308 15.913421
v -0.273058 0.576043 15.916593
v -0.273058 6.448308 15.916593
v -0.285971 0.576043 15.918508
v -0.285971 6.448308 15.918508
v -0.299009 0.576043 15.919148
v -0.299009 6.448308 15.919148
v -0.312048 0.576043 15.918508
v -0.312048 6.448308 15.918508
v -0.324961 0.576043 15.916593
v -0.324961 6.448308 15.916593
v -0.337624 0.576043 15.913421
v -0.337624 6.448308 15.913421
v -0.349916 0.576043 15.909022
v -0.349916 6.448308 15.909022
v -0.361717 0.576043 15.903441
v -0.361717 6.448308 15.903441
v -0.372914 0.576043 15.896729
v -0.372914 6.448308 15.896729
v -0.383399 0.576043 15.888953
v -0.383399 6.448308 15.888953
v -0.393072 0.576043 15.880187
v -0.393072 6.448308 15.880187
v -0.401838 0.576043 15.870514
v -0.401838 6.448308 15.870514
v -0.409615 0.576043 15.860028
v -0.409615 6.448308 15.860028
v -0.416326 0.576043 15.848831
v -0.416326 6.448308 15.848831
v -0.421908 0.576043 15.837030
v -0.421908 6.448308 15.837030
v -0.426306 0.576043 15.824739
v -0.426306 6.448308 15.824739
v -0.429478 0.576043 15.812076
v -0.429478 6.448308 15.812076
v -0.431393 0.576043 15.799163
v -0.431393 6.448308 15.799163
v -0.432034 0.576043 15.786124
v -0.432034 6.448308 15.786124
v -0.431393 0.576043 15.773086
v -0.431393 6.448308 15.773086
v -0.429478 0.576043 15.760173
v -0.429478 6.448308 15.760173
v -0.426306 0.576043 15.747509
v -0.426306 6.448308 15.747509
v -0.421908 0.576043 15.735218
v -0.421908 6.448308 15.735218
v -0.416326 0.576043 15.723417
v -0.416326 6.448308 15.723417
v -0.409615 0.576043 15.712220
v -0.409615 6.448308 15.712220
v -0.401838 0.576043 15.701735
v -0.401838 6.448308 15.701735
v -0.393072 0.576043 15.692061
v -0.393072 6.448308 15.692061
v -0.383399 0.576043 15.683295
v -0.383399 6.448308 15.683295
v -0.372914 0.576043 15.675519
v -0.372914 6.448308 15.675519
v -0.361717 0.576043 15.668807
v -0.361717 6.448308 15.668807
v -0.349915 0.576043 15.663226
v -0.349915 6.448308 15.663226
v -0.337624 0.576043 15.658828
v -0.337624 6.448308 15.658828
v -0.324961 0.576043 15.655656
v -0.324961 6.448308 15.655656
v -0.312048 0.576043 15.653741
v -0.312048 6.448308 15.653741
v -0.299009 0.576043 15.653100
v -0.299009 6.448308 15.653100
v -0.285971 0.576043 15.653741
v -0.285971 6.448308 15.653741
v -0.273058 0.576043 15.655656
v -0.273058 6.448308 15.655656
v -0.260394 0.576043 15.658828
v -0.260394 6.448308 15.658828
v -0.248103 0.576043 15.663226
v -0.248103 6.448308 15.663226
v -0.236302 0.576043 15.668807
v -0.236302 6.448308 15.668807
v -0.225105 0.576043 15.675519
v -0.225105 6.448308 15.675519
v -0.214620 0.576043 15.683295
v -0.214620 6.448308 15.683295
v -0.204947 0.576043 15.692061
v -0.204947 6.448308 15.692061
v -0.196180 0.576043 15.701735
v -0.196180 6.448308 15.701735
v -0.188404 0.576043 15.712220
v -0.188404 6.448308 15.712220
v -0.181692 0.576043 15.723417
v -0.181692 6.448308 15.723417
v -0.176111 0.576043 15.735218
v -0.176111 6.448308 15.735218
v -0.171713 0.576043 15.747509
v -0.171713 6.448308 15.747509
v -0.168541 0.576043 15.760173
v -0.168541 6.448308 15.760173
v -0.166626 0.576043 15.773086
v -0.166626 6.448308 15.773086
vt 1.000000 1.000000
vt 0.984375 0.500000
vt 1.000000 0.500000
vt 0.984375 1.000000
vt 0.968750 0.500000
vt 0.968750 1.000000
vt 0.953125 0.500000
vt 0.953125 1.000000
vt 0.937500 0.500000
vt 0.937500 1.000000
vt 0.921875 0.500000
vt 0.921875 1.000000
vt 0.906250 0.500000
vt 0.906250 1.000000
vt 0.890625 0.500000
vt 0.890625 1.000000
vt 0.875000 0.500000
vt 0.875000 1.000000
vt 0.859375 0.500000
vt 0.859375 1.000000
vt 0.843750 0.500000
vt 0.843750 1.000000
vt 0.828125 0.500000
vt 0.828125 1.000000
vt 0.812500 0.500000
vt 0.812500 1.000000
vt 0.796875 0.500000
vt 0.796875 1.000000
vt 0.781250 0.500000
vt 0.781250 1.000000
vt 0.765625 0.500000
vt 0.765625 1.000000
vt 0.750000 0.500000
vt 0.750000 1.000000
vt 0.734375 0.500000
vt 0.734375 1.000000
vt 0.718750 0.500000
vt 0.718750 1.000000
vt 0.703125 0.500000
vt 0.703125 1.000000
vt 0.687500 0.500000
vt 0.687500 1.000000
vt 0.671875 0.500000
vt 0.671875 1.000000
vt 0.656250 0.500000
vt 0.656250 1.000000
vt 0.640625 0.500000
vt 0.640625 1.000000
vt 0.625000 0.500000
vt 0.625000 1.000000
vt 0.609375 0.500000
vt 0.609375 1.000000
vt 0.593750 0.500000
vt 0.593750 1.000000
vt 0.578125 0.500000
vt 0.578125 1.000000
vt 0.562500 0.500000
vt 0.562500 1.000000
vt 0.546875 0.500000
vt 0.546875 1.000000
vt 0.531250 0.500000
vt 0.531250 1.000000
vt 0.515625 0.500000
vt 0.515625 1.000000
vt 0.500000 0.500000
vt 0.500000 1.000000
vt 0.484375 0.500000
vt 0.484375 1.000000
vt 0.468750 0.500000
vt 0.468750 1.000000
vt 0.453125 0.500000
vt 0.453125 1.000000
vt 0.437500 0.500000
vt 0.437500 1.000000
vt 0.421875 0.500000
vt 0.421875 1.000000
vt 0.406250 0.500000
vt 0.406250 1.000000
vt 0.390625 0.500000
vt 0.390625 1.000000
vt 0.375000 0.500000
vt 0.375000 1.000000
vt 0.359375 0.500000
vt 0.359375 1.000000
vt 0.343750 0.500000
vt 0.343750 1.000000
vt 0.328125 0.500000
vt 0.328125 1.000000
vt 0.312500 0.500000
vt 0.312500 1.000000
vt 0.296875 0.500000
vt 0.296875 1.000000
vt 0.281250 0.500000
vt 0.281250 1.000000
vt 0.265625 0.500000
vt 0.265625 1.000000
vt 0.250000 0.500000
vt 0.250000 1.000000
vt 0.234375 0.500000
vt 0.234375 1.000000
vt 0.218750 0.500000
vt 0.218750 1.000000
vt 0.203125 0.500000
vt 0.203125 1.000000
vt 0.187500 0.500000
vt 0.187500 1.000000
vt 0.171875 0.500000
vt 0.171875 1.000000
vt 0.156250 0.500000
vt 0.156250 1.000000
vt 0.140625 0.500000
vt 0.140625 1.000000
vt 0.125000 0.500000
vt 0.125000 1.000000
vt 0.109375 0.500000
vt 0.109375 1.000000
vt 0.093750 0.500000
vt 0.093750 1.000000
vt 0.078125 0.500000
vt 0.078125 1.000000
vt 0.062500 0.500000
vt 0.062500 1.000000
vt 0.046875 0.500000
vt 0.046875 1.000000
vt 0.031250 0.500000
vt 0.031250 1.000000
vt 0.015625 0.500000
vt 0.015625 1.000000
vt 0.000000 0.500000
vt 0.773524 0.011156
vt 0.511156 0.226476
vt 0.726476 0.488844
vt 0.000000 1.000000
vt 0.750000 0.490000
vt 0.773524 0.488844
vt 0.796822 0.485388
vt 0.819668 0.479666
vt 0.841844 0.471731
vt 0.863135 0.461661
vt 0.883337 0.449553
vt 0.902254 0.435522
vt 0.919706 0.419706
vt 0.961661 0.363135
vt 0.935522 0.402254
vt 0.949553 0.383337
vt 0.971731 0.341844
vt 0.979666 0.319668
vt 0.985388 0.296822
vt 0.988844 0.273524
vt 0.990000 0.250000
vt 0.988844 0.226476
vt 0.985388 0.203178
vt 0.979666 0.180332
vt 0.971731 0.158156
vt 0.961661 0.136865
vt 0.949553 0.116663
vt 0.935522 0.097746
vt 0.919706 0.080294
vt 0.863135 0.038339
vt 0.902254 0.064478
vt 0.883337 0.050447
vt 0.841844 0.028269
vt 0.819668 0.020334
vt 0.796822 0.014612
vt 0.750000 0.010000
vt 0.726476 0.011156
vt 0.703178 0.014612
vt 0.680332 0.020334
vt 0.658156 0.028269
vt 0.636865 0.038339
vt 0.616663 0.050447
vt 0.597746 0.064478
vt 0.580294 0.080294
vt 0.538339 0.136865
vt 0.564478 0.097746
vt 0.550447 0.116663
vt 0.528269 0.158156
vt 0.520334 0.180332
vt 0.514612 0.203178
vt 0.510000 0.250000
vt 0.511156 0.273524
vt 0.514612 0.296822
vt 0.520334 0.319668
vt 0.528269 0.341844
vt 0.538339 0.363135
vt 0.550447 0.383337
vt 0.564478 0.402254
vt 0.580294 0.419706
vt 0.636865 0.461661
vt 0.597746 0.435522
vt 0.616663 0.449553
vt 0.658156 0.471731
vt 0.680332 0.479666
vt 0.703178 0.485388
vn 0.9988 0.0000 0.0491
vn 0.9892 0.0000 0.1467
vn 0.9700 0.0000 0.2430
vn 0.9415 0.0000 0.3369
vn 0.9040 0.0000 0.4276
vn 0.8577 0.0000 0.5141
vn 0.8032 0.0000 0.5957
vn 0.7410 0.0000 0.6715
vn 0.6716 0.0000 0.7409
vn 0.5957 0.0000 0.8032
vn 0.5141 0.0000 0.8577
vn 0.4276 0.0000 0.9040
vn 0.3370 0.0000 0.9415
vn 0.2428 0.0000 0.9701
vn 0.1467 0.0000 0.9892
vn 0.0492 0.0000 0.9988
vn -0.0490 0.0000 0.9988
vn -0.1467 0.0000 0.9892
vn -0.2430 0.0000 0.9700
vn -0.3370 0.0000 0.9415
vn -0.4274 0.0000 0.9041
vn -0.5141 0.0000 0.8577
vn -0.5957 0.0000 0.8032
vn -0.6715 0.0000 0.7410
vn -0.7409 0.0000 0.6716
vn -0.8033 0.0000 0.5956
vn -0.8577 0.0000 0.5141
vn -0.9040 0.0000 0.4275
vn -0.9415 0.0000 0.3369
vn -0.9700 0.0000 0.2429
vn -0.9892 0.0000 0.1467
vn -0.9988 0.0000 0.0491
vn -0.9988 0.0000 -0.0491
vn -0.9892 0.0000 -0.1467
vn -0.9700 0.0000 -0.2430
vn -0.9415 0.0000 -0.3369
vn -0.9040 0.0000 -0.4276
vn -0.8577 0.0000 -0.5141
vn -0.8032 0.0000 -0.5957
vn -0.7410 0.0000 -0.6715
vn -0.6716 0.0000 -0.7409
vn -0.5957 0.0000 -0.8032
vn -0.5141 0.0000 -0.8577
vn -0.4276 0.0000 -0.9040
vn -0.3370 0.0000 -0.9415
vn -0.2428 0.0000 -0.9701
vn -0.1467 0.0000 -0.9892
vn -0.0492 0.0000 -0.9988
vn 0.0490 0.0000 -0.9988
vn 0.1467 0.0000 -0.9892
vn 0.2430 0.0000 -0.9700
vn 0.3370 0.0000 -0.9415
vn 0.4274 0.0000 -0.9041
vn 0.5141 0.0000 -0.8577
vn 0.5957 0.0000 -0.8032
vn 0.6715 0.0000 -0.7410
vn 0.7409 0.0000 -0.6716
vn 0.8033 0.0000 -0.5956
vn 0.8577 0.0000 -0.5141
vn 0.9040 0.0000 -0.4275
vn 0.9415 0.0000 -0.3369
vn 0.9700 0.0000 -0.2429
vn 0.9892 0.0000 -0.1467
vn 0.9988 0.0000 -0.0491
vn 0.0000 -1.0000 0.0000
vn 0.0000 1.0000 0.0000
vn 0.9040 0.0000 0.4275
vn 0.8033 0.0000 0.5956
vn 0.7409 0.0000 0.6716
vn 0.6715 0.0000 0.7410
vn 0.4274 0.0000 0.9041
vn 0.2430 0.0000 0.9700
vn 0.0490 0.0000 0.9988
vn -0.0492 0.0000 0.9988
vn -0.2428 0.0000 0.9701
vn -0.4276 0.0000 0.9040
vn -0.6716 0.0000 0.7409
vn -0.7410 0.0000 0.6715
vn -0.8032 0.0000 0.5957
vn -0.9040 0.0000 0.4276
vn -0.9700 0.0000 0.2430
vn -0.9040 0.0000 -0.4275
vn -0.8033 0.0000 -0.5956
vn -0.7409 0.0000 -0.6716
vn -0.6715 0.0000 -0.7410
vn -0.4274 0.0000 -0.9041
vn -0.2430 0.0000 -0.9700
vn -0.0490 0.0000 -0.9988
vn 0.0492 0.0000 -0.9988
vn 0.2428 0.0000 -0.9701
vn 0.4276 0.0000 -0.9040
vn 0.6716 0.0000 -0.7409
vn 0.7410 0.0000 -0.6715
vn 0.8032 0.0000 -0.5957
vn 0.9040 0.0000 -0.4276
vn 0.0000 -1.0000 0.0001
vn 0.0000 -1.0000 -0.0001
vn 0.0000 1.0000 -0.0001
vn 0.0000 1.0000 0.0002
vn 0.0000 1.0000 0.0003
vn 0.0000 1.0000 -0.0003
vn 0.0000 1.0000 0.0009
vn 0.0000 1.0000 -0.0006
vn 0.0000 1.0000 -0.0009
vn 0.0000 1.0000 0.0006
vn 0.0000 1.0000 0.0004
vn 0.0000 1.0000 0.0001
vn 0.0000 1.0000 -0.0002
vn 0.0000 1.0000 -0.0004
vn 0.0000 1.0000 -0.0013
s off
f 5101/11589/3122 5102/11590/3122 5100/11591/3122
f 5103/11592/3123 5104/11593/3123 5102/11590/3123
f 5105/11594/3124 5106/11595/3124 5104/11593/3124
f 5107/11596/3125 5108/11597/3125 5106/11595/3125
f 5109/11598/3126 5110/11599/3126 5108/11597/3126
f 5111/11600/3127 5112/11601/3127 5110/11599/3127
f 5113/11602/3128 5114/11603/3128 5112/11601/3128
f 5115/11604/3129 5116/11605/3129 5114/11603/3129
f 5117/11606/3130 5118/11607/3130 5116/11605/3130
f 5119/11608/3131 5120/11609/3131 5118/11607/3131
f 5121/11610/3132 5122/11611/3132 5120/11609/3132
f 5123/11612/3133 5124/11613/3133 5122/11611/3133
f 5125/11614/3134 5126/11615/3134 5124/11613/3134
f 5127/11616/3135 5128/11617/3135 5126/11615/3135
f 5129/11618/3136 5130/11619/3136 5128/11617/3136
f 5131/11620/3137 5132/11621/3137 5130/11619/3137
f 5133/11622/3138 5134/11623/3138 5132/11621/3138
f 5135/11624/3139 5136/11625/3139 5134/11623/3139
f 5137/11626/3140 5138/11627/3140 5136/11625/3140
f 5139/11628/3141 5140/11629/3141 5138/11627/3141
f 5141/11630/3142 5142/11631/3142 5140/11629/3142
f 5143/11632/3143 5144/11633/3143 5142/11631/3143
f 5145/11634/3144 5146/11635/3144 5144/11633/3144
f 5147/11636/3145 5148/11637/3145 5146/11635/3145
f 5149/11638/3146 5150/11639/3146 5148/11637/3146
f 5151/11640/3147 5152/11641/3147 5150/11639/3147
f 5153/11642/3148 5154/11643/3148 5152/11641/3148
f 5155/11644/3149 5156/11645/3149 5154/11643/3149
f 5157/11646/3150 5158/11647/3150 5156/11645/3150
f 5159/11648/3151 5160/11649/3151 5158/11647/3151
f 5161/11650/3152 5162/11651/3152 5160/11649/3152
f 5163/11652/3153 5164/11653/3153 5162/11651/3153
f 5165/11654/3154 5166/11655/3154 5164/11653/3154
f 5167/11656/3155 5168/11657/3155 5166/11655/3155
f 5169/11658/3156 5170/11659/3156 5168/11657/3156
f 5171/11660/3157 5172/11661/3157 5170/11659/3157
f 5173/11662/3158 5174/11663/3158 5172/11661/3158
f 5175/11664/3159 5176/11665/3159 5174/11663/3159
f 5177/11666/3160 5178/11667/3160 5176/11665/3160
f 5179/11668/3161 5180/11669/3161 5178/11667/3161
f 5181/11670/3162 5182/11671/3162 5180/11669/3162
f 5183/11672/3163 5184/11673/3163 5182/11671/3163
f 5185/11674/3164 5186/11675/3164 5184/11673/3164
f 5187/11676/3165 5188/11677/3165 5186/11675/3165
f 5189/11678/3166 5190/11679/3166 5188/11677/3166
f 5191/11680/3167 5192/11681/3167 5190/11679/3167
f 5193/11682/3168 5194/11683/3168 5192/11681/3168
f 5195/11684/3169 5196/11685/3169 5194/11683/3169
f 5197/11686/3170 5198/11687/3170 5196/11685/3170
f 5199/11688/3171 5200/11689/3171 5198/11687/3171
f 5201/11690/3172 5202/11691/3172 5200/11689/3172
f 5203/11692/3173 5204/11693/3173 5202/11691/3173
f 5205/11694/3174 5206/11695/3174 5204/11693/3174
f 5207/11696/3175 5208/11697/3175 5206/11695/3175
f 5209/11698/3176 5210/11699/3176 5208/11697/3176
f 5211/11700/3177 5212/11701/3177 5210/11699/3177
f 5213/11702/3178 5214/11703/3178 5212/11701/3178
f 5215/11704/3179 5216/11705/3179 5214/11703/3179
f 5217/11706/3180 5218/11707/3180 5216/11705/3180
f 5219/11708/3181 5220/11709/3181 5218/11707/3181
f 5221/11710/3182 5222/11711/3182 5220/11709/3182
f 5223/11712/3183 5224/11713/3183 5222/11711/3183
f 5225/11714/3184 5226/11715/3184 5224/11713/3184
f 5227/11716/3185 5100/11717/3185 5226/11715/3185
f 5162/11718/3186 5194/11719/3186 5226/11720/3186
f 5169/11658/3187 5137/11626/3187 5105/11594/3187
f 5101/11589/3122 5103/11592/3122 5102/11590/3122
f 5103/11592/3123 5105/11594/3123 5104/11593/3123
f 5105/11594/3124 5107/11596/3124 5106/11595/3124
f 5107/11596/3125 5109/11598/3125 5108/11597/3125
f 5109/11598/3188 5111/11600/3188 5110/11599/3188
f 5111/11600/3127 5113/11602/3127 5112/11601/3127
f 5113/11602/3189 5115/11604/3189 5114/11603/3189
f 5115/11604/3190 5117/11606/3190 5116/11605/3190
f 5117/11606/3191 5119/11608/3191 5118/11607/3191
f 5119/11608/3131 5121/11610/3131 5120/11609/3131
f 5121/11610/3132 5123/11612/3132 5122/11611/3132
f 5123/11612/3192 5125/11614/3192 5124/11613/3192
f 5125/11614/3134 5127/11616/3134 5126/11615/3134
f 5127/11616/3193 5129/11618/3193 5128/11617/3193
f 5129/11618/3136 5131/11620/3136 5130/11619/3136
f 5131/11620/3194 5133/11622/3194 5132/11621/3194
f 5133/11622/3195 5135/11624/3195 5134/11623/3195
f 5135/11624/3139 5137/11626/3139 5136/11625/3139
f 5137/11626/3196 5139/11628/3196 5138/11627/3196
f 5139/11628/3141 5141/11630/3141 5140/11629/3141
f 5141/11630/3197 5143/11632/3197 5142/11631/3197
f 5143/11632/3143 5145/11634/3143 5144/11633/3143
f 5145/11634/3144 5147/11636/3144 5146/11635/3144
f 5147/11636/3198 5149/11638/3198 5148/11637/3198
f 5149/11638/3199 5151/11640/3199 5150/11639/3199
f 5151/11640/3200 5153/11642/3200 5152/11641/3200
f 5153/11642/3148 5155/11644/3148 5154/11643/3148
f 5155/11644/3201 5157/11646/3201 5156/11645/3201
f 5157/11646/3150 5159/11648/3150 5158/11647/3150
f 5159/11648/3202 5161/11650/3202 5160/11649/3202
f 5161/11650/3152 5163/11652/3152 5162/11651/3152
f 5163/11652/3153 5165/11654/3153 5164/11653/3153
f 5165/11654/3154 5167/11656/3154 5166/11655/3154
f 5167/11656/3155 5169/11658/3155 5168/11657/3155
f 5169/11658/3156 5171/11660/3156 5170/11659/3156
f 5171/11660/3157 5173/11662/3157 5172/11661/3157
f 5173/11662/3203 5175/11664/3203 5174/11663/3203
f 5175/11664/3159 5177/11666/3159 5176/11665/3159
f 5177/11666/3204 5179/11668/3204 5178/11667/3204
f 5179/11668/3205 5181/11670/3205 5180/11669/3205
f 5181/11670/3206 5183/11672/3206 5182/11671/3206
f 5183/11672/3163 5185/11674/3163 5184/11673/3163
f 5185/11674/3164 5187/11676/3164 5186/11675/3164
f 5187/11676/3207 5189/11678/3207 5188/11677/3207
f 5189/11678/3166 5191/11680/3166 5190/11679/3166
f 5191/11680/3208 5193/11682/3208 5192/11681/3208
f 5193/11682/3168 5195/11684/3168 5194/11683/3168
f 5195/11684/3209 5197/11686/3209 5196/11685/3209
f 5197/11686/3210 5199/11688/3210 5198/11687/3210
f 5199/11688/3171 5201/11690/3171 5200/11689/3171
f 5201/11690/3211 5203/11692/3211 5202/11691/3211
f 5203/11692/3173 5205/11694/3173 5204/11693/3173
f 5205/11694/3212 5207/11696/3212 5206/11695/3212
f 5207/11696/3175 5209/11698/3175 5208/11697/3175
f 5209/11698/3176 5211/11700/3176 5210/11699/3176
f 5211/11700/3213 5213/11702/3213 5212/11701/3213
f 5213/11702/3214 5215/11704/3214 5214/11703/3214
f 5215/11704/3215 5217/11706/3215 5216/11705/3215
f 5217/11706/3180 5219/11708/3180 5218/11707/3180
f 5219/11708/3216 5221/11710/3216 5220/11709/3216
f 5221/11710/3182 5223/11712/3182 5222/11711/3182
f 5223/11712/3183 5225/11714/3183 5224/11713/3183
f 5225/11714/3184 5227/11716/3184 5226/11715/3184
f 5227/11716/3185 5101/11721/3185 5100/11717/3185
f 5226/11720/3186 5100/11722/3186 5102/11723/3186
f 5102/11723/3186 5104/11724/3186 5226/11720/3186
f 5104/11724/3186 5106/11725/3186 5226/11720/3186
f 5106/11725/3186 5108/11726/3186 5110/11727/3186
f 5110/11727/3217 5112/11728/3217 5114/11729/3217
f 5114/11729/3186 5116/11730/3186 5122/11731/3186
f 5116/11730/3186 5118/11732/3186 5122/11731/3186
f 5118/11732/3217 5120/11733/3217 5122/11731/3217
f 5122/11731/3217 5124/11734/3217 5126/11735/3217
f 5126/11735/3218 5128/11736/3218 5122/11731/3218
f 5128/11736/3186 5130/11737/3186 5122/11731/3186
f 5130/11737/3186 5132/11738/3186 5134/11739/3186
f 5134/11739/3186 5136/11740/3186 5130/11737/3186
f 5136/11740/3186 5138/11741/3186 5130/11737/3186
f 5138/11741/3186 5140/11742/3186 5142/11743/3186
f 5142/11743/3217 5144/11744/3217 5146/11745/3217
f 5146/11745/3186 5148/11746/3186 5154/11747/3186
f 5148/11746/3186 5150/11748/3186 5154/11747/3186
f 5150/11748/3186 5152/11749/3186 5154/11747/3186
f 5154/11747/3186 5156/11750/3186 5158/11751/3186
f 5158/11751/3186 5160/11752/3186 5154/11747/3186
f 5160/11752/3186 5162/11718/3186 5154/11747/3186
f 5162/11718/3186 5164/11753/3186 5166/11754/3186
f 5166/11754/3186 5168/11755/3186 5162/11718/3186
f 5168/11755/3186 5170/11756/3186 5162/11718/3186
f 5170/11756/3186 5172/11757/3186 5174/11758/3186
f 5174/11758/3186 5176/11759/3186 5178/11760/3186
f 5178/11760/3186 5180/11761/3186 5186/11762/3186
f 5180/11761/3186 5182/11763/3186 5186/11762/3186
f 5182/11763/3218 5184/11764/3218 5186/11762/3218
f 5186/11762/3218 5188/11765/3218 5190/11766/3218
f 5190/11766/3217 5192/11767/3217 5186/11762/3217
f 5192/11767/3186 5194/11719/3186 5186/11762/3186
f 5194/11719/3186 5196/11768/3186 5198/11769/3186
f 5198/11769/3186 5200/11770/3186 5194/11719/3186
f 5200/11770/3186 5202/11771/3186 5194/11719/3186
f 5202/11771/3186 5204/11772/3186 5206/11773/3186
f 5206/11773/3218 5208/11774/3218 5210/11775/3218
f 5210/11775/3186 5212/11776/3186 5218/11777/3186
f 5212/11776/3186 5214/11778/3186 5218/11777/3186
f 5214/11778/3218 5216/11779/3218 5218/11777/3218
f 5218/11777/3186 5220/11780/3186 5222/11781/3186
f 5222/11781/3186 5224/11782/3186 5218/11777/3186
f 5224/11782/3186 5226/11720/3186 5218/11777/3186
f 5106/11725/3186 5110/11727/3186 5226/11720/3186
f 5110/11727/3186 5114/11729/3186 5226/11720/3186
f 5138/11741/3186 5142/11743/3186 5130/11737/3186
f 5142/11743/3186 5146/11745/3186 5130/11737/3186
f 5170/11756/3186 5174/11758/3186 5162/11718/3186
f 5174/11758/3186 5178/11760/3186 5162/11718/3186
f 5202/11771/3186 5206/11773/3186 5194/11719/3186
f 5206/11773/3186 5210/11775/3186 5194/11719/3186
f 5114/11729/3186 5122/11731/3186 5226/11720/3186
f 5122/11731/3186 5130/11737/3186 5226/11720/3186
f 5146/11745/3186 5154/11747/3186 5130/11737/3186
f 5154/11747/3186 5162/11718/3186 5130/11737/3186
f 5178/11760/3186 5186/11762/3186 5162/11718/3186
f 5186/11762/3186 5194/11719/3186 5162/11718/3186
f 5210/11775/3186 5218/11777/3186 5194/11719/3186
f 5218/11777/3186 5226/11720/3186 5194/11719/3186
f 5226/11720/3186 5130/11737/3186 5162/11718/3186
f 5105/11594/3219 5103/11592/3219 5101/11721/3219
f 5101/11721/3187 5227/11716/3187 5225/11714/3187
f 5225/11714/3220 5223/11712/3220 5221/11710/3220
f 5221/11710/3221 5219/11708/3221 5225/11714/3221
f 5219/11708/3222 5217/11706/3222 5225/11714/3222
f 5217/11706/3187 5215/11704/3187 5213/11702/3187
f 5213/11702/3223 5211/11700/3223 5209/11698/3223
f 5209/11698/3187 5207/11696/3187 5201/11690/3187
f 5207/11696/3224 5205/11694/3224 5201/11690/3224
f 5205/11694/3187 5203/11692/3187 5201/11690/3187
f 5201/11690/3225 5199/11688/3225 5197/11686/3225
f 5197/11686/3225 5195/11684/3225 5193/11682/3225
f 5193/11682/3187 5191/11680/3187 5189/11678/3187
f 5189/11678/3224 5187/11676/3224 5193/11682/3224
f 5187/11676/3226 5185/11674/3226 5193/11682/3226
f 5185/11674/3227 5183/11672/3227 5181/11670/3227
f 5181/11670/3187 5179/11668/3187 5177/11666/3187
f 5177/11666/3219 5175/11664/3219 5169/11658/3219
f 5175/11664/3228 5173/11662/3228 5169/11658/3228
f 5173/11662/3229 5171/11660/3229 5169/11658/3229
f 5169/11658/3228 5167/11656/3228 5165/11654/3228
f 5165/11654/3219 5163/11652/3219 5161/11650/3219
f 5161/11650/3187 5159/11648/3187 5157/11646/3187
f 5157/11646/3187 5155/11644/3187 5161/11650/3187
f 5155/11644/3187 5153/11642/3187 5161/11650/3187
f 5153/11642/3230 5151/11640/3230 5149/11638/3230
f 5149/11638/3187 5147/11636/3187 5145/11634/3187
f 5145/11634/3187 5143/11632/3187 5137/11626/3187
f 5143/11632/3226 5141/11630/3226 5137/11626/3226
f 5141/11630/3187 5139/11628/3187 5137/11626/3187
f 5137/11626/3223 5135/11624/3223 5133/11622/3223
f 5133/11622/3223 5131/11620/3223 5129/11618/3223
f 5129/11618/3223 5127/11616/3223 5125/11614/3223
f 5125/11614/3187 5123/11612/3187 5129/11618/3187
f 5123/11612/3224 5121/11610/3224 5129/11618/3224
f 5121/11610/3231 5119/11608/3231 5117/11606/3231
f 5117/11606/3187 5115/11604/3187 5113/11602/3187
f 5113/11602/3228 5111/11600/3228 5105/11594/3228
f 5111/11600/3219 5109/11598/3219 5105/11594/3219
f 5109/11598/3187 5107/11596/3187 5105/11594/3187
f 5105/11594/3187 5101/11721/3187 5225/11714/3187
f 5217/11706/3229 5213/11702/3229 5209/11698/3229
f 5201/11690/3187 5197/11686/3187 5193/11682/3187
f 5185/11674/3219 5181/11670/3219 5177/11666/3219
f 5169/11658/3187 5165/11654/3187 5161/11650/3187
f 5153/11642/3187 5149/11638/3187 5145/11634/3187
f 5137/11626/3187 5133/11622/3187 5129/11618/3187
f 5121/11610/3228 5117/11606/3228 5113/11602/3228
f 5105/11594/3187 5225/11714/3187 5201/11690/3187
f 5225/11714/3187 5217/11706/3187 5201/11690/3187
f 5217/11706/3219 5209/11698/3219 5201/11690/3219
f 5201/11690/3187 5193/11682/3187 5169/11658/3187
f 5193/11682/3187 5185/11674/3187 5169/11658/3187
f 5185/11674/3187 5177/11666/3187 5169/11658/3187
f 5169/11658/3187 5161/11650/3187 5137/11626/3187
f 5161/11650/3187 5153/11642/3187 5137/11626/3187
f 5153/11642/3219 5145/11634/3219 5137/11626/3219
f 5137/11626/3187 5129/11618/3187 5105/11594/3187
f 5129/11618/3187 5121/11610/3187 5105/11594/3187
f 5121/11610/3187 5113/11602/3187 5105/11594/3187
f 5105/11594/3187 5201/11690/3187 5169/11658/3187
o Cube.010_Cube.005
v -0.774060 3.394602 15.713403
v -0.774060 6.000552 15.713403
v 0.125577 3.394602 15.713404
v 0.125577 6.000552 15.713404
v -0.774060 3.394602 16.266901
v -0.774060 6.000552 16.266901
v 0.125577 3.394602 16.266901
v 0.125577 6.000552 16.266901
vt 0.625000 0.000000
vt 0.375000 0.250000
vt 0.375000 0.000000
vt 0.625000 0.250000
vt 0.375000 0.500000
vt 0.625000 0.500000
vt 0.375000 0.750000
vt 0.625000 0.750000
vt 0.375000 1.000000
vt 0.125000 0.750000
vt 0.125000 0.500000
vt 0.875000 0.500000
vt 0.625000 1.000000
vt 0.875000 0.750000
vn 0.0000 0.0000 -1.0000
vn 1.0000 0.0000 0.0000
vn 0.0000 0.0000 1.0000
vn -1.0000 0.0000 -0.0000
vn 0.0000 -1.0000 0.0000
vn 0.0000 1.0000 0.0000
s off
f 5229/11783/3232 5230/11784/3232 5228/11785/3232
f 5231/11786/3233 5234/11787/3233 5230/11784/3233
f 5235/11788/3234 5232/11789/3234 5234/11787/3234
f 5233/11790/3235 5228/11791/3235 5232/11789/3235
f 5234/11787/3236 5228/11792/3236 5230/11793/3236
f 5231/11794/3237 5233/11790/3237 5235/11788/3237
f 5229/11783/3232 5231/11786/3232 5230/11784/3232
f 5231/11786/3233 5235/11788/3233 5234/11787/3233
f 5235/11788/3234 5233/11790/3234 5232/11789/3234
f 5233/11790/3235 5229/11795/3235 5228/11791/3235
f 5234/11787/3236 5232/11789/3236 5228/11792/3236
f 5231/11794/3237 5229/11796/3237 5233/11790/3237
o Cylinder.006
v 0.568344 0.576043 -14.682126
v 0.568344 6.448308 -14.682126
v 0.568984 0.576043 -14.695165
v 0.568984 6.448308 -14.695165
v 0.570900 0.576043 -14.708077
v 0.570900 6.448308 -14.708077
v 0.574072 0.576043 -14.720741
v 0.574072 6.448308 -14.720741
v 0.578470 0.576043 -14.733032
v 0.578470 6.448308 -14.733032
v 0.584051 0.576043 -14.744833
v 0.584051 6.448308 -14.744833
v 0.590762 0.576043 -14.756030
v 0.590762 6.448308 -14.756030
v 0.598539 0.576043 -14.766516
v 0.598539 6.448308 -14.766516
v 0.607306 0.576043 -14.776189
v 0.607306 6.448308 -14.776189
v 0.616978 0.576043 -14.784955
v 0.616978 6.448308 -14.784955
v 0.627464 0.576043 -14.792731
v 0.627464 6.448308 -14.792731
v 0.638661 0.576043 -14.799443
v 0.638661 6.448308 -14.799443
v 0.650462 0.576043 -14.805024
v 0.650462 6.448308 -14.805024
v 0.662753 0.576043 -14.809422
v 0.662753 6.448308 -14.809422
v 0.675416 0.576043 -14.812594
v 0.675416 6.448308 -14.812594
v 0.688329 0.576043 -14.814509
v 0.688329 6.448308 -14.814509
v 0.701368 0.576043 -14.815150
v 0.701368 6.448308 -14.815150
v 0.714407 0.576043 -14.814509
v 0.714407 6.448308 -14.814509
v 0.727320 0.576043 -14.812594
v 0.727320 6.448308 -14.812594
v 0.739983 0.576043 -14.809422
v 0.739983 6.448308 -14.809422
v 0.752274 0.576043 -14.805024
v 0.752274 6.448308 -14.805024
v 0.764075 0.576043 -14.799443
v 0.764075 6.448308 -14.799443
v 0.775272 0.576043 -14.792731
v 0.775272 6.448308 -14.792731
v 0.785758 0.576043 -14.784955
v 0.785758 6.448308 -14.784955
v 0.795430 0.576043 -14.776188
v 0.795430 6.448308 -14.776188
v 0.804197 0.576043 -14.766516
v 0.804197 6.448308 -14.766516
v 0.811974 0.576043 -14.756030
v 0.811974 6.448308 -14.756030
v 0.818685 0.576043 -14.744833
v 0.818685 6.448308 -14.744833
v 0.824266 0.576043 -14.733032
v 0.824266 6.448308 -14.733032
v 0.828664 0.576043 -14.720741
v 0.828664 6.448308 -14.720741
v 0.831836 0.576043 -14.708077
v 0.831836 6.448308 -14.708077
v 0.833752 0.576043 -14.695165
v 0.833752 6.448308 -14.695165
v 0.834392 0.576043 -14.682126
v 0.834392 6.448308 -14.682126
v 0.833752 0.576043 -14.669087
v 0.833752 6.448308 -14.669087
v 0.831836 0.576043 -14.656175
v 0.831836 6.448308 -14.656175
v 0.828664 0.576043 -14.643511
v 0.828664 6.448308 -14.643511
v 0.824266 0.576043 -14.631220
v 0.824266 6.448308 -14.631220
v 0.818685 0.576043 -14.619419
v 0.818685 6.448308 -14.619419
v 0.811974 0.576043 -14.608222
v 0.811974 6.448308 -14.608222
v 0.804197 0.576043 -14.597736
v 0.804197 6.448308 -14.597736
v 0.795430 0.576043 -14.588063
v 0.795430 6.448308 -14.588063
v 0.785758 0.576043 -14.579297
v 0.785758 6.448308 -14.579297
v 0.775272 0.576043 -14.571521
v 0.775272 6.448308 -14.571521
v 0.764075 0.576043 -14.564809
v 0.764075 6.448308 -14.564809
v 0.752274 0.576043 -14.559228
v 0.752274 6.448308 -14.559228
v 0.739983 0.576043 -14.554830
v 0.739983 6.448308 -14.554830
v 0.727320 0.576043 -14.551658
v 0.727320 6.448308 -14.551658
v 0.714407 0.576043 -14.549743
v 0.714407 6.448308 -14.549743
v 0.701368 0.576043 -14.549102
v 0.701368 6.448308 -14.549102
v 0.688329 0.576043 -14.549743
v 0.688329 6.448308 -14.549743
v 0.675416 0.576043 -14.551658
v 0.675416 6.448308 -14.551658
v 0.662753 0.576043 -14.554830
v 0.662753 6.448308 -14.554830
v 0.650462 0.576043 -14.559228
v 0.650462 6.448308 -14.559228
v 0.638661 0.576043 -14.564809
v 0.638661 6.448308 -14.564809
v 0.627464 0.576043 -14.571521
v 0.627464 6.448308 -14.571521
v 0.616978 0.576043 -14.579297
v 0.616978 6.448308 -14.579297
v 0.607306 0.576043 -14.588064
v 0.607306 6.448308 -14.588064
v 0.598539 0.576043 -14.597736
v 0.598539 6.448308 -14.597736
v 0.590762 0.576043 -14.608222
v 0.590762 6.448308 -14.608222
v 0.584051 0.576043 -14.619419
v 0.584051 6.448308 -14.619419
v 0.578470 0.576043 -14.631220
v 0.578470 6.448308 -14.631220
v 0.574072 0.576043 -14.643511
v 0.574072 6.448308 -14.643511
v 0.570900 0.576043 -14.656175
v 0.570900 6.448308 -14.656175
v 0.568984 0.576043 -14.669087
v 0.568984 6.448308 -14.669087
vt 1.000000 1.000000
vt 0.984375 0.500000
vt 1.000000 0.500000
vt 0.984375 1.000000
vt 0.968750 0.500000
vt 0.968750 1.000000
vt 0.953125 0.500000
vt 0.953125 1.000000
vt 0.937500 0.500000
vt 0.937500 1.000000
vt 0.921875 0.500000
vt 0.921875 1.000000
vt 0.906250 0.500000
vt 0.906250 1.000000
vt 0.890625 0.500000
vt 0.890625 1.000000
vt 0.875000 0.500000
vt 0.875000 1.000000
vt 0.859375 0.500000
vt 0.859375 1.000000
vt 0.843750 0.500000
vt 0.843750 1.000000
vt 0.828125 0.500000
vt 0.828125 1.000000
vt 0.812500 0.500000
vt 0.812500 1.000000
vt 0.796875 0.500000
vt 0.796875 1.000000
vt 0.781250 0.500000
vt 0.781250 1.000000
vt 0.765625 0.500000
vt 0.765625 1.000000
vt 0.750000 0.500000
vt 0.750000 1.000000
vt 0.734375 0.500000
vt 0.734375 1.000000
vt 0.718750 0.500000
vt 0.718750 1.000000
vt 0.703125 0.500000
vt 0.703125 1.000000
vt 0.687500 0.500000
vt 0.687500 1.000000
vt 0.671875 0.500000
vt 0.671875 1.000000
vt 0.656250 0.500000
vt 0.656250 1.000000
vt 0.640625 0.500000
vt 0.640625 1.000000
vt 0.625000 0.500000
vt 0.625000 1.000000
vt 0.609375 0.500000
vt 0.609375 1.000000
vt 0.593750 0.500000
vt 0.593750 1.000000
vt 0.578125 0.500000
vt 0.578125 1.000000
vt 0.562500 0.500000
vt 0.562500 1.000000
vt 0.546875 0.500000
vt 0.546875 1.000000
vt 0.531250 0.500000
vt 0.531250 1.000000
vt 0.515625 0.500000
vt 0.515625 1.000000
vt 0.500000 0.500000
vt 0.500000 1.000000
vt 0.484375 0.500000
vt 0.484375 1.000000
vt 0.468750 0.500000
vt 0.468750 1.000000
vt 0.453125 0.500000
vt 0.453125 1.000000
vt 0.437500 0.500000
vt 0.437500 1.000000
vt 0.421875 0.500000
vt 0.421875 1.000000
vt 0.406250 0.500000
vt 0.406250 1.000000
vt 0.390625 0.500000
vt 0.390625 1.000000
vt 0.375000 0.500000
vt 0.375000 1.000000
vt 0.359375 0.500000
vt 0.359375 1.000000
vt 0.343750 0.500000
vt 0.343750 1.000000
vt 0.328125 0.500000
vt 0.328125 1.000000
vt 0.312500 0.500000
vt 0.312500 1.000000
vt 0.296875 0.500000
vt 0.296875 1.000000
vt 0.281250 0.500000
vt 0.281250 1.000000
vt 0.265625 0.500000
vt 0.265625 1.000000
vt 0.250000 0.500000
vt 0.250000 1.000000
vt 0.234375 0.500000
vt 0.234375 1.000000
vt 0.218750 0.500000
vt 0.218750 1.000000
vt 0.203125 0.500000
vt 0.203125 1.000000
vt 0.187500 0.500000
vt 0.187500 1.000000
vt 0.171875 0.500000
vt 0.171875 1.000000
vt 0.156250 0.500000
vt 0.156250 1.000000
vt 0.140625 0.500000
vt 0.140625 1.000000
vt 0.125000 0.500000
vt 0.125000 1.000000
vt 0.109375 0.500000
vt 0.109375 1.000000
vt 0.093750 0.500000
vt 0.093750 1.000000
vt 0.078125 0.500000
vt 0.078125 1.000000
vt 0.062500 0.500000
vt 0.062500 1.000000
vt 0.046875 0.500000
vt 0.046875 1.000000
vt 0.031250 0.500000
vt 0.031250 1.000000
vt 0.015625 0.500000
vt 0.015625 1.000000
vt 0.000000 0.500000
vt 0.773524 0.011156
vt 0.511156 0.226476
vt 0.726476 0.488844
vt 0.000000 1.000000
vt 0.750000 0.490000
vt 0.773524 0.488844
vt 0.796822 0.485388
vt 0.819668 0.479666
vt 0.841844 0.471731
vt 0.863135 0.461661
vt 0.883337 0.449553
vt 0.902254 0.435522
vt 0.919706 0.419706
vt 0.961661 0.363135
vt 0.935522 0.402254
vt 0.949553 0.383337
vt 0.971731 0.341844
vt 0.979666 0.319668
vt 0.985388 0.296822
vt 0.988844 0.273524
vt 0.990000 0.250000
vt 0.988844 0.226476
vt 0.985388 0.203178
vt 0.979666 0.180332
vt 0.971731 0.158156
vt 0.961661 0.136865
vt 0.949553 0.116663
vt 0.935522 0.097746
vt 0.919706 0.080294
vt 0.863135 0.038339
vt 0.902254 0.064478
vt 0.883337 0.050447
vt 0.841844 0.028269
vt 0.819668 0.020334
vt 0.796822 0.014612
vt 0.750000 0.010000
vt 0.726476 0.011156
vt 0.703178 0.014612
vt 0.680332 0.020334
vt 0.658156 0.028269
vt 0.636865 0.038339
vt 0.616663 0.050447
vt 0.597746 0.064478
vt 0.580294 0.080294
vt 0.538339 0.136865
vt 0.564478 0.097746
vt 0.550447 0.116663
vt 0.528269 0.158156
vt 0.520334 0.180332
vt 0.514612 0.203178
vt 0.510000 0.250000
vt 0.511156 0.273524
vt 0.514612 0.296822
vt 0.520334 0.319668
vt 0.528269 0.341844
vt 0.538339 0.363135
vt 0.550447 0.383337
vt 0.564478 0.402254
vt 0.580294 0.419706
vt 0.636865 0.461661
vt 0.597746 0.435522
vt 0.616663 0.449553
vt 0.658156 0.471731
vt 0.680332 0.479666
vt 0.703178 0.485388
vn -0.9988 0.0000 -0.0491
vn -0.9892 0.0000 -0.1467
vn -0.9700 0.0000 -0.2430
vn -0.9415 0.0000 -0.3369
vn -0.9040 0.0000 -0.4275
vn -0.8577 0.0000 -0.5141
vn -0.8032 0.0000 -0.5957
vn -0.7410 0.0000 -0.6715
vn -0.6716 0.0000 -0.7409
vn -0.5956 0.0000 -0.8033
vn -0.5141 0.0000 -0.8577
vn -0.4276 0.0000 -0.9040
vn -0.3368 0.0000 -0.9416
vn -0.2430 0.0000 -0.9700
vn -0.1467 0.0000 -0.9892
vn -0.0492 0.0000 -0.9988
vn 0.0492 0.0000 -0.9988
vn 0.1467 0.0000 -0.9892
vn 0.2428 0.0000 -0.9701
vn 0.3370 0.0000 -0.9415
vn 0.4276 0.0000 -0.9040
vn 0.5141 0.0000 -0.8577
vn 0.5957 0.0000 -0.8032
vn 0.6717 0.0000 -0.7408
vn 0.7410 0.0000 -0.6715
vn 0.8033 0.0000 -0.5956
vn 0.8577 0.0000 -0.5141
vn 0.9040 0.0000 -0.4276
vn 0.9415 0.0000 -0.3369
vn 0.9700 0.0000 -0.2429
vn 0.9892 0.0000 -0.1467
vn 0.9988 0.0000 -0.0491
vn 0.9988 0.0000 0.0491
vn 0.9892 0.0000 0.1467
vn 0.9700 0.0000 0.2430
vn 0.9415 0.0000 0.3369
vn 0.9040 0.0000 0.4276
vn 0.8577 0.0000 0.5142
vn 0.8032 0.0000 0.5957
vn 0.7410 0.0000 0.6715
vn 0.6716 0.0000 0.7409
vn 0.5957 0.0000 0.8032
vn 0.5141 0.0000 0.8577
vn 0.4274 0.0000 0.9041
vn 0.3370 0.0000 0.9415
vn 0.2428 0.0000 0.9701
vn 0.1467 0.0000 0.9892
vn 0.0492 0.0000 0.9988
vn -0.0490 0.0000 0.9988
vn -0.1467 0.0000 0.9892
vn -0.2430 0.0000 0.9700
vn -0.3370 0.0000 0.9415
vn -0.4276 0.0000 0.9040
vn -0.5141 0.0000 0.8577
vn -0.5957 0.0000 0.8032
vn -0.6716 0.0000 0.7409
vn -0.7409 0.0000 0.6716
vn -0.8033 0.0000 0.5956
vn -0.8578 0.0000 0.5140
vn -0.9040 0.0000 0.4275
vn -0.9415 0.0000 0.3369
vn -0.9700 0.0000 0.2429
vn -0.9892 0.0000 0.1467
vn -0.9988 0.0000 0.0491
vn 0.0000 -1.0000 0.0000
vn 0.0000 1.0000 0.0000
vn -0.9040 0.0000 -0.4276
vn -0.8033 0.0000 -0.5956
vn -0.7409 0.0000 -0.6716
vn -0.5957 0.0000 -0.8032
vn -0.3370 0.0000 -0.9415
vn -0.2428 0.0000 -0.9701
vn 0.2430 0.0000 -0.9700
vn 0.3368 0.0000 -0.9416
vn 0.5956 0.0000 -0.8033
vn 0.6715 0.0000 -0.7410
vn 0.7409 0.0000 -0.6716
vn 0.8032 0.0000 -0.5957
vn 0.9040 0.0000 -0.4275
vn 0.9700 0.0000 -0.2430
vn 0.9040 0.0000 0.4275
vn 0.8578 0.0000 0.5140
vn 0.8033 0.0000 0.5956
vn 0.7409 0.0000 0.6716
vn 0.6715 0.0000 0.7410
vn 0.4276 0.0000 0.9040
vn 0.2430 0.0000 0.9700
vn 0.0490 0.0000 0.9988
vn -0.0492 0.0000 0.9988
vn -0.2428 0.0000 0.9701
vn -0.4274 0.0000 0.9041
vn -0.8032 0.0000 0.5957
vn -0.8577 0.0000 0.5142
vn -0.9040 0.0000 0.4276
vn 0.0000 -1.0000 0.0001
vn 0.0000 -1.0000 -0.0001
vn 0.0000 1.0000 0.0001
vn 0.0000 1.0000 -0.0001
vn 0.0000 1.0000 0.0003
vn 0.0000 1.0000 -0.0004
vn 0.0000 1.0000 0.0006
vn 0.0000 1.0000 0.0009
vn 0.0000 1.0000 -0.0006
vn 0.0000 1.0000 0.0004
vn 0.0000 1.0000 -0.0003
vn 0.0000 1.0000 -0.0009
s off
f 5237/11797/3238 5238/11798/3238 5236/11799/3238
f 5239/11800/3239 5240/11801/3239 5238/11798/3239
f 5241/11802/3240 5242/11803/3240 5240/11801/3240
f 5243/11804/3241 5244/11805/3241 5242/11803/3241
f 5245/11806/3242 5246/11807/3242 5244/11805/3242
f 5247/11808/3243 5248/11809/3243 5246/11807/3243
f 5249/11810/3244 5250/11811/3244 5248/11809/3244
f 5251/11812/3245 5252/11813/3245 5250/11811/3245
f 5253/11814/3246 5254/11815/3246 5252/11813/3246
f 5255/11816/3247 5256/11817/3247 5254/11815/3247
f 5257/11818/3248 5258/11819/3248 5256/11817/3248
f 5259/11820/3249 5260/11821/3249 5258/11819/3249
f 5261/11822/3250 5262/11823/3250 5260/11821/3250
f 5263/11824/3251 5264/11825/3251 5262/11823/3251
f 5265/11826/3252 5266/11827/3252 5264/11825/3252
f 5267/11828/3253 5268/11829/3253 5266/11827/3253
f 5269/11830/3254 5270/11831/3254 5268/11829/3254
f 5271/11832/3255 5272/11833/3255 5270/11831/3255
f 5273/11834/3256 5274/11835/3256 5272/11833/3256
f 5275/11836/3257 5276/11837/3257 5274/11835/3257
f 5277/11838/3258 5278/11839/3258 5276/11837/3258
f 5279/11840/3259 5280/11841/3259 5278/11839/3259
f 5281/11842/3260 5282/11843/3260 5280/11841/3260
f 5283/11844/3261 5284/11845/3261 5282/11843/3261
f 5285/11846/3262 5286/11847/3262 5284/11845/3262
f 5287/11848/3263 5288/11849/3263 5286/11847/3263
f 5289/11850/3264 5290/11851/3264 5288/11849/3264
f 5291/11852/3265 5292/11853/3265 5290/11851/3265
f 5293/11854/3266 5294/11855/3266 5292/11853/3266
f 5295/11856/3267 5296/11857/3267 5294/11855/3267
f 5297/11858/3268 5298/11859/3268 5296/11857/3268
f 5299/11860/3269 5300/11861/3269 5298/11859/3269
f 5301/11862/3270 5302/11863/3270 5300/11861/3270
f 5303/11864/3271 5304/11865/3271 5302/11863/3271
f 5305/11866/3272 5306/11867/3272 5304/11865/3272
f 5307/11868/3273 5308/11869/3273 5306/11867/3273
f 5309/11870/3274 5310/11871/3274 5308/11869/3274
f 5311/11872/3275 5312/11873/3275 5310/11871/3275
f 5313/11874/3276 5314/11875/3276 5312/11873/3276
f 5315/11876/3277 5316/11877/3277 5314/11875/3277
f 5317/11878/3278 5318/11879/3278 5316/11877/3278
f 5319/11880/3279 5320/11881/3279 5318/11879/3279
f 5321/11882/3280 5322/11883/3280 5320/11881/3280
f 5323/11884/3281 5324/11885/3281 5322/11883/3281
f 5325/11886/3282 5326/11887/3282 5324/11885/3282
f 5327/11888/3283 5328/11889/3283 5326/11887/3283
f 5329/11890/3284 5330/11891/3284 5328/11889/3284
f 5331/11892/3285 5332/11893/3285 5330/11891/3285
f 5333/11894/3286 5334/11895/3286 5332/11893/3286
f 5335/11896/3287 5336/11897/3287 5334/11895/3287
f 5337/11898/3288 5338/11899/3288 5336/11897/3288
f 5339/11900/3289 5340/11901/3289 5338/11899/3289
f 5341/11902/3290 5342/11903/3290 5340/11901/3290
f 5343/11904/3291 5344/11905/3291 5342/11903/3291
f 5345/11906/3292 5346/11907/3292 5344/11905/3292
f 5347/11908/3293 5348/11909/3293 5346/11907/3293
f 5349/11910/3294 5350/11911/3294 5348/11909/3294
f 5351/11912/3295 5352/11913/3295 5350/11911/3295
f 5353/11914/3296 5354/11915/3296 5352/11913/3296
f 5355/11916/3297 5356/11917/3297 5354/11915/3297
f 5357/11918/3298 5358/11919/3298 5356/11917/3298
f 5359/11920/3299 5360/11921/3299 5358/11919/3299
f 5361/11922/3300 5362/11923/3300 5360/11921/3300
f 5363/11924/3301 5236/11925/3301 5362/11923/3301
f 5298/11926/3302 5330/11927/3302 5362/11928/3302
f 5305/11866/3303 5273/11834/3303 5241/11802/3303
f 5237/11797/3238 5239/11800/3238 5238/11798/3238
f 5239/11800/3239 5241/11802/3239 5240/11801/3239
f 5241/11802/3240 5243/11804/3240 5242/11803/3240
f 5243/11804/3241 5245/11806/3241 5244/11805/3241
f 5245/11806/3304 5247/11808/3304 5246/11807/3304
f 5247/11808/3243 5249/11810/3243 5248/11809/3243
f 5249/11810/3305 5251/11812/3305 5250/11811/3305
f 5251/11812/3306 5253/11814/3306 5252/11813/3306
f 5253/11814/3246 5255/11816/3246 5254/11815/3246
f 5255/11816/3307 5257/11818/3307 5256/11817/3307
f 5257/11818/3248 5259/11820/3248 5258/11819/3248
f 5259/11820/3249 5261/11822/3249 5260/11821/3249
f 5261/11822/3308 5263/11824/3308 5262/11823/3308
f 5263/11824/3309 5265/11826/3309 5264/11825/3309
f 5265/11826/3252 5267/11828/3252 5266/11827/3252
f 5267/11828/3253 5269/11830/3253 5268/11829/3253
f 5269/11830/3254 5271/11832/3254 5270/11831/3254
f 5271/11832/3255 5273/11834/3255 5272/11833/3255
f 5273/11834/3310 5275/11836/3310 5274/11835/3310
f 5275/11836/3311 5277/11838/3311 5276/11837/3311
f 5277/11838/3258 5279/11840/3258 5278/11839/3258
f 5279/11840/3259 5281/11842/3259 5280/11841/3259
f 5281/11842/3312 5283/11844/3312 5282/11843/3312
f 5283/11844/3313 5285/11846/3313 5284/11845/3313
f 5285/11846/3314 5287/11848/3314 5286/11847/3314
f 5287/11848/3315 5289/11850/3315 5288/11849/3315
f 5289/11850/3264 5291/11852/3264 5290/11851/3264
f 5291/11852/3316 5293/11854/3316 5292/11853/3316
f 5293/11854/3266 5295/11856/3266 5294/11855/3266
f 5295/11856/3317 5297/11858/3317 5296/11857/3317
f 5297/11858/3268 5299/11860/3268 5298/11859/3268
f 5299/11860/3269 5301/11862/3269 5300/11861/3269
f 5301/11862/3270 5303/11864/3270 5302/11863/3270
f 5303/11864/3271 5305/11866/3271 5304/11865/3271
f 5305/11866/3272 5307/11868/3272 5306/11867/3272
f 5307/11868/3273 5309/11870/3273 5308/11869/3273
f 5309/11870/3318 5311/11872/3318 5310/11871/3318
f 5311/11872/3319 5313/11874/3319 5312/11873/3319
f 5313/11874/3320 5315/11876/3320 5314/11875/3320
f 5315/11876/3321 5317/11878/3321 5316/11877/3321
f 5317/11878/3322 5319/11880/3322 5318/11879/3322
f 5319/11880/3279 5321/11882/3279 5320/11881/3279
f 5321/11882/3280 5323/11884/3280 5322/11883/3280
f 5323/11884/3323 5325/11886/3323 5324/11885/3323
f 5325/11886/3282 5327/11888/3282 5326/11887/3282
f 5327/11888/3324 5329/11890/3324 5328/11889/3324
f 5329/11890/3284 5331/11892/3284 5330/11891/3284
f 5331/11892/3325 5333/11894/3325 5332/11893/3325
f 5333/11894/3326 5335/11896/3326 5334/11895/3326
f 5335/11896/3287 5337/11898/3287 5336/11897/3287
f 5337/11898/3327 5339/11900/3327 5338/11899/3327
f 5339/11900/3289 5341/11902/3289 5340/11901/3289
f 5341/11902/3328 5343/11904/3328 5342/11903/3328
f 5343/11904/3291 5345/11906/3291 5344/11905/3291
f 5345/11906/3292 5347/11908/3292 5346/11907/3292
f 5347/11908/3293 5349/11910/3293 5348/11909/3293
f 5349/11910/3294 5351/11912/3294 5350/11911/3294
f 5351/11912/3329 5353/11914/3329 5352/11913/3329
f 5353/11914/3330 5355/11916/3330 5354/11915/3330
f 5355/11916/3331 5357/11918/3331 5356/11917/3331
f 5357/11918/3298 5359/11920/3298 5358/11919/3298
f 5359/11920/3299 5361/11922/3299 5360/11921/3299
f 5361/11922/3300 5363/11924/3300 5362/11923/3300
f 5363/11924/3301 5237/11929/3301 5236/11925/3301
f 5362/11928/3302 5236/11930/3302 5238/11931/3302
f 5238/11931/3302 5240/11932/3302 5362/11928/3302
f 5240/11932/3302 5242/11933/3302 5362/11928/3302
f 5242/11933/3302 5244/11934/3302 5246/11935/3302
f 5246/11935/3332 5248/11936/3332 5250/11937/3332
f 5250/11937/3302 5252/11938/3302 5258/11939/3302
f 5252/11938/3302 5254/11940/3302 5258/11939/3302
f 5254/11940/3333 5256/11941/3333 5258/11939/3333
f 5258/11939/3333 5260/11942/3333 5262/11943/3333
f 5262/11943/3302 5264/11944/3302 5258/11939/3302
f 5264/11944/3302 5266/11945/3302 5258/11939/3302
f 5266/11945/3302 5268/11946/3302 5270/11947/3302
f 5270/11947/3302 5272/11948/3302 5266/11945/3302
f 5272/11948/3302 5274/11949/3302 5266/11945/3302
f 5274/11949/3333 5276/11950/3333 5278/11951/3333
f 5278/11951/3333 5280/11952/3333 5282/11953/3333
f 5282/11953/3302 5284/11954/3302 5290/11955/3302
f 5284/11954/3302 5286/11956/3302 5290/11955/3302
f 5286/11956/3332 5288/11957/3332 5290/11955/3332
f 5290/11955/3302 5292/11958/3302 5294/11959/3302
f 5294/11959/3302 5296/11960/3302 5290/11955/3302
f 5296/11960/3302 5298/11926/3302 5290/11955/3302
f 5298/11926/3302 5300/11961/3302 5302/11962/3302
f 5302/11962/3302 5304/11963/3302 5298/11926/3302
f 5304/11963/3302 5306/11964/3302 5298/11926/3302
f 5306/11964/3302 5308/11965/3302 5310/11966/3302
f 5310/11966/3333 5312/11967/3333 5314/11968/3333
f 5314/11968/3302 5316/11969/3302 5322/11970/3302
f 5316/11969/3302 5318/11971/3302 5322/11970/3302
f 5318/11971/3332 5320/11972/3332 5322/11970/3332
f 5322/11970/3332 5324/11973/3332 5326/11974/3332
f 5326/11974/3302 5328/11975/3302 5322/11970/3302
f 5328/11975/3302 5330/11927/3302 5322/11970/3302
f 5330/11927/3302 5332/11976/3302 5334/11977/3302
f 5334/11977/3302 5336/11978/3302 5330/11927/3302
f 5336/11978/3302 5338/11979/3302 5330/11927/3302
f 5338/11979/3332 5340/11980/3332 5342/11981/3332
f 5342/11981/3332 5344/11982/3332 5346/11983/3332
f 5346/11983/3302 5348/11984/3302 5354/11985/3302
f 5348/11984/3302 5350/11986/3302 5354/11985/3302
f 5350/11986/3333 5352/11987/3333 5354/11985/3333
f 5354/11985/3302 5356/11988/3302 5358/11989/3302
f 5358/11989/3302 5360/11990/3302 5354/11985/3302
f 5360/11990/3302 5362/11928/3302 5354/11985/3302
f 5242/11933/3302 5246/11935/3302 5362/11928/3302
f 5246/11935/3302 5250/11937/3302 5362/11928/3302
f 5274/11949/3302 5278/11951/3302 5266/11945/3302
f 5278/11951/3302 5282/11953/3302 5266/11945/3302
f 5306/11964/3302 5310/11966/3302 5298/11926/3302
f 5310/11966/3302 5314/11968/3302 5298/11926/3302
f 5338/11979/3302 5342/11981/3302 5330/11927/3302
f 5342/11981/3302 5346/11983/3302 5330/11927/3302
f 5250/11937/3302 5258/11939/3302 5362/11928/3302
f 5258/11939/3302 5266/11945/3302 5362/11928/3302
f 5282/11953/3302 5290/11955/3302 5266/11945/3302
f 5290/11955/3302 5298/11926/3302 5266/11945/3302
f 5314/11968/3302 5322/11970/3302 5298/11926/3302
f 5322/11970/3302 5330/11927/3302 5298/11926/3302
f 5346/11983/3302 5354/11985/3302 5330/11927/3302
f 5354/11985/3302 5362/11928/3302 5330/11927/3302
f 5362/11928/3302 5266/11945/3302 5298/11926/3302
f 5241/11802/3334 5239/11800/3334 5237/11929/3334
f 5237/11929/3335 5363/11924/3335 5361/11922/3335
f 5361/11922/3303 5359/11920/3303 5357/11918/3303
f 5357/11918/3336 5355/11916/3336 5361/11922/3336
f 5355/11916/3303 5353/11914/3303 5361/11922/3303
f 5353/11914/3337 5351/11912/3337 5349/11910/3337
f 5349/11910/3303 5347/11908/3303 5345/11906/3303
f 5345/11906/3303 5343/11904/3303 5337/11898/3303
f 5343/11904/3338 5341/11902/3338 5337/11898/3338
f 5341/11902/3303 5339/11900/3303 5337/11898/3303
f 5337/11898/3339 5335/11896/3339 5333/11894/3339
f 5333/11894/3339 5331/11892/3339 5329/11890/3339
f 5329/11890/3303 5327/11888/3303 5325/11886/3303
f 5325/11886/3340 5323/11884/3340 5329/11890/3340
f 5323/11884/3303 5321/11882/3303 5329/11890/3303
f 5321/11882/3341 5319/11880/3341 5317/11878/3341
f 5317/11878/3337 5315/11876/3337 5313/11874/3337
f 5313/11874/3334 5311/11872/3334 5305/11866/3334
f 5311/11872/3303 5309/11870/3303 5305/11866/3303
f 5309/11870/3303 5307/11868/3303 5305/11866/3303
f 5305/11866/3335 5303/11864/3335 5301/11862/3335
f 5301/11862/3334 5299/11860/3334 5297/11858/3334
f 5297/11858/3303 5295/11856/3303 5293/11854/3303
f 5293/11854/3342 5291/11852/3342 5297/11858/3342
f 5291/11852/3303 5289/11850/3303 5297/11858/3303
f 5289/11850/3341 5287/11848/3341 5285/11846/3341
f 5285/11846/3303 5283/11844/3303 5281/11842/3303
f 5281/11842/3303 5279/11840/3303 5273/11834/3303
f 5279/11840/3340 5277/11838/3340 5273/11834/3340
f 5277/11838/3303 5275/11836/3303 5273/11834/3303
f 5273/11834/3343 5271/11832/3343 5269/11830/3343
f 5269/11830/3343 5267/11828/3343 5265/11826/3343
f 5265/11826/3303 5263/11824/3303 5261/11822/3303
f 5261/11822/3338 5259/11820/3338 5265/11826/3338
f 5259/11820/3303 5257/11818/3303 5265/11826/3303
f 5257/11818/3337 5255/11816/3337 5253/11814/3337
f 5253/11814/3341 5251/11812/3341 5249/11810/3341
f 5249/11810/3335 5247/11808/3335 5241/11802/3335
f 5247/11808/3303 5245/11806/3303 5241/11802/3303
f 5245/11806/3303 5243/11804/3303 5241/11802/3303
f 5241/11802/3303 5237/11929/3303 5361/11922/3303
f 5353/11914/3303 5349/11910/3303 5345/11906/3303
f 5337/11898/3303 5333/11894/3303 5329/11890/3303
f 5321/11882/3335 5317/11878/3335 5313/11874/3335
f 5305/11866/3303 5301/11862/3303 5297/11858/3303
f 5289/11850/3303 5285/11846/3303 5281/11842/3303
f 5273/11834/3303 5269/11830/3303 5265/11826/3303
f 5257/11818/3334 5253/11814/3334 5249/11810/3334
f 5241/11802/3303 5361/11922/3303 5337/11898/3303
f 5361/11922/3303 5353/11914/3303 5337/11898/3303
f 5353/11914/3335 5345/11906/3335 5337/11898/3335
f 5337/11898/3303 5329/11890/3303 5305/11866/3303
f 5329/11890/3303 5321/11882/3303 5305/11866/3303
f 5321/11882/3303 5313/11874/3303 5305/11866/3303
f 5305/11866/3303 5297/11858/3303 5273/11834/3303
f 5297/11858/3303 5289/11850/3303 5273/11834/3303
f 5289/11850/3334 5281/11842/3334 5273/11834/3334
f 5273/11834/3303 5265/11826/3303 5241/11802/3303
f 5265/11826/3303 5257/11818/3303 5241/11802/3303
f 5257/11818/3303 5249/11810/3303 5241/11802/3303
f 5241/11802/3303 5337/11898/3303 5305/11866/3303
o Cube.011_Cube.006
v 1.176419 3.394602 -14.609405
v 1.176419 6.000552 -14.609405
v 0.276782 3.394602 -14.609406
v 0.276782 6.000552 -14.609406
v 1.176419 3.394602 -15.162904
v 1.176419 6.000552 -15.162904
v 0.276782 3.394602 -15.162904
v 0.276782 6.000552 -15.162904
vt 0.625000 0.000000
vt 0.375000 0.250000
vt 0.375000 0.000000
vt 0.625000 0.250000
vt 0.375000 0.500000
vt 0.625000 0.500000
vt 0.375000 0.750000
vt 0.625000 0.750000
vt 0.375000 1.000000
vt 0.125000 0.750000
vt 0.125000 0.500000
vt 0.875000 0.500000
vt 0.625000 1.000000
vt 0.875000 0.750000
vn 0.0000 0.0000 1.0000
vn -1.0000 0.0000 -0.0000
vn 0.0000 0.0000 -1.0000
vn 1.0000 0.0000 0.0000
vn 0.0000 -1.0000 0.0000
vn 0.0000 1.0000 0.0000
s off
f 5365/11991/3344 5366/11992/3344 5364/11993/3344
f 5367/11994/3345 5370/11995/3345 5366/11992/3345
f 5371/11996/3346 5368/11997/3346 5370/11995/3346
f 5369/11998/3347 5364/11999/3347 5368/11997/3347
f 5370/11995/3348 5364/12000/3348 5366/12001/3348
f 5367/12002/3349 5369/11998/3349 5371/11996/3349
f 5365/11991/3344 5367/11994/3344 5366/11992/3344
f 5367/11994/3345 5371/11996/3345 5370/11995/3345
f 5371/11996/3346 5369/11998/3346 5368/11997/3346
f 5369/11998/3347 5365/12003/3347 5364/11999/3347
f 5370/11995/3348 5368/11997/3348 5364/12000/3348
f 5367/12002/3349 5365/12004/3349 5369/11998/3349
